source_id,title,authority,url,evidence_class,source_date,last_recorded_access,review_verification,locator,use
SRC-001,Legacy UKHO-labelled candidate extraction,,,Lead only.,,,Carried forward; URL not reopened in this repository review.,,
SRC-002,"UKHO Annual Summary of Notices to Mariners, NP247",UK Hydrographic Office.,,,,,Carried forward; URL not reopened in this repository review.,,Subsequent implementation and amendment checking.
SRC-003,"IMO Ships’ Routeing, 2025 Edition",International Maritime Organization.,,Primary.,"Fifteenth edition, 2025.",,Carried forward; URL not reopened in this repository review.,,"Part B parent inventory, individual TSS research-entity inventory and Part I mandatory reporting-system inventory."
SRC-004,"Channel VTS, Dover Strait",UK Maritime and Coastguard Agency.,https://www.gov.uk/government/publications/dover-strait-crossings-channel-navigation-information-service/dover-strait-crossings-channel-navigation-information-service-cnis,Primary operating-authority source.,1 February 2024.,30 September 2026.,Carried forward; URL not reopened in this repository review.,,"Current Channel VTS operation, joint Dover/Gris-Nez centres and CALDOVREP service area."
SRC-005,MGN 364 (M+F) Amendment 2,UK Maritime and Coastguard Agency.,https://www.gov.uk/government/publications/mgn-364-mf-amendment-2-navigation-safety-traffic-separation-schemes-application-of-rule-10-and-navigation-in-the-dover-strait/mgn-364-mf-amendment-2-navigation-safety-traffic-separation-schemes-application-of-rule-10-and-navigation-in-the-dover-strait,Primary national navigation guidance.,,30 September 2026.,Carried forward; URL not reopened in this repository review.,,"Direct association between Dover Strait TSS, Channel VTS and CALDOVREP."
SRC-008,BELTREP reporting procedures,Danish Defence / Royal Danish Navy.,https://www.forsvaret.dk/da/organisation/soevaernet/civile-opgaver/beltrep/,Primary authority material.,,,Definition recovered from the v0.2 audit/source history. Not newly verified by this repair.,,Existing BELTREP operating source
SRC-009,About SOUNDREP,Swedish Maritime Administration.,https://www.sjofartsverket.se/en/services/maritime-traffic-information/soundrep/soundrep-information/about-soundrep/,Primary authority material.,,,Definition recovered from the v0.2 audit/source history. Not newly verified by this repair.,,Existing Sound VTS / SOUNDREP operating source
SRC-011,GOFREP Area: Master’s Guide,Fintraffic.,https://mastersguide.fintraffic.fi/en/gofrep-area,Primary authority material.,,,Definition recovered from the v0.2 audit/source history. Not newly verified by this repair.,,"Existing GOFREP identity, boundaries and centre source"
SRC-015,Vessel Traffic Service,Danish Defence / Royal Danish Navy.,https://www.forsvaret.dk/da/organisation/soevaernet/nationalt-maritimt-operationscenter/vts/,Primary authority material.,,,Definition recovered from the v0.2 audit/source history. Not newly verified by this repair.,,"Existing Great Belt, Sound and Fehmarnbelt service source"
SRC-020,Resolution MSC.332(90): BELTREP,International Maritime Organization.,https://wwwcdn.imo.org/localresources/en/KnowledgeCentre/IndexofIMOResolutions/MSCResolutions/MSC.332(90).pdf,Primary authority material.,,,Definition recovered from the v0.2 audit/source history. Not newly verified by this repair.,,Existing BELTREP adopted instrument
SRC-021,Resolution MSC.314(88): SOUNDREP,IMO; Swedish Maritime Administration host.,https://www.sjofartsverket.se/globalassets/tjanster/sjotrafiktjanster/msc.31488.pdf,Primary authority material.,,,Definition recovered from the v0.2 audit/source history. Not newly verified by this repair.,,Existing SOUNDREP adopted instrument
SRC-022,Rosmorport navigation services using VTS,"FSUE Rosmorport, North-Western Basin Branch.",https://www.rosmorport.ru/filials/spb_serv_nav/,Primary operating-authority source.,,29 September 2026.,Carried forward; URL not reopened in this repository review.,,"Current Saint Petersburg/regional eastern Gulf of Finland VTS structure, area limits, centres, technical posts and H24 operation."
SRC-023,"ADMIRALTY Weekly Edition 11 of 2026, Section VI",UK Hydrographic Office.,https://msi.admiralty.co.uk/NoticesToMariners/DownloadFile?batchId=8e8b0409-45d3-4103-8b64-bd6220063819&fileName=11wknm26.pdf&frequency=Weekly&mimeType=application%2Fpdf,Current official navigational publication.,,29 September 2026.,Carried forward; URL not reopened in this repository review.,,"Saint Petersburg Coastal VTS area, Sector 1/2 split, VHF channels and repeater stations at Gogland and Sommers."
SRC-024,Fintraffic Hanko VTS area,Fintraffic Vessel Traffic Services.,https://mastersguide.fintraffic.fi/en/print/pdf/node/64,Primary operating-authority source.,,29 September 2026.,Carried forward; URL not reopened in this repository review.,,Hanko VTS boundary coordinates and operating procedures.
SRC-025,Estonian Transport Administration VTS / GOFREP,Estonian Transport Administration (Transpordiamet).,https://www.transpordiamet.ee/laevaliikluse-korraldamine,Primary national authority source.,,29 September 2026.,Carried forward; URL not reopened in this repository review.,,"Separation of Estonian VTS and GOFREP areas, Western VTS entry at the reporting line beginning at Kõpu, working channels and participation rules."
SRC-026,Swedish Maritime Administration VTS directory,Sjöfartsverket.,https://www.sjofartsverket.se/sv/om-oss/kontakta-oss/vessel-traffic-service-vts/,Primary national VTS authority source.,24 February 2026.,29 September 2026.,Carried forward; URL not reopened in this repository review.,,Current Swedish VTS-area inventory.
SRC-027,Traficom decision establishing current Finnish VTS areas,Finnish Transport and Communications Agency Traficom.,https://traficom.fi/sites/default/files/media/regulation/Decision_Establishment_of_VTS_1.pdf,Primary statutory/administrative source.,,29 September 2026.,Carried forward; URL not reopened in this repository review.,,"Current Bothnia VTS boundary, including Ritgrund and the territorial-sea limit."
SRC-028,Fintraffic Bothnia VTS area,Fintraffic Vessel Traffic Services.,https://mastersguide.fintraffic.fi/en/print/pdf/node/55,Primary operating-authority source.,,29 September 2026.,Carried forward; URL not reopened in this repository review.,,"Current Bothnia VTS area description, VHF 67 and advance-report procedure for Finland-bound traffic via the Quark."
SRC-029,Fintraffic monitoring of international waters,Fintraffic Vessel Traffic Services Ltd.,https://www.fintraffic.fi/sv/node/254,Primary operating-authority source.,,29 September 2026.,Carried forward; URL not reopened in this repository review.,,GOFREP and Åland Sea TSS monitoring distinction; confirms South Åland Sea monitoring and states that the Åland Sea area has no obligatory vessel reporting system.
SRC-030,Swedish Transport Agency Baltic SRS list,Transportstyrelsen.,https://www.transportstyrelsen.se/sv/sjofart/sjotrafik-och-hamnar/sjotrafikrapporteringssystem-srs/,Primary national authority source.,9 June 2026.,29 September 2026.,Carried forward; URL not reopened in this repository review.,,"Current mandatory SRS inventory for the Baltic Sea: SOUNDREP, BELTREP, GOFREP and GDANREP."
SRC-031,South Åland Sea TSS Master's Guide,Fintraffic Vessel Traffic Services Ltd.,https://mastersguide.fintraffic.fi/index.php/sv/node/104,Primary operating-authority source.,,29 September 2026.,Carried forward; URL not reopened in this repository review.,,"Confirms South Åland Sea TSS monitoring by Åland Sea Traffic from the Western Finland Vessel Traffic Centre, AIS monitoring, VHF 16 contact and violation reporting."
SRC-032,TSFS 2026:60 VTS/SRS regulations,Swedish Transport Agency.,https://www.transportstyrelsen.se/sv/om-oss/dina-rattigheter-lagar-och-regler/forfattningssamling/ts-foreskrifter-i-nummerordning/2026/details?RuleNumber=2026%3A60&ruleprefix=TSFS,Primary national regulatory source.,,29 September 2026.,Carried forward; URL not reopened in this repository review.,,Near-term Swedish VTS/SRS regulatory cross-check. Does not create a Kalmarsund or Öland offshore VTS area.
SRC-033,"Swedish Ufs A, monitoring of TSS",Swedish Maritime Administration (Sjöfartsverket).,https://ufs.sjofartsverket.se/pdf/Ufs_A_en.pdf,Primary national navigational publication.,,29 September 2026.,Carried forward; URL not reopened in this repository review.,,Distinguishes TSS monitoring from VTS. States that Off Falsterborev and The Sound are monitored by Sound VTS and the remaining Swedish TSS by Sweden Traffic.
SRC-034,Navigation through Danish Waters,Danish Maritime Authority.,https://www.soefartsstyrelsen.dk/Media/637977139358837038/Navigation%20through%20Danish%20Water%20version%2015%20%28SEP%202022%29.pdf,Primary national navigation guide.,,29 September 2026.,Carried forward; URL not reopened in this repository review.,,Treats Bornholmsgat and Adlergrund as Baltic routeing measures and separately identifies the Danish VTS/SRS operational areas.
SRC-035,VTS Zatoka Gdańska,Maritime Office in Gdynia.,https://www.umgdy.gov.pl/en/marine-safety/vts-zatoka-gdanska-en/,Primary operating-authority source.,,29 September 2026.,Carried forward; URL not reopened in this repository review.,,"VTS area, H24 operation, VHF 71, direct identification of TSS EAST and TSS WEST, and confirmation that the VTS area's external limits are those of compulsory GDANREP."
SRC-036,VTS Ławica Słupska / VTS Slupska Bank,Maritime Office in Gdynia.,https://www.umgdy.gov.pl/en/marine-safety/vts-zatoka-gdanska-en/vts-slupska-bank/,Primary operating-authority source.,,29 September 2026.,Carried forward; URL not reopened in this repository review.,,Direct confirmation that VTS Ławica Słupska supervises vessel traffic in the Słupska Bank TSS area; H24 duty service and VHF 73/16.
SRC-037,"BSH VTS Guide Germany, VTS Centre Warnemünde extract",German Federal Maritime and Hydrographic Agency (BSH).,https://linchart60.bsh.de/chartserver/pdf_version/VTS-Guide_from_S-127_Extract.pdf,Primary official VTS publication.,,29 September 2026.,Carried forward; URL not reopened in this repository review.,,"Current overview chart of VTS Centre Warnemünde sectors, including the Sassnitz Traffic service area."
SRC-038,"BSH NfS 30-31/2021, TSS Adlergrund",German Federal Maritime and Hydrographic Agency (BSH) / WSA Ostsee.,https://www2.bsh.de/daten/NFS/NfS2021/nfs-heft30-31-2021.pdf,Primary official navigational notice.,,29 September 2026.,Carried forward; URL not reopened in this repository review.,,"Direct operational reference to VTS Warnemünde / Sassnitz Traffic for activity within TSS Adlergrund. Used with the current BSH VTS-area chart, not by itself, to establish present association."
SRC-039,"Navigation through Danish Waters, version 16.0 (2025)",Danish Maritime Authority.,https://www.soefartsstyrelsen.dk/Media/638743469510433298/Navigation%20through%20Danish%20Water%20version%2016.0%202025.pdf,Primary national navigation guide.,"Version 16.0, 2025.",29 September 2026.,Carried forward; URL not reopened in this repository review.,,"Current routeing context for South of Gedser, North of Rügen, In The Sound and Off Falsterborev, plus the SOUNDREP operational-area chart."
SRC-040,"German Traffic Regulations for Navigable Maritime Waterways, English version",,https://www.deutsche-flagge.de/de/redaktion/dokumente/rechtsvorschriften/seeschstro_engl.pdf,Primary/current regulatory source.,,29 September 2026.,Carried forward; URL not reopened in this repository review.,,Current Kieler Förde reporting requirements. Assigns VTS Centre Travemünde / Kiel Traffic on VHF 67 and requires reports before and when passing Kiel Lighthouse.
SRC-041,Sjöfartsverket VTS Göteborg boundary,Swedish Maritime Administration (Sjöfartsverket).,https://www.sjofartsverket.se/en/services/pilotage/pilot-area-gothenburg/nautical-information/communication/,Primary operating-authority source.,,30 September 2026.,Carried forward; URL not reopened in this repository review.,,"Current Göteborg VTS boundary. Southern boundary is latitude 57°31.9'N on 30 September 2026; this confirms TSS Fladen, around 57°13'N–57°15'N, lies outside the VTS area."
SRC-042,"NCSR 10/INF.7, Denmark and Sweden Route S experience",,https://www.soefartsstyrelsen.dk/Media/638197316856841051/NCSR%2010-INF.7%20-%20Experience%20gained%20from%20the%20establishment%20of%20traffic%20separation%20schemes%20and%20other%20routeing...%20%28Denmark%20and%20Sweden%29.pdf,Primary intergovernmental submission / official administration source.,,30 September 2026.,Carried forward; URL not reopened in this repository review.,,"Explicit statement that TSS Entrance to the Sound is situated within mandatory SOUNDREP, operated by Sound VTS. Also documents Route S and the new TSS Lilla Middelgrund."
SRC-043,"MCA MGN 610 (M+F) Amendment 1, SOLAS chapter V guidance",UK Maritime and Coastguard Agency.,https://www.gov.uk/government/publications/mgn-610-mf-amendment-1-solas-chapter-v-guidance-on-the-merchant-shipping-safety-of-navigation-regulations-2020/mgn-610-mf-amendment-1-navigation-solas-chapter-v-guidance-on-the-merchant-shipping-safety-of-navigation-regulations-2020,Primary national guidance.,,,Carried forward; URL not reopened in this repository review.,,"Confirms WETREP remains a mandatory IMO ship reporting system, with a reporting area extending from southern Portugal to the Shetland Islands; separately lists UK voluntary reporting schemes including the Isles of Scilly."
SRC-044,"IMO Resolution MSC.190(79), WETREP",International Maritime Organization.,https://wwwcdn.imo.org/localresources/en/KnowledgeCentre/IndexofIMOResolutions/MSCResolutions/MSC.190%2879%29.pdf,Primary adopted IMO instrument.,,30 September 2026.,Carried forward; URL not reopened in this repository review.,,Establishes the mandatory West European Tanker Reporting System (WETREP) in the Western European PSSA and defines participating ship categories and system geography.
SRC-045,"COLREG.2/Circ.66/Corr.1 Amended traffic separation schemes, corrigendum (corrected annex 3 'Off Friesland')",IMO Maritime Safety Committee.,https://mindev.gov.ua/storage/app/sites/1/uploaded-files/colreg2-circ66-corr1-corrigendum-secretariat.pdf,Tier 1.,20 May 2016 (Circ.66 amendments implemented 1 June 2015).,29 September 2026.,Carried forward; URL not reopened in this repository review.,"Annex, East Friesland scheme paras (u)-(w) (government mirror).",
SRC-046,"Scheepvaartreglement territoriale zee (BWBR0007914), Bijlage 1 Aanloopgebieden, art. 1, 2 and 5a",Kingdom of the Netherlands (wetten.overheid.nl).,https://wetten.overheid.nl/BWBR0007914/,Tier 1.,Version in force from 1 January 2025 (consulted 29-09-2026).,29 September 2026.,Carried forward; URL not reopened in this repository review.,Bijlage 1 (d) and (f); art. 5a.,
SRC-047,"Berichten aan Zeevarenden / Notices to Mariners week 41-2025, BaZ 261(P)/25 'Noordzee. TSS Off Texel en TSS Off Vlieland' (VTS Off Texel) and ODAS buoy entries 'near TSS off Botney Ground'",Dienst der Hydrografie (Netherlands Hydrographic Service).,https://www.defensie.nl/site/binaries/site-content/collections/baz-weekly-editions/2025/41/wkly_y2025_w41_baz257_265.pdf,Tier 3.,9 October 2025 (VTS effective 3 November 2025 14.00 CET).,30 September 2026.,Reopened during B12 recheck; full PDF retrieved from Defence and page 8 visually inspected. SHA-256 6bab41826b8402f00c570215764c5d06ce9761761e31ba918f505637639dd152.,"Week 41/2025, page 8, notice 261(P)/25. The PDF has 18 pages; the former approximate p.20 locator is not used.","Nine coordinate vertices for VTS Off Texel, VHF 63, implementation date; comparison against individual TSS lanes."
SRC-048,Vessel Traffic Monitoring (VTMon),Kustwacht Nederland (Netherlands Coastguard).,https://kustwacht.nl/hulpverlening/vtm/,Tier 2.,"Undated web page, consulted 29 September 2026.",29 September 2026.,Carried forward; URL not reopened in this repository review.,Page body.,
SRC-049,"IMO_2025_Mandatory_Reporting_Systems.csv (IMO Ships' Routeing 2025 Part I inventory, VRS-0001 to VRS-0023)",Global VTS project.,,Tier 1.,Ships' Routeing 2025 Edition baseline.,29 September 2026.,Carried forward; URL not reopened in this repository review.,Rows I-I/1 to I-I/23.,
SRC-050,Besluit routerings- en meldingssystemen voor schepen in volle zee voor de Nederlandse kust (BWBR0008956),Kingdom of the Netherlands (wetten.overheid.nl).,https://wetten.overheid.nl/BWBR0008956/,Tier 1.,Version in force from 18 May 2005 (a pending amendment without commencement date is flagged).,29 September 2026.,Carried forward; URL not reopened in this repository review.,Artikel 2.,
SRC-051,Regeling routerings- en meldingssystemen voor schepen in volle zee voor de Nederlandse kust (BWBR0033648),"Minister van Infrastructuur en Milieu / Waterstaat (wetten.overheid.nl; original Stcrt. 2013, 19233).",https://wetten.overheid.nl/BWBR0033648/,Tier 1.,Version in force from 6 July 2022 (original in force 1 August 2013).,29 September 2026.,Carried forward; URL not reopened in this repository review.,"Inhoudsopgave §1-§4; Stcrt. 2013, 19233 artikelen 2-8.",
SRC-052,COLREG.2/Circ.59 New and amended existing traffic separation schemes (annex 4: Mandatory route for tankers from North Hinder to the German Bight),IMO Maritime Safety Committee.,https://cimrc.shmtu.edu.cn/_upload/article/files/63/dc/35c66be74d12873254dc88a2ef00/465d5392-0ba5-4f33-8e61-a48e3499b1b3.pdf,Tier 1.,31 October 2007.,29 September 2026.,Carried forward; URL not reopened in this repository review.,"Annex 4, page 2.",
SRC-053,"COLREG.2/Circ.67 New and amended traffic separation schemes (annex 3: 'In the approaches to Hook of Holland and at North Hinder', consolidated and superseding B-II/10)",IMO Maritime Safety Committee.,https://cimrc.shmtu.edu.cn/_upload/article/files/63/dc/35c66be74d12873254dc88a2ef00/65c44f78-cf76-44e1-aa8a-6727556bcb18.pdf,Tier 1.,20 May 2016; implemented 0000 UTC 1 June 2017.,29 September 2026.,Carried forward; URL not reopened in this repository review.,"Annex 3, pages 1-6 (third-party mirror of the IMO circular; text checked against the IMO document header).",
SRC-054,"Port Information Guide, Port of Rotterdam, version 2026.1",Port of Rotterdam Authority.,https://www.portofrotterdam.com/sites/default/files/2026-02/port-information-guide.pdf,Tier 4.,January 2026 (rev. 2026-01-17; file dated 2 Feb 2026).,29 September 2026.,Carried forward; URL not reopened in this repository review.,Page 18 'Nautical services'; page 4 'In port reports'.,
SRC-055,"Procedure VHF-communicatie VTS en HCC, versie 2.0 (incl. Bijlage 1 VHF-kanalen and Bijlage 2 Toepassingsgebied sector chart)","Port of Rotterdam Authority (Havenmeester van Rotterdam, DHMR).",https://www.portofrotterdam.com/sites/default/files/2026-05/procedure-vhf-communicatie-vts-hcc-2026_0.pdf,Tier 2.,"Februari 2026, versie 2.0.",29 September 2026.,Carried forward; URL not reopened in this repository review.,Section 2 Toepassingsgebied; section 10; Bijlage 1 (p.8); Bijlage 2 chart (p.9). PDF is image-only; read visually.,
SRC-056,"Beleidsregel Procedure VHF-communicatie VTS en HCC 2026 (Staatscourant 2026, 8272; reissued 8272-n1)",Havenmeester van Rotterdam (Staatscourant).,https://zoek.officielebekendmakingen.nl/stcrt-2026-8272.html,Tier 1.,Adopted and in force 20 February 2026; published 3 March 2026.,29 September 2026.,Carried forward; URL not reopened in this repository review.,"Artikel 1; Bijlage, section 2.",
SRC-057,"Marifoonblokindeling VTS-Scheldegebied, versie 4.0 (folder with sector chart and outer-limit coordinates)",Gemeenschappelijk Nautisch Beheer / Kustwacht (Belgium).,https://kustwacht.be/sites/default/files/legacy_files/marifoonblokindeling_2.pdf,Tier 4.,August 2014 (PDF created 4 Aug 2014).,29 September 2026.,Carried forward; URL not reopened in this repository review.,Page 2 chart.,
SRC-058,MGN 364 (M+F) Navigation: Traffic Separation Schemes - Application of Rule 10 and Navigation in the Dover Strait,Maritime and Coastguard Agency (UK).,https://assets.publishing.service.gov.uk/media/5e2efbc840f0b62c47c5466f/MGN_364_all_tagged.pdf,Tier 2.,Current MCA guidance (refers to Ships' Routeing 9th edition 2008); consulted 29 September 2026.,29 September 2026.,Carried forward; URL not reopened in this repository review.,Section 3 (reporting); 4.7.,
SRC-059,"NL NtM 183/17, correction to HP1 (Netherlands hydrographic publication): section '15 - TSS Off North Hinder'",Dienst der Hydrografie.,https://www.defensie.nl/site/binaries/site-content/collections/baz-weekly-editions/2017/22/blck_hp1_y2017_baz183.pdf,Tier 3.,2017 (week 22).,29 September 2026.,Carried forward; URL not reopened in this repository review.,Page 1.,
SRC-060,COLREG.2/Circ.64 New and amended existing traffic separation schemes (annex 1: 'In the approaches to IJmuiden'),IMO Maritime Safety Committee.,https://fma.fo/wp-content/uploads/2016/09/2013_02_Nautical_COLREG.2-Circ.64_New-and-amended-Existing-Traffic-Separation-Schemes.pdf,Tier 1.,4 December 2012; implemented 0000 UTC 1 August 2013.,29 September 2026.,Carried forward; URL not reopened in this repository review.,"Annex 1, page 1 (mirror copy hosted by Faroe Islands Maritime Authority).",
SRC-061,Regeling aanwijzing bevoegde autoriteiten Scheepvaartreglement territoriale zee (BWBR0008644),Minister van Verkeer en Waterstaat (wetten.overheid.nl).,https://wetten.overheid.nl/BWBR0008644/,Tier 1.,Version in force from 1 January 2024.,29 September 2026.,Carried forward; URL not reopened in this repository review.,"Artikel 1, onderdelen b, d, g.",
SRC-062,"Regulations for VTS Communication and the supporting VHF maritime radio-telephone channels (Regeling communicatie VTS en overige VHF-diensten en kanalen), version 2.0, NL/EN",Centraal Nautisch Beheer Noordzeekanaalgebied (published by Port of Amsterdam).,https://www.portofamsterdam.com/sites/default/files/2025-09/2025-479_VTS%20communicatieregeling%202.0%20def_NLEN_rev.pdf,Tier 2.,10 September 2025; in force 30 September 2025.,30 September 2026.,"Reopened during B12 recheck; pages 4, 6, 8, 10 and 11 read, including Appendix I map. SHA-256 b6b4bff60a3ee707db6b4eaafeece78a3aefe2607a6905f9ffe481e5fbfab365.",Scope of application (p.4); Section B.1 (p.6); Section 8 (p.8); Appendix I (p.10).,"Separates statutory/coastal VTS area, extended IJ-geul, VHF 61 arrival and supporting VHF 7 inbound information reports. Map is not a precise TSS boundary."
SRC-063,Scheepvaartreglement territoriale zee (BWBR0007914),Kingdom of the Netherlands (wetten.overheid.nl).,https://wetten.overheid.nl/BWBR0007914,Tier 1.,"Version geldend van 01-01-2025 t/m heden, consulted 29 Sep 2026.",29 September 2026.,Carried forward; URL not reopened in this repository review.,"Art. 2(d)-(e), art. 5, Bijlage 1.",
SRC-064,Resolution MSC.190(79) Mandatory ship reporting system in the Western European PSSA (WETREP),"IMO (archive copy, University of Hawaii Jon Van Dyke collection).",https://scholarspace.manoa.hawaii.edu/server/api/core/bitstreams/0e352943-f5a1-4212-99ff-364902266ba1/content,Tier 1.,Adopted 6 Dec 2004; in force 1 Jul 2005.,29 September 2026.,Carried forward; URL not reopened in this repository review.,"Annex 1 para 2.1, points 1 and 19-20.",
SRC-065,Verkeerscentrales,Kustwacht Nederland.,https://kustwacht.nl/maritieme-organisaties/verkeerscentrales/,Tier 2.,"Undated web page, accessed 29 Sep 2026.",29 September 2026.,Carried forward; URL not reopened in this repository review.,Page body.,
SRC-066,Regeling meldingen en communicatie scheepvaart (BWBR0031567),Kingdom of the Netherlands (wetten.overheid.nl).,https://wetten.overheid.nl/BWBR0031567,Tier 1.,Version geldend van 27-03-2026 t/m heden.,29 September 2026.,Carried forward; URL not reopened in this repository review.,Art. 20; Bijlage behorend bij artikel 2.,
SRC-067,"AnlBV Anhang (zu § 1 Abs. 1 Nr. 1.17): chart defining the Innere Deutsche Bucht, in Zwölfte Verordnung zur Änderung seeverkehrsrechtlicher Vorschriften","Bundesgesetzblatt (official gazette), copy hosted by OffeneGesetze.de.",https://media.offenegesetze.de/bgbl1/2005/bgbl1_2005_47.pdf#page=33,Tier 1.,"BGBl. I 2005 Nr. 47, p. 2297, 10 Aug 2005 (still the Anhang cited by the current AnlBV).",29 September 2026.,Carried forward; URL not reopened in this repository review.,"p. 2297, chart legend and geometry (read by rendering the page; longitudes estimated from the chart graticule, about +/-2').",
SRC-068,"Anlaufbedingungsverordnung (AnlBV), Anlage (zu § 1 Abs. 1), current consolidated text",Federal Republic of Germany (BMJ / gesetze-im-internet.de).,https://www.gesetze-im-internet.de/anlbv_2004/anlage.html,Tier 1.,"Current consolidated text accessed 29 Sep 2026 (text refers to Verordnung (EU) 2019/1239 and BMDV, so post-2019 consolidation).",29 September 2026.,Carried forward; URL not reopened in this repository review.,"Anlage Nr. 1.17, 3.1, 5.1, 6, 8.",
SRC-069,ELWIS - Verkehrszentralen,Generaldirektion Wasserstraßen und Schifffahrt (ELWIS).,https://www.elwis.de/DE/Seeschifffahrt/Verkehrs-und-Sicherheitsmanagement/Verkehrszentralen/Verkehrszentralen-node.html,Tier 2.,"Undated web page, accessed 29 Sep 2026.",29 September 2026.,Carried forward; URL not reopened in this repository review.,Verkehrszentrale Wilhelmshaven; Verkehrszentrale Cuxhaven.,
SRC-070,ELWIS - Maritime Verkehrssicherung,Generaldirektion Wasserstraßen und Schifffahrt (ELWIS).,https://www.elwis.de/DE/Seeschifffahrt/Verkehrs-und-Sicherheitsmanagement/Verkehrszentralen/Maritime-Verkehrssicherung/Maritime-Verkehrssicherung-node.html,Tier 2.,Stand: 18 Aug 2017.,29 September 2026.,Carried forward; URL not reopened in this repository review.,Page body.,
SRC-071,Verkehrszentralen (WSA Weser-Jade-Nordsee),Wasserstraßen- und Schifffahrtsamt Weser-Jade-Nordsee (WSV).,https://www.wsa-weser-jade-nordsee.wsv.de/Webs/WSA/Weser-Jade-Nordsee/DE/Schifffahrt/Verkehrszentralen/verkehrsundrevierzentralen_node.html,Tier 2.,"Undated web page, accessed 29 Sep 2026.",29 September 2026.,Carried forward; URL not reopened in this repository review.,Verkehrszentrale Wilhelmshaven.,
SRC-072,SeeSchStrO § 58 Schifffahrtspolizeiliche Meldungen,Generaldirektion Wasserstraßen und Schifffahrt (ELWIS).,https://www.elwis.de/DE/Schifffahrtsrecht/Seeschifffahrtsrecht/SeeSchStrO/Achter-Abschnitt/58/58-node.html,Tier 1.,"Undated web page, accessed 29 Sep 2026.",29 September 2026.,Carried forward; URL not reopened in this repository review.,§ 58(1).,
SRC-073,Bekanntmachung zur Seeschifffahrtsstraßen-Ordnung vom 28. Januar 2014,"Generaldirektion Wasserstraßen und Schifffahrt, Außenstelle Nord.",https://www.bundesanzeiger.de/pub/publication/gfKDNVi8i3yMiqFNmCE/content/gfKDNVi8i3yMiqFNmCE/BAnz%20AT%2031.01.2014%20B7.pdf,Tier 1.,BAnz AT 31.01.2014 B7 (base text; amended at least 12 times to BAnz AT 09.07.2024 B2; amendments seen do not touch Nr. 29.1).,29 September 2026.,Carried forward; URL not reopened in this repository review.,"Nr. 29.1.2.1 and 29.1.4, pp. 34-35.",
SRC-074,Verkehrszentrale Cuxhaven,Wasserstraßen- und Schifffahrtsamt Elbe-Nordsee (WSV).,https://www.wsa-elbe-nordsee.wsv.de/Webs/WSA/Elbe-Nordsee/DE/2_Schifffahrt/4_Verkehrszentralen/2_Cuxhaven/Cuxhaven_node.html,Tier 2.,"Undated web page, accessed 29 Sep 2026.",29 September 2026.,Carried forward; URL not reopened in this repository review.,Page body.,
SRC-075,VTS Information (VTS Humber description),"Associated British Ports, Humber Estuary Services (Statutory Harbour Authority).",https://humber.com/estuary_information/marine_information/vessel-traffic-services/vts-description,Tier 2.,"Undated web page (site copyright 2010-2026), accessed 29 Sep 2026.",29 September 2026.,Carried forward; URL not reopened in this repository review.,VTS area; Reporting points; Types of Service.,
SRC-076,Kystverket WFS layer 'VTS tjenesteområde 2021 versjon 2' (layer_696),Norwegian Coastal Administration (Kystverket).,https://services.kystverket.no/wfs.ashx?service=WFS&version=1.1.0&request=GetFeature&typeName=layer_696&srsName=EPSG:4326,Tier 2.,features valid from 2021-04-01 (Kinn 2021-06-01); accessed 29 September 2026.,29 September 2026.,Carried forward; URL not reopened in this repository review.,"Features 1 to 6 (attributes omraadenavn, forskriftsreferanse).",
SRC-077,"Forskrift om bruk av sjøtrafikksentralenes tjenesteområde og bruk av bestemte farvann (sjøtrafikkforskriften), FOR-2021-02-10-523",Lovdata / Ministry of Transport (Norway).,https://lovdata.no/dokument/SF/forskrift/2021-02-10-523,Tier 1.,"consolidated text, last amended FOR-2026-06-29-1454 (in force 1 July 2026) as reported by the fetch tool; accessed 29 September 2026.",29 September 2026.,Carried forward; URL not reopened in this repository review.,§6; Kapittel 5 §§169 to 172.,
SRC-078,Vessel Traffic Service (VTS) centres (contact page),Norwegian Coastal Administration (Kystverket).,https://www.kystverket.no/en/contact/vts-service/,Tier 2.,undated web page; accessed 29 September 2026.,29 September 2026.,Carried forward; URL not reopened in this repository review.,Final contact block.,
SRC-079,About the Vessel Traffic Service (VTS),Norwegian Coastal Administration (Kystverket).,https://www.kystverket.no/en/navigation-and-monitoring/vts---vessel-traffic-service/about-the-vessel-traffic-service-vts/,Tier 2.,page timestamp 2021-06-02; accessed 29 September 2026.,29 September 2026.,Carried forward; URL not reopened in this repository review.,Section 'Vardø VTS centre'.,
SRC-080,"SN.1/Circ.318, New mandatory ship reporting system 'In the Barents Area (Barents SRS)', annex resolution MSC.348(91)",IMO (Maritime Safety Committee).,https://fma.fo/wp-content/uploads/2016/12/2013_navigational_03_sn_circ-318_new-mandatory-ship-reporting-system-in-the-barents-area.pdf,Tier 1.,4 December 2012 (MSC.348(91) adopted 28 November 2012; in force 0000 UTC 1 June 2013); accessed 29 September 2026.,29 September 2026.,Carried forward; URL not reopened in this repository review.,"Annex paras 1.1, 2.1 and 3.1.1 (copy hosted by the Faroese Maritime Authority, fma.fo; text is the IMO circular itself).",
SRC-081,Barents Ship Reporting System,Norwegian Coastal Administration (Kystverket).,https://www.kystverket.no/en/klima-og-barekraft/barents-srs/,Tier 2.,undated web page; accessed 29 September 2026.,29 September 2026.,Carried forward; URL not reopened in this repository review.,Main text.,
SRC-082,"Kystverket WFS layer 'TSS områder' (layer_706), services.kystverket.no",Norwegian Coastal Administration (Kystverket).,https://services.kystverket.no/wfs.ashx?service=WFS&version=1.1.0&request=GetFeature&typeName=layer_706&srsName=EPSG:4326,Tier 2.,live dataset; accessed 29 September 2026.,29 September 2026.,Carried forward; URL not reopened in this repository review.,Features 50 to 79 (attribute tss_navn).,
SRC-083,"Resolution MSC.190(79), Mandatory ship reporting system in the Western European PSSA (WETREP)",IMO (Maritime Safety Committee).,https://wwwcdn.imo.org/localresources/en/KnowledgeCentre/IndexofIMOResolutions/MSCResolutions/MSC.190(79).pdf,Tier 1.,adopted 6 December 2004; accessed 29 September 2026.,29 September 2026.,Carried forward; URL not reopened in this repository review.,"Annex para 2.1, points 1 to 4.",
SRC-084,Navigation rules (TSS in the Norwegian economic zone),Norwegian Coastal Administration (Kystverket).,https://www.kystverket.no/en/navigation-and-monitoring/vts---vessel-traffic-service/sailing-rules/,Tier 2.,undated web page (refers to changes from 1 June 2021); accessed 29 September 2026.,29 September 2026.,Carried forward; URL not reopened in this repository review.,Section 'Navigation rules in the Norwegian economic zone (TSS)'.,
SRC-085,"Maritime Traffic Regulations (unofficial English translation of Forskrift om sjøtrafikk i bestemte farvann og om rutetiltak, FOR-2021-02-10-523)","Norwegian Coastal Administration (Kystverket), for the Ministry of Transport.",https://www.kystverket.no/globalassets/maritime-traffic-regulations---20260601.pdf/download,Tier 1.,Translation updated to reflect amendments in force as of 1 July 2026 (file dated 2026-06-01); regulations in force 1 April 2021.,29 September 2026.,Carried forward; URL not reopened in this repository review.,"Sections 6, 169-172.",
SRC-086,Kinn Vessel Traffic Service (VTS) service flyer,Norwegian Coastal Administration (Kystverket).,https://www.kystverket.no/contentassets/3a43d44b50e24a02ba69b50559a4f32c/kinn-vts-service-flyer.pdf,Tier 2.,From 1 June 2021.,29 September 2026.,Carried forward; URL not reopened in this repository review.,Page 1.,
SRC-087,The Irish Coast Guard (policy information page),"Department of Transport, Ireland (gov.ie).",https://www.gov.ie/en/department-of-transport/policy-information/the-irish-coast-guard/,Tier 2.,Published 9 July 2019; dateModified 2025-07-08.,29 September 2026.,Carried forward; URL not reopened in this repository review.,List of IRCG functions.,
SRC-088,"Resolution A.284(VIII): Routeing systems (original descriptions of Off Smalls, Off Skerries, In the North Channel, Off Tuskar Rock)",IMO Assembly.,https://wwwcdn.imo.org/localresources/en/KnowledgeCentre/IndexofIMOResolutions/AssemblyDocuments/A.284(8).pdf,Tier 1.,Adopted 20 November 1973 (superseded descriptions; used for approximate location only).,29 September 2026.,Carried forward; URL not reopened in this repository review.,pp. 30-32.,
SRC-089,General Directions for Navigation in the Port of Liverpool 2012,Mersey Docks and Harbour Company (Peel Ports).,https://www.peelports.com/media/quvgfzuf/general-directions-for-navigation-in-the-port-of-liverpool-2012.pdf,Tier 2.,2012.,29 September 2026.,Carried forward; URL not reopened in this repository review.,"Direction 1 definitions (w), (ff); Direction 16.",
SRC-090,"COLREG.2/Circ.60, Annex 3: New traffic separation scheme In Liverpool Bay","IMO (compilation of COLREG.2 circulars published by Transportstyrelsen, Sweden).",https://www.transportstyrelsen.se/globalassets/global/sjofart/dokument/sjotrafik_dok/imo_colreg.2_cirkular.pdf?id=58526,Tier 1.,MSC 85 (December 2008).,29 September 2026.,Carried forward; URL not reopened in this repository review.,compilation p. 352.,
SRC-091,Icelandic Maritime Traffic Service,Neyðarlínan ohf (112 Iceland).,https://www.112.is/en/vaktstod-siglinga,Tier 2.,"Undated web page, accessed 29 September 2026.",29 September 2026.,Carried forward; URL not reopened in this repository review.,Emergency and safety services section.,
SRC-092,Resolution MSC.250(83): Adoption of a new mandatory ship reporting system off the south and southwest coast of Iceland (TRANSREP),IMO Maritime Safety Committee.,https://wwwcdn.imo.org/localresources/en/KnowledgeCentre/IndexofIMOResolutions/MSCResolutions/MSC.250(83).pdf,Tier 1.,Adopted 8 October 2007; in force 0000 UTC 1 July 2008.,29 September 2026.,Carried forward; URL not reopened in this repository review.,Annex paras 1-3.4.,
SRC-093,Resolution MSC.316(88): Amendments to the existing mandatory ship reporting system 'Off the south and south-west coast of Iceland' (TRANSREP),IMO Maritime Safety Committee.,https://wwwcdn.imo.org/localresources/en/KnowledgeCentre/IndexofIMOResolutions/MSCResolutions/MSC.316(88).pdf,Tier 1.,Adopted 29 November 2010; in force 1 July 2011.,29 September 2026.,Carried forward; URL not reopened in this repository review.,"Annex, sections 1-2.",
SRC-094,"Resolution MSC.63(67), Annex 3: Mandatory ship reporting system in the 'Off Finisterre' traffic separation scheme area (FINREP)",IMO Maritime Safety Committee.,https://wwwcdn.imo.org/localresources/en/KnowledgeCentre/IndexofIMOResolutions/MSCResolutions/MSC.63(67).pdf,Tier 1.,Adopted 3 December 1996; in force 0000 UTC 3 June 1997.,29 September 2026.,Carried forward; URL not reopened in this repository review.,"Annex 3 paras 1, 3.3, 3.4.",
SRC-095,Resolution MSC.162(78): Amendments to the existing mandatory ship reporting system Off Cape Finisterre,IMO Maritime Safety Committee.,https://wwwcdn.imo.org/localresources/en/KnowledgeCentre/IndexofIMOResolutions/MSCResolutions/MSC.162(78).pdf,Tier 1.,Adopted 17 May 2004; in force 0000 UTC 1 December 2004.,29 September 2026.,Carried forward; URL not reopened in this repository review.,"Annex, replacement paras 2.1-2.2.",
SRC-096,"Los DST, autopistas del mar",Ministerio de Transportes y Movilidad Sostenible (Revista Tramos; text by Salvamento Maritimo).,https://www.transportes.gob.es/recursos_mfom/comodin/recursos/06_los_dst_autopistas_del_mar.pdf,Tier 4.,"Tramos, February 2025.",29 September 2026.,Carried forward; URL not reopened in this repository review.,pp. 38-43.,
SRC-097,"Decreto-Lei n.º 263/2009, de 28 de Setembro (VTS costeiros e portuários)",Portugal (Diário da República).,"https://www.marinha.pt/Conteudos_Externos/LexMar2/PGPAT%20100/PGPAT%201000%20-%20Cap%C3%ADtulos/Capitulo%20K%20EST/Dec.%20Lei%20263_2009,%20de%2028Set.pdf",Tier 1.,"Diário da República, 1.ª série, N.º 188, 28 September 2009 (copy hosted by Marinha).",29 September 2026.,Carried forward; URL not reopened in this repository review.,"Arts 6, 7, 9, 10(4).",
SRC-098,Contact details - Portugal,European Maritime Safety Agency (EMSA) DONA directory.,https://portal.emsa.europa.eu/web/dona/contact-details-portugal,Tier 4.,"Undated web page, accessed 29 September 2026.",29 September 2026.,Carried forward; URL not reopened in this repository review.,Portugal entry: Centro de Controlo de Tráfego Maritimo do Continente - CCTMC.,
SRC-099,Resolution MSC.278(85): Adoption of the new mandatory ship reporting system 'Off the coast of Portugal - COPREP',IMO Maritime Safety Committee.,https://wwwcdn.imo.org/localresources/en/KnowledgeCentre/IndexofIMOResolutions/MSCResolutions/MSC.278(85).pdf,Tier 1.,Adopted 1 December 2008; in force 0000 UTC 1 June 2009.,29 September 2026.,Carried forward; URL not reopened in this repository review.,"Annex paras 1, 2.1, 3.2, 3.4, 4, 5.",
SRC-100,Resolution MSC.301(87): Amendments to the existing mandatory ship reporting system in the Western European PSSA (WETREP),IMO Maritime Safety Committee.,https://wwwcdn.imo.org/localresources/en/KnowledgeCentre/IndexofIMOResolutions/MSCResolutions/MSC.301(87).pdf,Tier 1.,Adopted 17 May 2010; in force 1 December 2010.,29 September 2026.,Carried forward; URL not reopened in this repository review.,"Annex, items 1-3.",
SRC-101,"Resolution MSC.73(69) Mandatory ship reporting systems, Annex 1: Description of the mandatory ship reporting system in the Straits of Malacca and Singapore (STRAITREP)",IMO Maritime Safety Committee.,https://wwwcdn.imo.org/localresources/en/KnowledgeCentre/IndexofIMOResolutions/MSCResolutions/MSC.73(69).pdf,Tier 1.,Adopted 19 May 1998; in force 0000 UTC 1 Dec 1998; accessed 29 Sep 2026.,29 September 2026.,Carried forward; URL not reopened in this repository review.,"Annex 1 paras 1.1, 2.1, 3.3, 3.4; appendices 1-3.",
SRC-102,Port Marine Circular No. 65 of 1998: Mandatory Ship Reporting System in the Straits of Malacca and Singapore - STRAITREP (with SN/Circ.201 and Corr.1),Maritime and Port Authority of Singapore.,https://www.mpa.gov.sg/api/media/78c165e3-67e4-4da3-9496-c196739374d2/-pc98-65.pdf,Tier 2.,20 Oct 1998 (still cited as current by MPA Singapore Port Information updated 17 Apr 2026); accessed 29 Sep 2026.,29 September 2026.,Carried forward; URL not reopened in this repository review.,"paras 1-3; SN/Circ.201 Annex 1 para 3.4, para 7; Appendix 3.",
SRC-103,VTIS Operational Areas web page (STRAITREP sectors and chartlets),Maritime and Port Authority of Singapore.,https://www.mpa.gov.sg/port-marine-ops/operations/vessel-traffic-information-system/operational-areas,Tier 2.,Page last updated 28 Sep 2026; accessed 29 Sep 2026.,29 September 2026.,Carried forward; URL not reopened in this repository review.,Sector/VHF channel/VTS authority table.,
SRC-104,"Singapore Port Information 2026 (Straits of Malacca and Singapore routeing system, Annexes 1-8; STRAITREP chartlets Appendix 1 and 2)","Maritime and Port Authority of Singapore, Hydrographic Division.",https://file.go.gov.sg/spi2026apr17.pdf,Tier 3.,Updated to 17 Apr 2026; accessed 29 Sep 2026.,29 September 2026.,Carried forward; URL not reopened in this repository review.,"pp. 6-14 (Annexes 1-8), p. 16 (STRAITREP), pp. 119-120 (chartlets).",
SRC-105,Vessel Traffic Information System (VTIS) web page,Maritime and Port Authority of Singapore.,https://www.mpa.gov.sg/port-marine-ops/operations/vessel-traffic-information-system,Tier 2.,Page last updated 28 Sep 2026; accessed 29 Sep 2026.,29 September 2026.,Carried forward; URL not reopened in this repository review.,VTIS and STRAITREP sections.,
SRC-106,Vessels arriving in Singapore: guide to VHF communication in port and Singapore Strait,Maritime and Port Authority of Singapore.,https://www.mpa.gov.sg/port-marine-ops/arrivals-and-departures/vessels-arriving-in-singapore,Tier 2.,Page last updated 28 Sep 2026; accessed 29 Sep 2026.,29 September 2026.,Carried forward; URL not reopened in this repository review.,VHF communication guide table.,
SRC-107,"Berlaku 1 Juli 2020, Kemenhub jelaskan sistem pelaporan kapal di TSS Selat Sunda dan Selat Lombok","Direktorat Jenderal Perhubungan Laut (Hubla), Kementerian Perhubungan Republik Indonesia.",https://hubla.dephub.go.id/home/post/read/7657/berlaku-1-juli-2020-kemenhub-jelaskan-sistem-pelaporan-kapal-di-tss-selat-sunda-dan-selat-lombok,Tier 2.,22 Jun 2020; accessed 29 Sep 2026.,29 September 2026.,Carried forward; URL not reopened in this repository review.,"paras 2-3, 6-8.",
SRC-108,COLREG.2/Circ.74 New traffic separation schemes and associated measures: In the Sunda Strait; In the Lombok Strait,IMO (document hosted by BIMCO).,https://bimco.org/media/gusfhkrc/colreg2circ74-new-traffic-separation-schemes-secretariat.pdf,Tier 1.,2019 (MSC 101 adoption); implementation 1 Jul 2020; accessed 29 Sep 2026.,29 September 2026.,Carried forward; URL not reopened in this repository review.,para 1-2 and Annex.,
SRC-109,Hong Kong Fact Sheet (Marine Department publications),"Marine Department, HKSAR Government.",https://www.mardep.gov.hk/en/materials-and-publications/publications/hk-fact-sheet/index.html,Tier 2.,Undated web page; accessed 29 Sep 2026.,29 September 2026.,Carried forward; URL not reopened in this repository review.,Vessel Traffic Services section.,
SRC-110,Arrangement for Vessel Traffic Service (VTC pamphlet),"Marine Department, HKSAR Government.",https://www.mardep.gov.hk/filemanager/en/share/publications/pdf/materials/vtc_pamphlet.pdf,Tier 2.,April 2025; accessed 29 Sep 2026.,29 September 2026.,Carried forward; URL not reopened in this repository review.,Participation and VHF sectors panels.,
SRC-111,Hong Kong Vessel Traffic Service - VHF Sectors and Calling-in Points (Drawing No. 2025MAR032),"Marine Department, HKSAR Government (Hydrographic Office).",https://www.mardep.gov.hk/filemanager/en/share/pub-services/pdf/vts_vscp.pdf,Tier 2.,September 2025; accessed 29 Sep 2026.,29 September 2026.,Carried forward; URL not reopened in this repository review.,Chart title and sector labels.,
SRC-112,Guide to Hong Kong waters (hkwaterlk_guide),"Marine Department, HKSAR Government.",https://www.mardep.gov.hk/filemanager/en/share/pub-services/pdf/hkwaterlk_guide.pdf,Tier 4.,March 2026 Edition; accessed 29 Sep 2026.,29 September 2026.,Carried forward; URL not reopened in this repository review.,Chapter 2 Principal Fairways and Traffic Separation Schemes.,
SRC-113,OP Notice to Shipping N-2-2026: Harbor Operations,"Panama Canal Authority (ACP), Vice Presidency for Operations.",https://pancanal.com/wp-content/uploads/2021/08/N02-2026-Harbor-Operations_BMV.pdf,Tier 2.,1 January 2026 (cancels N-2-2025).,29 September 2026.,Carried forward; URL not reopened in this repository review.,"Harbor Operations, section 2 'Vessel Coordination and Procedures at the Pacific Entrance', para 2a to 2c.",
SRC-114,COLREG.2/Circ.65 New traffic separation schemes (On the Pacific coast of Panama; At the approaches to Puerto Cristobal),IMO Maritime Safety Committee.,https://www.panamashipregistry.com/wp-content/uploads/2019/08/COLREG-2-Circ-65.pdf,Tier 1.,23 May 2014; implemented 0000 UTC 1 December 2014.,29 September 2026.,Carried forward; URL not reopened in this repository review.,Para 2; Annex 1 pages 1 to 3.,
SRC-115,"Ships' Routeing 2025 Edition, Part I mandatory ship reporting systems (data/authoritative/IMO_2025_Mandatory_Reporting_Systems.csv)",IMO (project baseline).,,Project-derived inventory; not independent primary evidence,2025 edition.,29 September 2026.,Carried forward; URL not reopened in this repository review.,Row I-I/19.,
SRC-116,Merchant Marine Circular MMC-304: Implementation of New Ships' Routeing System in Panama,"Panama Maritime Authority (AMP), Directorate General of Merchant Marine.",https://www.panamashipregistry.com/wp-content/uploads/2020/08/MMC-304-Nov.-2014.pdf,Tier 2.,November 2014.,29 September 2026.,Carried forward; URL not reopened in this repository review.,Para 1a and 2.,
SRC-117,Circular DGPIMA-005-DECCP-2026: Reducción de velocidad por protección de cetáceos en aguas nacionales,"Panama Maritime Authority (AMP), Dirección General de Puertos e Industrias Marítimas Auxiliares.",https://www.amp.gob.pa/wp-content/uploads/2026/07/Circular-DGPIMA-005-DECCP-2026-esp-ingl.pdf,Tier 2.,8 July 2026 (supersedes DGPIMA-014-DECCP-2025).,29 September 2026.,Carried forward; URL not reopened in this repository review.,Page 1.,
SRC-118,Pub. 125 Sailing Directions (Enroute) West Coast of South America,US National Geospatial-Intelligence Agency (NGA).,https://msi.nga.mil/api/publications/download?type=view&key=16694491/SFH00000/Pub125bk.pdf,Tier 3.,"17th edition 2025, corrected to 27 August 2026.",29 September 2026.,Carried forward; URL not reopened in this repository review.,"Sector 3: PDF p.57 (Talara, 'Talara Control'), p.58 (Paita), p.67 (Salaverry), p.73 (Chimbote), p.86 (Callao, TRAMAR), p.92 (Pisco/General San Martin), p.94 (San Nicolas); Sector 4 p.106 (VTS Arica).",
SRC-119,"Ships' Routeing 2025 Edition, Part I mandatory ship reporting systems (data/authoritative/IMO_2025_Mandatory_Reporting_Systems.csv)",IMO (project baseline).,,Project-derived inventory; not independent primary evidence,2025 edition.,29 September 2026.,Carried forward; URL not reopened in this repository review.,Row I-I/19.,
SRC-120,Vessel Traffic Management System Port of Callao (case study),Wärtsilä (supplier).,https://www.wartsila.com/insights/case-study/port-of-callao,Lead only.,17 April 2025.,29 September 2026.,Carried forward; URL not reopened in this repository review.,Case study text.,
SRC-121,Rol de la Dirección General de Capitanías y Guardacostas ... y el trabajo realizado en Pisco,"DICAPI, Marina de Guerra del Perú (presentation hosted on gob.pe).",https://cdn.www.gob.pe/uploads/document/file/3257676/Presentaci%C3%B3n%20de%20la%20Capitan%C3%ADa%20del%20Puerto%20de%20Pisco.pdf.pdf,Tier 4.,May 2022.,29 September 2026.,Carried forward; URL not reopened in this repository review.,Slides 4 to 19.,
SRC-122,33 CFR 161.55 Vessel Traffic Service Puget Sound and the Cooperative Vessel Traffic Service for the Juan de Fuca Region,"US Government (eCFR, USCG rule).",https://www.ecfr.gov/api/versioner/v1/full/2026-09-01/title-33.xml?part=161,Tier 1.,eCFR point-in-time 2026-09-01 (section last amended USCG-2016-0498 era); accessed 2026-09-29.,29 September 2026.,Carried forward; URL not reopened in this repository review.,"Part 161 subpart C, s.161.55 and 161.55(a).",
SRC-123,"33 CFR Part 167 Offshore Traffic Separation Schemes: ss.167.400-406, 167.450-452, 167.500-503, 167.1310-1315, 167.1320-1323, 167.1330-1332","US Government (eCFR, USCG rule).",https://www.ecfr.gov/api/versioner/v1/full/2026-09-01/title-33.xml?part=167,Tier 1.,"eCFR point-in-time 2026-09-01 (Pacific sections from 65 FR 53913, 2000 and 75 FR 70826-70830, 19 Nov 2010); accessed 2026-09-29.",29 September 2026.,Carried forward; URL not reopened in this repository review.,"ss.167.1312 (southern lanes), 167.1313 (northern lanes), 167.1314 (eastern lanes), 167.1321-1323, 167.1331-1332, 167.401-406, 167.451-452, 167.501-503.",
SRC-124,Vessel Traffic Services Locations,USCG Navigation Center (NAVCEN).,https://www.navcen.uscg.gov/vessel-traffic-services-locations,Tier 2.,Undated web page; accessed 2026-09-29.,29 September 2026.,Carried forward; URL not reopened in this repository review.,Sections VTS San Francisco; VTS Los Angeles / Long Beach; VTS Puget Sound.,
SRC-125,"User's Manual, US Coast Guard Vessel Traffic Service Puget Sound 2024",USCG Vessel Traffic Service Puget Sound.,https://www.navcen.uscg.gov/sites/default/files/pdf/VTS%20User%20Guides/VTS_PS_UsersManual_(2024).pdf,Tier 2.,2024 edition; accessed 2026-09-29.,29 September 2026.,Carried forward; URL not reopened in this repository review.,"Introduction pp. iv-v (TSS, Surveillance, CVTS paragraphs).",
SRC-126,"Radio Aids to Marine Navigation 2026, Part 3 (ss.3.5.3.1 Victoria VTS Zone; 3.5.4 CVTS Agreement)",Canadian Coast Guard (MCTS).,https://www.canada.ca/content/dam/ccg-gcc/documents/publications/mcts-sctm/ramn-arnm-2026-eng.pdf,Tier 3.,"Annual Edition 2026, Version #8, 2026-09-25; copy downloaded from the URL on 2026-09-29 (a re-request later the same day failed with a server reset, so the saved copy was re-read).",29 September 2026.,Carried forward; URL not reopened in this repository review.,"Part 3 pp. 3-15 (Tables 3-1, 3-2), 3-28 to 3-29 (s.3.5.4).",
SRC-127,data/authoritative/IMO_2025_Mandatory_Reporting_Systems.csv,Global VTS project (derived from IMO Ships' Routeing 2025 Part I).,,Project-derived inventory; not independent primary evidence,Project baseline; read 2026-09-29.,29 September 2026.,Carried forward; URL not reopened in this repository review.,rows VRS-0001 to VRS-0023.,
SRC-128,"Vessel Traffic Services Zones Regulations, SOR/2025-275, Schedule 1 item 1 (Victoria)",Government of Canada (Justice Laws).,https://laws-lois.justice.gc.ca/eng/regulations/SOR-2025-275/FullText.html,Tier 1.,"Registered 2025-12-12; current to 2026-09-21, last amended 2026-03-31; accessed 2026-09-29.",29 September 2026.,Carried forward; URL not reopened in this repository review.,"s.3(1), s.7, s.9(1), Schedule 1 item 1.",
SRC-129,data/authoritative/IMO_2025_Mandatory_Reporting_Systems.csv,Global VTS project (derived from IMO Ships' Routeing 2025 Part I).,,Project-derived inventory; not independent primary evidence,Project baseline; read 2026-09-29.,29 September 2026.,Carried forward; URL not reopened in this repository review.,rows VRS-0001 to VRS-0023.,
SRC-130,VTS San Francisco User Manual,USCG Vessel Traffic Service San Francisco.,https://www.navcen.uscg.gov/sites/default/files/pdf/VTS%20User%20Guides/VTS_SF_UserManual_APR2025.pdf,Tier 2.,Updated 1 April 2025; accessed 2026-09-29.,29 September 2026.,Carried forward; URL not reopened in this repository review.,"Part I s.1(a), s.2 (p.6); Part J s.1 (p.7); traffic routing system s.3(c) (p.12).",
SRC-131,Vessel Traffic Service Los Angeles-Long Beach (VTS LA-LB) User Manual,Marine Exchange of Southern California and USCG (VTS LA-LB).,https://www.navcen.uscg.gov/sites/default/files/pdf/VTS%20User%20Guides/VTS_LALB_UserManual_210331.pdf,Tier 2.,Revised 1 April 2021 (current edition linked from NAVCEN on 2026-09-29).,29 September 2026.,Carried forward; URL not reopened in this repository review.,Introduction p.ii; Appendix A.2-A.4 pp. A-4 to A-6.,
SRC-132,"LA/LB Harbor Safety Plan, Chapter I Geographical Boundaries",Los Angeles/Long Beach Harbor Safety Committee (published by Marine Exchange of Southern California).,https://mxsocal.org/assets/pdf/hsp/10-lalb-hsp-chap-i-geographic-boundaries-2018-rev-2026-260318090043.pdf,Tier 4.,"June 30, 2018, Rev. 2026; accessed 2026-09-29.",29 September 2026.,Carried forward; URL not reopened in this repository review.,"pp. I-1 to I-3, items A.2 and A.4.",
SRC-133,Auditoría 2024-0006: Administración del Sistema Portuario Nacional Salina Cruz (Cuenta Pública 2024),Auditoría Superior de la Federación (Mexico).,https://www.asf.gob.mx/Trans/Informes/IR2024b/Documentos/Auditorias/2024_0006_a.pdf,Lead only.,Cuenta Pública 2024 audit (review to August 2025); accessed 2026-09-29.,29 September 2026.,Carried forward; URL not reopened in this repository review.,Antecedentes section.,
SRC-134,Modernización y ampliación del Puerto de Salina Cruz,"Government of Mexico (gob.mx, port modernisation presentation).",https://www.gob.mx/cms/uploads/attachment/file/883619/SALINA_CRUZ.pdf,Lead only.,Undated (2024 milestones); accessed 2026-09-29.,29 September 2026.,Carried forward; URL not reopened in this repository review.,p.2.,
SRC-135,The Hong Kong Vessel Traffic Centre,"Marine Department, HKSAR Government.",https://www.mardep.gov.hk/en/public-services/port-services/vts/exvts/index.html,Tier 2.,undated web page; accessed 2026-09-29.,29 September 2026.,Carried forward; URL not reopened in this repository review.,page text.,
SRC-136,VTS areas in Australia,Australian Maritime Safety Authority (AMSA).,https://www.amsa.gov.au/safety-navigation/navigating-coastal-waters/vts-areas-australia,Tier 2.,last updated 14 November 2023; accessed 2026-09-29.,29 September 2026.,Carried forward; URL not reopened in this repository review.,full list.,
SRC-137,Modernised Australian Ship Tracking and Reporting System,Australian Maritime Safety Authority (AMSA).,https://www.amsa.gov.au/safety-navigation/navigation-systems/modernised-australian-ship-tracking-and-reporting-system,Tier 2.,last updated 23 December 2020; accessed 2026-09-29.,29 September 2026.,Carried forward; URL not reopened in this repository review.,Participation.,
SRC-138,"Marine order 63 - Vessel reporting systems (current: Marine Order 63 (Vessel reporting systems) 2019, F2019L01463)",Australian Maritime Safety Authority (AMSA).,https://www.amsa.gov.au/about/regulations-and-standards/marine-order-63-vessel-reporting-systems,Tier 2.,page last updated 20 August 2026; MO 63 commenced 1 January 2020; accessed 2026-09-29.,29 September 2026.,Carried forward; URL not reopened in this repository review.,About.,
SRC-139,Vessel Traffic Services (VTS areas in Tasmania),TasPorts (Tasmanian Ports Corporation).,https://www.tasports.com.au/vts,Tier 2.,undated web page; accessed 2026-09-29.,29 September 2026.,Carried forward; URL not reopened in this repository review.,VTS areas in Tasmania; channel table.,
SRC-140,Vessel Traffic Services,US Coast Guard Navigation Center (NAVCEN).,https://www.navcen.uscg.gov/vessel-traffic-services,Tier 2.,undated web page; accessed 2026-09-29.,29 September 2026.,Carried forward; URL not reopened in this repository review.,introductory text.,
SRC-141,"Radio Aids to Marine Navigation 2026: Part 3: Vessel Traffic Services, section 3.5.4 Co-Operative Vessel Traffic Services (CVTS) Agreement",Canadian Coast Guard.,https://www.canada.ca/en/canadian-coast-guard/corporate/publications/radio-aids-marine-navigation/vessel-traffic-services.html,Tier 3.,2026 edition (web version); accessed 2026-09-29 via WebFetch (PDF and direct HTML download failed).,29 September 2026.,Carried forward; URL not reopened in this repository review.,s. 3.5.4.,
SRC-142,"Pub. 125 Sailing Directions (Enroute) West Coast of South America, 17th Edition",US National Geospatial-Intelligence Agency (NGA).,https://msi.nga.mil/api/publications/download?key=16694491/SFH00000/Pub125bk.pdf&type=download,Tier 3.,"2025, corrected to 19 April 2025; subsequent updates to 27 August 2026.",29 September 2026.,Carried forward; URL not reopened in this repository review.,"Sector 3 p.91 (Ilo); Sector 4 p.95 (CHILREP), pp.96-97 (VTS Arica diagram and text), pp.99-102 (VTS Iquique diagram and text), p.113 (VTS Mejillones), p.117 (Antofagasta); Sector 5 pp.147-148 (VTS Quintero), p.149 (VTS Valparaiso diagram), p.152 (VTS Valparaiso text), p.159 (Boca Grande TSS), pp.162-163, 166 (Talcahuano, San Vicente).",
SRC-143,data/authoritative/IMO_2025_Mandatory_Reporting_Systems.csv,"Global VTS project (IMO Ships' Routeing 2025 Edition, Part I).",,Project-derived inventory; not independent primary evidence,Ships' Routeing 2025 Edition baseline.,29 September 2026.,Carried forward; URL not reopened in this repository review.,rows VRS-0001 to VRS-0023.,
SRC-144,"Sistema de Notificación de la Situación de las Naves (CHILREP), guidance document","DIRECTEMAR (Armada de Chile), Servicio de Búsqueda y Salvamento Marítimo - MRCC Chile.",https://www.directemar.cl/directemar/site/docs/20200515/20200515201601/chilrep_v2_espa__ol.pdf,Tier 2.,Actualización agosto 2020.,29 September 2026.,Carried forward; URL not reopened in this repository review.,pp.5-6.,
SRC-145,data/authoritative/IMO_2025_Mandatory_Reporting_Systems.csv,"Global VTS project (IMO Ships' Routeing 2025 Edition, Part I).",,Project-derived inventory; not independent primary evidence,Ships' Routeing 2025 Edition baseline.,29 September 2026.,Carried forward; URL not reopened in this repository review.,rows VRS-0001 to VRS-0023.,
SRC-146,"Pub. 124 Sailing Directions (Enroute) East Coast of South America, 16th Edition",US National Geospatial-Intelligence Agency (NGA).,https://msi.nga.mil/api/publications/download?key=16694491/SFH00000/Pub124bk.pdf&type=download,Tier 3.,"2025, corrected to 13 February 2025; subsequent updates to 12 March 2026.",29 September 2026.,Carried forward; URL not reopened in this repository review.,"Sector 8 pp.247-248 (Estrecho de Magallanes Regulations); p.258 (Punta Arenas contact information, Directions).",
SRC-147,"Pub. 145 Sailing Directions (Enroute) Nova Scotia and the St. Lawrence, 19th Edition",US National Geospatial-Intelligence Agency (NGA).,https://msi.nga.mil/api/publications/download?key=16694491/SFH00000/Pub145bk.pdf&type=download,Tier 3.,"2025, corrected to 9 August 2025; subsequent updates to 25 June 2026.",29 September 2026.,Carried forward; URL not reopened in this repository review.,"Sector 4, para 4.1 Regulations and Vessel Traffic Service (print p.103); Canso Contact Information table (para 4.20).",
SRC-148,Pub. 147 Sailing Directions (Enroute) Caribbean Sea Volume I,US National Geospatial-Intelligence Agency (NGA).,https://msi.nga.mil/api/publications/download?key=16694491/SFH00000/Pub147bk.pdf&type=view,Tier 3.,"18th Edition 2025, file updated 28 August 2026.",29 September 2026.,Carried forward; URL not reopened in this repository review.,"Sector 4 paras 4.1 (p.42), 4.3 (p.44), 4.5 (p.45), 4.18 (p.53), 4.25 (p.56, Old Bahama Channel and Bahia de Nuevitas), 4.37 (p.60); Sector 5 paras 5.1 (p.66) and 5.2 (p.67).",
SRC-149,"Pub. 140 Sailing Directions (Planning Guide) North Atlantic Ocean and Adjacent Seas, Cuba chapter",US National Geospatial-Intelligence Agency (NGA).,https://msi.nga.mil/api/publications/download?key=16694492/SFH00000/Pub140bk.pdf&type=view,Tier 3.,"18th Edition 2025, file updated 20 June 2026.",29 September 2026.,Carried forward; URL not reopened in this repository review.,Cuba chapter pp.183 to 185 (Regulations; Search and Rescue).,
SRC-150,OP Notice to Shipping N-3-2026 Communication on Transit Activities,"Panama Canal Authority (ACP), Vice Presidency for Operations.",https://pancanal.com/wp-content/uploads/2021/08/N03-2026-Communication_BMV.pdf,Tier 2.,1 January 2026.,29 September 2026.,Carried forward; URL not reopened in this repository review.,"Section 3, p.3.",
SRC-151,Pub. 148 Sailing Directions (Enroute) Caribbean Sea Volume II,US National Geospatial-Intelligence Agency (NGA).,https://msi.nga.mil/api/publications/download?key=16694491/SFH00000/Pub148bk.pdf&type=view,Tier 3.,"19th Edition 2025, file updated 4 September 2026.",29 September 2026.,Carried forward; URL not reopened in this repository review.,"Sector 4 paras 4.38 (p.120), 4.40 (p.123), 4.44 (pp.127 to 129).",
SRC-152,Order No. 1226-r: Traffic separation schemes in the territorial sea of the Russian Federation,Government of the Russian Federation (text on third-party host meganorm.ru).,https://meganorm.ru/Data2/1/4293849/4293849842.htm,Lead only.,2 September 2006.,29 September 2026.,Carried forward; URL not reopened in this repository review.,Section 8 (scheme No. 12) and section 9 (scheme No. 13).,
SRC-153,Pub. 155 Sailing Directions (Enroute) East Coast of Russia,US National Geospatial-Intelligence Agency (NGA).,https://msi.nga.mil/api/publications/download?key=16694491/SFH00000/Pub155bk.pdf&type=view,Tier 3.,"16th Edition 2026, file updated 4 September 2026.",29 September 2026.,Carried forward; URL not reopened in this repository review.,"Sector 4 paras 4.1 (p.56), 4.6 (pp.58 to 59), 4.15 (p.61), 4.29 (p.65).",
SRC-154,"Pub. 120 Sailing Directions (Planning Guide) Pacific Ocean and Southeast Asia, Russia chapter",US National Geospatial-Intelligence Agency (NGA).,https://msi.nga.mil/api/publications/download?key=16694492/SFH00000/Pub120bk.pdf&type=view,Tier 3.,"15th Edition 2025, file updated 28 August 2026.",29 September 2026.,Carried forward; URL not reopened in this repository review.,Russia chapter pp.497 to 498 (Traffic Separation Schemes; Vessel Traffic Service).,
SRC-155,"Обязательные постановления в морском порту Корсаков (draft, file pr_mt_korsakov_op.doc)",Ministry of Transport of the Russian Federation (draft document on mintrans.gov.ru).,https://mintrans.gov.ru/file/398609,Lead only.,Undated draft; file metadata March 2013; approval status and currency not established.,29 September 2026.,Carried forward; URL not reopened in this repository review.,Section on VTS zone (Зона действия СУДС).,
SRC-156,data/authoritative/IMO_2025_Mandatory_Reporting_Systems.csv,Global VTS project (derived from IMO Ships' Routeing 2025 Part I).,,Project-derived inventory; not independent primary evidence,Ships' Routeing 2025 Edition baseline.,29 September 2026.,Carried forward; URL not reopened in this repository review.,"Rows I-I/22, I-I/23.",
SRC-157,"Обязательные постановления в морском порту Находка (Order of Mintrans of Russia No. 169 of 23 June 2011, reg. No. 21263)",Ministry of Transport of the Russian Federation (published in Rossiyskaya Gazeta).,https://rg.ru/documents/2011/07/05/naxodka-site-dok.html,Tier 1.,23 June 2011 original text; RG publication July 2011.,29 September 2026.,Carried forward; URL not reopened in this repository review.,Paras 52-55.,
SRC-158,Приказ Минтранса России от 23.06.2011 N 169 (ред. от 15.12.2017),legalacts.ru (third-party consolidation of Mintrans Order No. 169).,https://legalacts.ru/doc/prikaz-mintransa-rf-ot-23062011-n-169/,Lead only.,Consolidated to amendment of 15 December 2017.,29 September 2026.,Carried forward; URL not reopened in this repository review.,Header '(ред. от 15.12.2017)'; paras 52-54.,
SRC-159,"Resolution MSC.389(94): Amendments to the existing mandatory ship reporting system ""Off Chengshan Jiao Promontory""",IMO Maritime Safety Committee.,https://wwwcdn.imo.org/localresources/en/KnowledgeCentre/IndexofIMOResolutions/MSCResolutions/MSC%20389%2094.pdf,Tier 1.,Adopted 21 November 2014; in force 0000 UTC 1 June 2015.,29 September 2026.,Carried forward; URL not reopened in this repository review.,"Annex 16, paras 1.1, 2.1, 3.3, 4.1-4.2, 7.1-7.2.",
SRC-160,"COLREG.2/Circ.66 Amended traffic separation schemes, Annex 2: ""In the waters off the Chengshan Jiao Promontory""",IMO (COLREG.2/Circ.66; copy hosted by Vietnam Maritime Administration).,https://www.vimawa.gov.vn/f/Circ%2066.pdf,Tier 1.,21 November 2014; implemented 0000 UTC 1 June 2015.,29 September 2026.,Carried forward; URL not reopened in this repository review.,"Annex 2, Parts I and II, paras (a)-(v); Note under title.",
SRC-161,Notice on the revised Chengshan Jiao VTS rules and VTS User Guide (in force 2 December 2024),Shandong Maritime Safety Administration (China MSA).,https://www.sd.msa.gov.cn/art/2024/11/12/art_1443_1818894.html,Tier 2.,12 November 2024.,29 September 2026.,Carried forward; URL not reopened in this repository review.,Notice text on fishing within the VTS area.,
SRC-162,Resolution MSC.213(81): Mandatory ship reporting system for the Canary Islands (CANREP),IMO Maritime Safety Committee.,https://wwwcdn.imo.org/localresources/en/KnowledgeCentre/IndexofIMOResolutions/MSCResolutions/MSC.213(81).pdf,Tier 1.,Adopted 12 May 2006; in force 0000 UTC 1 December 2006.,29 September 2026.,Carried forward; URL not reopened in this repository review.,"Annex 1, paras 1.1, 2.1, 3.4.1; Appendix 1.",
SRC-163,"COLREG.2/Circ.57 New and amended existing traffic separation schemes, Annex 1: New traffic separation schemes for the Canary Islands",IMO (COLREG.2/Circ.57; copy hosted by Shanghai Maritime University CIMRC).,https://cimrc.shmtu.edu.cn/_upload/article/files/63/dc/35c66be74d12873254dc88a2ef00/8c6a3c5f-5a85-4450-980a-5534de9fcd0a.pdf,Tier 1.,26 May 2006; implemented 0000 UTC 1 December 2006.,29 September 2026.,Carried forward; URL not reopened in this repository review.,"Annex 1, sections 2 and 3, Notes.",
SRC-164,Visita el Centro de Coordinación de Salvamento Marítimo en Las Palmas de Gran Canaria,"Government of Spain (La Moncloa press office, Ministry of Transport).",https://www.lamoncloa.gob.es/serviciosdeprensa/notasprensa/transportes/Paginas/2020/201120-salvamento.aspx,Tier 4.,20 November 2020.,29 September 2026.,Carried forward; URL not reopened in this repository review.,Press release body.,
SRC-165,"Salvamento Marítimo auxilió en 2023 a 43.994 personas en Canarias, 20.997 migrantes",RTVC / EFE (media).,https://rtvc.es/salvamento-maritimo-auxilio-en-2023-a-43-994-personas-en-canarias-20-997-migrantes/,Lead only.,2 February 2024.,29 September 2026.,Carried forward; URL not reopened in this repository review.,Article body.,
SRC-166,"Radio Aids to Marine Navigation 2026, Part 2 (facilities information): 2.1.1 Halifax, Nova Scotia",Canadian Coast Guard.,https://www.canada.ca/en/canadian-coast-guard/corporate/publications/radio-aids-marine-navigation/facilities-information.html,Tier 3.,2026 edition (accessed 2026-09-29).,29 September 2026.,Carried forward; URL not reopened in this repository review.,2.1.1 Halifax.,
SRC-167,"US Coast Pilot 1, Chapter 9",NOAA Office of Coast Survey.,https://nauticalcharts.noaa.gov/publications/coast-pilot/files/cp1/CPB1_C09_WEB.pdf,Tier 3.,Current edition (27 Sep 2026).,29 September 2026.,Carried forward; URL not reopened in this repository review.,Chapter text on the approach.,
SRC-168,33 CFR Part 169 Subpart B Establishment of two mandatory ship reporting systems for the protection of northern right whales,US Coast Guard / eCFR.,https://www.ecfr.gov/api/versioner/v1/full/2026-09-01/title-33.xml?part=169,Tier 1.,eCFR point-in-time 2026-09-01 (accessed 2026-09-29).,29 September 2026.,Carried forward; URL not reopened in this repository review.,"169.100, 169.102, 169.105, 169.110, 169.115, 169.125, 169.130.",
SRC-169,"US Coast Pilot 2, Chapter 7",NOAA Office of Coast Survey.,https://nauticalcharts.noaa.gov/publications/coast-pilot/files/cp2/CPB2_C07_WEB.pdf,Tier 3.,Current edition (27 Sep 2026).,29 September 2026.,Carried forward; URL not reopened in this repository review.,Chapter text on the approach.,
SRC-170,"33 CFR 165.100 (RNA, USCG Northeast District) and 165.501 (Chesapeake Bay entrance and Hampton Roads RNA)",US Coast Guard / eCFR.,https://www.ecfr.gov/api/versioner/v1/full/2026-09-01/title-33.xml?part=165&section=165.501,Tier 1.,eCFR point-in-time 2026-09-01 (accessed 2026-09-29).,29 September 2026.,Carried forward; URL not reopened in this repository review.,165.100(d); 165.501.,
SRC-171,Vessel Traffic Service New York User's Manual,"USCG Sector New York, VTS New York.",https://www.navcen.uscg.gov/sites/default/files/pdf/VTS%20User%20Guides/VTS_NY_UserManuaFeb2023.pdf,Tier 2.,"Revised January 2023 (current link on NAVCEN, accessed 2026-09-29).",29 September 2026.,Carried forward; URL not reopened in this repository review.,Area chartlet legend (p.19); Guidelines for Ambrose Channel Tug and Barge Operations.,
SRC-172,"Local Notice to Mariners, District 1, 06/10/2025 (Ambrose Channel proposed ATON changes)",USCG First District / NAVCEN.,https://navcen.uscg.gov/sites/default/files/pdf/lnms/lnm01242025.pdf,Tier 3.,LNM dated 2025-06-10; proposal window 2025-04-03 to 2026-10-03.,29 September 2026.,Carried forward; URL not reopened in this repository review.,"Ambrose Channel / ATON Proposed Notice of Change, LLNR 34785, 34796, 34797.",
SRC-173,"US Coast Pilot 3, Chapter 6",NOAA Office of Coast Survey.,https://nauticalcharts.noaa.gov/publications/coast-pilot/files/cp3/CPB3_C06_WEB.pdf,Tier 3.,Current edition (27 Sep 2026).,29 September 2026.,Carried forward; URL not reopened in this repository review.,Chapter text on the approach.,
SRC-174,Maritime Exchange for the Delaware River and Bay vessel reporting (search snippet),Search result only (philadelphiaencyclopedia.org summary; not opened).,https://philadelphiaencyclopedia.org/essays/philadelphia-maritime-exchange/,Lead only.,n/a.,29 September 2026.,Carried forward; URL not reopened in this repository review.,Search snippet.,
SRC-175,"US Coast Pilot 3, Chapter 9",NOAA Office of Coast Survey.,https://nauticalcharts.noaa.gov/publications/coast-pilot/files/cp3/CPB3_C09_WEB.pdf,Tier 3.,Current edition (27 Sep 2026).,29 September 2026.,Carried forward; URL not reopened in this repository review.,Chapter text on the approach.,
SRC-176,"US Coast Pilot 4, Chapter 6",NOAA Office of Coast Survey.,https://nauticalcharts.noaa.gov/publications/coast-pilot/files/cp4/CPB4_C06_WEB.pdf,Tier 3.,Current edition (27 Sep 2026).,29 September 2026.,Carried forward; URL not reopened in this repository review.,Chapter text on the approach.,
SRC-177,"US Coast Pilot 4, Chapter 5",NOAA Office of Coast Survey.,https://nauticalcharts.noaa.gov/publications/coast-pilot/files/cp4/CPB4_C05_WEB.pdf,Tier 3.,Current edition (27 Sep 2026).,29 September 2026.,Carried forward; URL not reopened in this repository review.,Chapter text on the approach.,
SRC-178,VTS Houston-Galveston User's Manual 2025,"USCG Sector Houston-Galveston, VTS Houston-Galveston.",https://www.navcen.uscg.gov/sites/default/files/pdf/VTS%20User%20Guides/VTS_HG_UserManual_2025.pdf,Tier 2.,Revised March 2025 (accessed 2026-09-29).,29 September 2026.,Carried forward; URL not reopened in this repository review.,User groups page.,
SRC-179,Centro de Control de Tráfico Marítimo,Administración del Sistema Portuario Nacional Veracruz (ASIPONA Veracruz).,https://www.puertodeveracruz.com.mx/infraestructura/centro-de-control-de-trafico-maritimo/,Tier 2.,"Undated web page, site (c) 2026 (accessed 2026-09-29).",29 September 2026.,Carried forward; URL not reopened in this repository review.,Main page text.,
SRC-180,Centro de Control de Tráfico Marítimo: Área de Influencia,ASIPONA Veracruz.,https://www.puertodeveracruz.com.mx/infraestructura/centro-de-control-de-trafico-maritimo/area-de-influencia/,Tier 2.,Undated web page (accessed 2026-09-29).,29 September 2026.,Carried forward; URL not reopened in this repository review.,Área de Influencia text.,
SRC-181,Centro de Control de Tráfico Marítimo: Información General CCTM,ASIPONA Veracruz.,https://www.puertodeveracruz.com.mx/infraestructura/centro-de-control-de-trafico-maritimo/informacion-general-cctm/,Tier 2.,Undated web page (accessed 2026-09-29).,29 September 2026.,Carried forward; URL not reopened in this repository review.,Información General CCTM.,
SRC-182,data/authoritative/IMO_2025_Mandatory_Reporting_Systems.csv,"Global VTS project (IMO Ships' Routeing 2025 Edition, Part I).",,Project-derived inventory; not independent primary evidence,Ships' Routeing 2025 Edition baseline.,29 September 2026.,Carried forward; URL not reopened in this repository review.,rows VRS-0001 to VRS-0023.,
SRC-183,data/authoritative/IMO_2025_Mandatory_Reporting_Systems.csv,"Global VTS project (IMO Ships' Routeing 2025 Edition, Part I).",,Project-derived inventory; not independent primary evidence,Ships' Routeing 2025 Edition baseline.,29 September 2026.,Carried forward; URL not reopened in this repository review.,rows VRS-0001 to VRS-0023.,
SRC-184,data/authoritative/IMO_2025_Mandatory_Reporting_Systems.csv,"Global VTS project (IMO Ships' Routeing 2025 Edition, Part I).",,Project-derived inventory; not independent primary evidence,Ships' Routeing 2025 Edition baseline.,29 September 2026.,Carried forward; URL not reopened in this repository review.,rows VRS-0001 to VRS-0023.,
SRC-185,CROSS Corsen Bilan d'activité 2024,Préfecture maritime de l'Atlantique / CROSS Corsen.,https://www.premar-atlantique.gouv.fr/uploads/atlantique/pages/0aeb0352c8045036ca019e9377ee98fa.pdf,Primary current operational report.,,30 September 2026.,Carried forward; URL not reopened in this repository review.,,Defines the coastal VTS mission of Ouessant Traffic in the Ouessant TSS and records mandatory vessel reports received during 2024.
SRC-186,CROSS Jobourg VTS designation and Casquets scope,French maritime administration / CROSS Jobourg.,https://www.premar-manche.gouv.fr/uploads/manche/pages/docs-ocr/bilan-2014/cross_jobourg_-_bilan_operationnel_2014_janvier_2015_-2.pdf,Primary official VTS description.,,30 September 2026.,Carried forward; URL not reopened in this repository review.,,Explicitly designates CROSS Jobourg as the VTS for the Casquets TSS and adjacent coastal area and identifies its operation of the mandatory reporting system.
SRC-187,Current CROSS Jobourg Casquets operational evidence,Préfecture maritime de la Manche et de la mer du Nord.,https://www.premar-manche.gouv.fr/communiques-presse/operation-d-assistance-a-un-navire-en-difficulte-au-niveau-du-cap-de-la-hague,Primary current operational source.,,30 September 2026.,Carried forward; URL not reopened in this repository review.,,Confirms CROSS Jobourg continues active radar/traffic monitoring of commercial vessels in the Casquets routeing area.
SRC-188,PLA Tide Booklet 2026,Port of London Authority.,https://pla.co.uk/sites/default/files/2025-12/PLA-Tide-Booklet-2026.pdf,Primary port-authority navigational publication.,2026.,30 September 2026.,Carried forward; URL not reopened in this repository review.,,States that Sunk VTS covers the Sunk Inner Precautionary Area and TSS and is run by the MCA from CNIS Dover.
SRC-189,"MCA Sea Link response, April 2026",UK Maritime and Coastguard Agency.,https://nsip-documents.planninginspectorate.gov.uk/published-documents/EN020026-003122-MCA%20Sea%20Link%20Deadline%206%20response%20Cover%20Letter.pdf,Primary current authority submission.,13 April 2026.,30 September 2026.,Carried forward; URL not reopened in this repository review.,,Confirms MCA is the National Competent Authority for Sunk VTS and HM Coastguard is responsible for day-to-day operation.
SRC-190,"VTS-Scheldt VHF Procedures, version 7.3",VTS-Scheldt / Common Nautical Management.,https://www.vts-scheldt.net/download/d72c012e-266f-4fe4-8412-640b6485834e?dl=0,Primary operational VTS publication.,July 2025.,30 September 2026.,Carried forward; URL not reopened in this repository review.,,"Current VHF-sector limits in the Scheldt approaches. Used to test, but not assert, a West Hinder TSS-to-VTS relationship."
SRC-191,Netherlands Notice 41/261(P)/25: VTS Off Texel,Netherlands Hydrographic Service; reproduced in UKHO Weekly Edition 44 of 2025.,https://msi.admiralty.co.uk/NoticesToMariners/DownloadFile?batchId=fbeae6b4-4204-4a74-bf85-b699fa8be8b5&fileName=44snii25.pdf&frequency=Weekly&mimeType=application%2Fpdf,Primary official navigational notice through UKHO.,,30 September 2026.,Reopened full weekly edition 44wknm25.pdf at the same UKHO download endpoint. Coordinate table visually inspected; explicitly WGS84. SHA-256 1b02ef38fcbfb38a48c326aed4bca930c6fd0d4d42394cadcba0c11297ee5548.,"UKHO Weekly Edition 44/2025, printed page 2.56 / PDF page 70, notice 4791(P)/25; full weekly edition used for recheck.","Exact polygon of VTS Off Texel, VHF 63 and stated purpose of providing VTS in the TSS off Texel and Vlieland."
SRC-192,Rijkswaterstaat Verkeerscentrale Den Helder,Rijkswaterstaat.,https://www.rijkswaterstaat.nl/over-ons/onze-organisatie/organisatiestructuur/verkeer-en-watermanagement/verkeerscentrale-den-helder,Primary current operating-authority source.,,30 September 2026.,Carried forward; URL not reopened in this repository review.,,Confirms current operation of two traffic-service areas from Den Helder: VTS Den Helder on VHF 62 and VTS Off Texel on VHF 63.
SRC-193,Rijkswaterstaat current VTS centres dataset,Rijkswaterstaat / Fairway Information Services geodata.,https://geo.rijkswaterstaat.nl/services/ogc/gdr/fis_vnds/ogc/features/v1/collections/vts_centrales/items?f=text%2Fhtml&limit=25,Primary current government geodata.,,30 September 2026.,Carried forward; URL not reopened in this repository review.,,"Current Dutch VTS-centre inventory, including Den Helder, IJmuiden, Rotterdam, Scheveningen and Scheldt-related centres. Used with exact VTS-area boundaries rather than as sole evidence of absence."
SRC-194,South Åland Sea TSS: Master’s Guide,Fintraffic.,https://mastersguide.fintraffic.fi/en/south-aland-sea-tss,Primary authority material.,,,Opened during the repository review on 30 September 2026.,,South Åland Sea monitoring by Åland Sea Traffic from the Western Finland VTS centre; decision 1 applies.
SRC-195,New VTS Off Texel operational from 3 November 2025,Rijkswaterstaat.,https://www.rijkswaterstaat.nl/nieuws/archief/2025/10/nieuw-vts-gebied-off-texel-vanaf-3-november-operationeel,Primary authority material.,31 October 2025.,30 September 2026.,Reopened during B12 recheck; full authority webpage retrieved. SHA-256 f64abc43ef75b04326d24a447c35f235178194f51b0c8b1877b332f4dc887f45.,Sections Actieve verkeersbegeleiding and Ieder schip moet zich melden.,"H24 service, responsible authority and VHF 63 report for ships intending to enter the defined VTS area; no whole-route coverage inferred."
SRC-196,Container-ship advice and Off Texel VTS,Netherlands Coastguard.,https://kustwacht.nl/beroepsvaart/advies-voor-containerschepen-bij-waddeneilanden/,Primary authority material.,,,Opened during the repository review on 30 September 2026.,,Current authority confirmation of Off Texel; limits of route coverage require component mapping.
SRC-197,VTS Centres: international-waters monitoring,Fintraffic.,https://www.fintraffic.fi/fi/node/255,Primary authority material.,,,Opened during the repository review on 30 September 2026.,,Helsinki Traffic monitors northern GOFREP from the Gulf of Finland VTS centre; Åland Sea Traffic from Western Finland.
SRC-198,Monitoring international waters,Fintraffic.,https://www.fintraffic.fi/sv/node/254,Primary authority material.,,,Opened during the repository review on 30 September 2026.,,GOFREP centre allocation and four named TSS; South Åland Sea has no obligatory reporting system.
SRC-2000,Resolution MSC.278(85) Adoption of the new mandatory ship reporting system Off the coast of Portugal - COPREP,IMO Maritime Safety Committee.,https://wwwcdn.imo.org/localresources/en/KnowledgeCentre/IndexofIMOResolutions/MSCResolutions/MSC.278(85).pdf,Tier 1,Adopted 1 December 2008; in force 0000 UTC 1 June 2009,2026-09-30,"Opened during the B20-B29 Stage 2 review on 2026-09-30. Passage: ""ROCA CONTROL maintains a continuous 24-hour watch over the COPREP area.""","Annex 16, paras 2.1 and 7.1","COPREP (VRS-0012) area: shore to 39 45 N; west/south line 39 45 N 010 14 W, 38 41 N 010 14 W, 36 30 N 009 35 W, 36 15 N 008 30 W; east 008 30 W. Roca Control is the shore authority."
SRC-2001,"Decreto-Lei n.º 263/2009, de 28 de Setembro (VTS costeiro do continente) - copy hosted by Marinha (LexMar)","Portugal, Government (Diário da República, 1.ª série, N.º 188).","https://www.marinha.pt/Conteudos_Externos/LexMar2/PGPAT%20100/PGPAT%201000%20-%20Cap%C3%ADtulos/Capitulo%20K%20EST/Dec.%20Lei%20263_2009,%20de%2028Set.pdf",Tier 1,28 September 2009,2026-09-30,"Opened during the B20-B29 Stage 2 review on 2026-09-30. Passage: ""zela ... pela observância das regras nacionais e internacionais sobre o controlo e segurança da navegação ... e, em particular, pela observância das regras aplicáveis aos esquemas de separação de tráfego.""","Arts 6, 9, 10(4)","Statutory area of the VTS costeiro do continente (art. 6): coast to 41 51 05 N; 41 51 05 N 010 14 W, 38 41 N 010 14 W, 36 30 N 009 35 W, 36 12 N 007 24 W; east 007 24 W. CCTMC directs the service (art. 9) and supervises TSS rules (art. 10(4))."
SRC-2002,"COLREG.2/Circ.55 New and amended existing traffic separation schemes, annex 6 Amendments to the existing TSS Off Cape S. Vicente",IMO (circular; copy on Shanghai Maritime University site).,https://cimrc.shmtu.edu.cn/_upload/article/files/63/dc/35c66be74d12873254dc88a2ef00/86d93ef4-7703-4521-9e6a-9cf44e04d79d.pdf,Tier 1,15 December 2004; implemented 0000 UTC 1 July 2005,2026-09-30,"Opened during the B20-B29 Stage 2 review on 2026-09-30. Passage: ""(36) 36° 56'.72 N  009° 43'.16 W""","Annex 6, paras (a) to (f)","Coordinates of the TSS Off Cape S. Vicente (ED50, chart 21101), used for the overlay against COPREP and the Portuguese VTS area. Outermost positions (35) 36 44.37 N 009 39.59 W and (36) 36 56.72 N 009 43.16 W."
SRC-2003,"COLREG.2/Circ.55/Corr.1 New and amended traffic separation schemes, Corrigendum",IMO (circular; copy on Shanghai Maritime University site).,https://cimrc.shmtu.edu.cn/_upload/article/files/63/dc/35c66be74d12873254dc88a2ef00/f7089b7d-cf39-4f09-869f-1dba08de0dd3.pdf,Tier 1,30 March 2005,2026-09-30,"Opened during the B20-B29 Stage 2 review on 2026-09-30. Passage: ""The correct co-ordinates for geographical position (36 ß 45΄.16N  009ß 01΄.07W) are: 3 6 ß 45΄.16N  008ß 58΄.93W""",Item 4,Corrects only the inshore-zone position in section (f) of the Cape S. Vicente annex (to 36 45.16 N 008 58.93 W); outer lane positions unchanged.
SRC-2004,Resolution MSC.190(79) Adoption of mandatory ship reporting system in the Western European Particularly Sensitive Sea Area (WETREP),IMO Maritime Safety Committee.,https://wwwcdn.imo.org/localresources/en/KnowledgeCentre/IndexofIMOResolutions/MSCResolutions/MSC.190(79).pdf,Tier 1,Adopted 6 December 2004,2026-09-30,"Opened during the B20-B29 Stage 2 review on 2026-09-30. Passage: ""Off Cape Roca","Annex 32, paras 1, 2.1, 6.2.1","WETREP (VRS-0005) names the TSS Off Cape S. Vicente; tanker-only applicability (oil tankers over 600 dwt carrying heavy crude, heavy fuel oil, bitumen/tar); area eastern limit at the Guadiana mouth (37 10 N 007 25 W), so Banco del Hoyo is outside."
SRC-2005,VTS System (Sistema costeiro de VTS) web page,"Direção-Geral de Recursos Naturais, Segurança e Serviços Marítimos (DGRM).",https://dgrm.pt/en/web/guest/sistema-costeiro-de-vts,Tier 2,Undated live page; accessed 2026-09-30,2026-09-30,"Opened during the B20-B29 Stage 2 review on 2026-09-30. Passage: ""namely by organizing traffic through traffic separation schemes (EST)""",Page body,"Current operation of the coastal VTS by DGRM, organising traffic through TSS; CCTM operate the system."
SRC-2006,Contactos do VTS Costeiro (ROCA CONTROL),DGRM.,https://dgrm.pt/en/web/guest/contacto-do-vts-costeiro-roca-contral-,Tier 2,Undated live page; accessed 2026-09-30,2026-09-30,"Opened during the B20-B29 Stage 2 review on 2026-09-30. Passage: ""Contactos do VTS Costeiro (ROCA CONTROL)""",Page heading,Current official identification of the coastal VTS call sign Roca Control and its contact details.
SRC-2007,Resolution A.186(VI) Recommendation on establishing additional traffic separation schemes and areas to be avoided,IMO Assembly.,https://wwwcdn.imo.org/localresources/en/KnowledgeCentre/IndexofIMOResolutions/AssemblyDocuments/A.186(6).pdf,Tier 1,Adopted 28 October 1969,2026-09-30,"Opened during the B20-B29 Stage 2 review on 2026-09-30. Passage: ""A two-mile wide separation zone is centred upon the following geographical positions: (i) 35°55'.5 N., 6°6'.0 W (ii) 35°55'.5 N., 6°12'.0 W""","Annex, scheme 1",Position of the TSS At Banco del Hoyo: separation zone centred on 35 55.5 N between 006 06 W and 006 12 W; limits 35 52.3 N to 35 58.2 N. Places the TSS west of GIBREP (005 58 W) and east of COPREP (008 30 W) and WETREP (007 25 W).
SRC-2008,Resolution MSC.300(87) Adoption of amendments to the existing mandatory ship reporting system In the Strait of Gibraltar (GIBREP),IMO Maritime Safety Committee.,https://wwwcdn.imo.org/localresources/en/KnowledgeCentre/IndexofIMOResolutions/MSCResolutions/MSC.300(87).pdf,Tier 1,Adopted 17 May 2010; in force 0000 UTC 1 December 2010,2026-09-30,"Opened during the B20-B29 Stage 2 review on 2026-09-30. Passage: ""This area includes the amended traffic separation scheme ""In the Strait of Gibraltar"" (IMO circular COLREG.2/Circ.58).""","Annex paras 1, 2.1, 3.4, 3.5.1",GIBREP (VRS-0013) area 005 58 W to 005 15 W expressly includes the TSS In the Strait of Gibraltar; shore authorities Tarifa Traffic (MRCC Tarifa) and Tangier Traffic (CSTM Tanger); both monitor the TSS by radar and AIS. Ships of 300 GT and over plus listed smaller categories.
SRC-2009,Orden del Ministro por la que se aprueba el Plan de Actuación de SASEMAR 2025-2027,Ministerio de Transportes y Movilidad Sostenible / SASEMAR.,https://www.salvamentomaritimo.es/statics/multimedia/documents/2025/10/08/PLAN_ACTUACION_25-27_F.pdf,Tier 2,Posted 8 October 2025,2026-09-30,"Opened during the B20-B29 Stage 2 review on 2026-09-30. Passage: ""los CCS ubicados en Finisterre, Tarifa y Almería tienen asignadas también las tareas de supervisión del tráfico marítimo en los Dispositivos de Separación de Tráfico establecidos en Finisterre, Estrecho y Cabo de Gata, respectivamente.""",Section '20 Centros de Coordinación de Salvamento',"CCS Finisterre, Tarifa and Almería are assigned supervision of traffic in the DST of Finisterre, the Strait and Cabo de Gata respectively; other CCS monitor port traffic only (Cartagena, Castellón etc.). No DST supervision assigned for Cabo de Palos or Cabo de la Nao."
SRC-2010,Orden del Ministro por la que se aprueba el Plan Anual de Actuación 2025 de SASEMAR,Ministerio de Transportes y Movilidad Sostenible / SASEMAR.,https://www.salvamentomaritimo.es/statics/multimedia/documents/2025/10/08/Plan_Anual_2025_F.pdf,Tier 2,Posted 8 October 2025,2026-09-30,"Opened during the B20-B29 Stage 2 review on 2026-09-30. Passage: ""Los CCS ubicados en Finisterre, Tarifa, Almería, Tenerife y Las Palmas tienen asignadas también, las tareas de supervisión del tráfico marítimo en los Dispositivos de Separación de Tráfico""","Section on CCS, p. 9","Same assignment with Canarias added: CCS Finisterre, Tarifa, Almería, Tenerife and Las Palmas supervise the DST of Finisterre, Estrecho, Cabo de Gata and Canarias."
SRC-2011,El control del tráfico marítimo en los puertos,"Ministerio de Transportes y Movilidad Sostenible, Tramos magazine (text by Salvamento Marítimo).",https://www.transportes.gob.es/recursos_mfom/comodin/recursos/13_el_control_del_trafico_maritimo.pdf,Tier 4,"Tramos, July-August 2025",2026-09-30,"Opened during the B20-B29 Stage 2 review on 2026-09-30. Passage: ""el número total de buques controlados en 2024 por los centros de Salvamento Marítimo en los DST de Fisterra, Tarifa, Cabo de Gata, Canarias Oriental y Occidental""",p. 92-93,"2024 DST traffic control by Salvamento Marítimo limited to Fisterra, Tarifa, Cabo de Gata, Canarias; port traffic contracts with 12 port authorities (including Almería, Cartagena, Castellón, Cádiz)."
SRC-2012,"COLREG.2/Circ.57 New and amended existing traffic separation schemes, annex 3 Off Cabo de Gata (amended scheme)",IMO (circular; copy on Shanghai Maritime University site).,https://cimrc.shmtu.edu.cn/_upload/article/files/63/dc/35c66be74d12873254dc88a2ef00/8c6a3c5f-5a85-4450-980a-5534de9fcd0a.pdf,Tier 1,26 May 2006; implemented 0000 UTC 1 December 2006,2026-09-30,"Opened during the B20-B29 Stage 2 review on 2026-09-30. Passage: ""Note: Ships that so wish may give voluntary notification of entry to and departure from the TSS, via the Almería MRCC, using VHF channel 16.""","Annex 3, note",Voluntary notification of entry to and departure from the Cabo de Gata TSS via Almería MRCC on VHF 16 (not a mandatory scheme).
SRC-2013,"COLREG.2/Circ.67 New and amended traffic separation schemes, annex 2 New TSS In the Corsica Channel",IMO (circular; copy on Shanghai Maritime University site).,https://cimrc.shmtu.edu.cn/_upload/article/files/63/dc/35c66be74d12873254dc88a2ef00/65c44f78-cf76-44e1-aa8a-6727556bcb18.pdf,Tier 1,20 May 2016; implemented 0000 UTC 1 December 2016,2026-09-30,"Opened during the B20-B29 Stage 2 review on 2026-09-30. Passage: ""NEW TRAFFIC SEPARATION SCHEME ""IN THE CORSICA CHANNEL""""",Annex 2,"Identity and position of the Corsica Channel TSS (43 02 N to 42 54 N, about 009 33 to 009 43 E, between Cap Corse and Capraia); the description contains no reporting provision."
SRC-2014,Dossier de presse: 60 ans des CROSS,Ministère chargé de la Mer (France).,https://www.ecologie.gouv.fr/sites/default/files/documents/03062026_DP_60_ans_CROSS.pdf,Tier 2,3 June 2026,2026-09-30,"Opened during the B20-B29 Stage 2 review on 2026-09-30. Passage: ""Les CROSS de la Manche assurent un service de trafic maritime avec en particulier une surveillance renforcée dans les dispositifs de séparation du trafic (DST)""","pp. 3, 7-9",Official 2026 statement that VTS functions and reinforced DST surveillance are provided by the Channel CROSS; CROSS Med en Corse is described as a SAR sub-centre. Does not establish a VTS for the Corsica Channel.
SRC-2015,Traffico marittimo: intesa tra Italia e Francia,Ministero delle Infrastrutture e dei Trasporti (Italy).,https://www.mit.gov.it/node/298,Lead only,Published 3 November 2015; last modified 20 December 2022,2026-09-30,"Opened during the B20-B29 Stage 2 review on 2026-09-30. Passage: ""prevedendo anche un monitoraggio più attento che consenta una migliore e più rapida risposta in caso di emergenza.""",Press release,"Background: Franco-Italian agreement on the Corsica Channel TSS, foreseeing closer monitoring; names no VTS or reporting scheme."
SRC-2016,"Resolution MSC.139(76) Mandatory ship reporting systems, annex 2 In the Adriatic Sea (ADRIREP)",IMO Maritime Safety Committee.,https://wwwcdn.imo.org/localresources/en/KnowledgeCentre/IndexofIMOResolutions/MSCResolutions/MSC.139(76).pdf,Tier 1,Adopted 5 December 2002; ADRIREP annex revoked from 0000 UTC 1 December 2026 by MSC.598(111),2026-09-30,"Opened during the B20-B29 Stage 2 review on 2026-09-30. Passage: ""The operational area of the mandatory ship reporting system covers the whole Adriatic Sea, north from the latitude 40° 25’.00 N""","Annex 13, annex 2 paras 1.1, 2.1 and sector table","ADRIREP (VRS-0015) covers the whole Adriatic north of 40 25 N; current applicability oil tankers 150 GT+ and ships 300 GT+ carrying dangerous or polluting goods; sectors 4 (43 20 N to 44 30 N, Ancona) and 5 (north of 44 30 N, Venezia/Trieste/Koper)."
SRC-2017,Resolution MSC.598(111) Mandatory ship reporting system In the Adriatic Sea (ADRIREP),IMO Maritime Safety Committee.,https://wwwcdn.imo.org/localresources/en/KnowledgeCentre/IndexofIMOResolutions/MSCResolutions/MSC.598(111).pdf,Tier 1,Adopted 22 May 2026; implemented 0000 UTC 1 December 2026,2026-09-30,"Opened during the B20-B29 Stage 2 review on 2026-09-30. Passage: ""the revised mandatory ship reporting system In the Adriatic Sea (ADRIREP) ... will be implemented at 0000 hours UTC on 1 December 2026""","Operative paras 1-4; annex paras 1.1, 2.1, 7; appendix 2","Revised ADRIREP from 1 December 2026: same area north of 40 25 N; oil tankers 150 GT+, all ships 10,000 GT+, all other ships carrying hazardous cargo; shore authorities include VTS Croatia (Dubrovnik, Split, Rijeka), VTS Venezia, VTS Trieste, Ravenna and Ancona Coast Guard, MRCC Koper."
SRC-2018,Oglas za pomorce 11/2004: New traffic separation schemes in the Adriatic Sea,Hrvatski hidrografski institut (HHI).,https://www.hhi.hr/Portals/0/adam/HHI/-8JbRqCwx0uz709cW3WizQ/PdfView/ozp200411.pdf,Tier 3,Issue 11/2004,2026-09-30,"Opened during the B20-B29 Stage 2 review on 2026-09-30. Passage: ""I. Sjeverni Jadran - istočni dio / THE NORTH ADRIATIC SEA - EASTERN PART""","Corrections to charts 1-11/04, sections I and II","Identity: the North Adriatic Sea TSS has an eastern part (about 44 04 N 014 04 E to 44 57 N 013 16 E, towards Istria) and a western part."
SRC-2019,Oglas za pomorce 5/2007: Amendments to the TSS in the North Adriatic Sea - western part and approaches to the Gulf of Venice,Hrvatski hidrografski institut (HHI).,https://www.hhi.hr/Portals/0/adam/HHI/e6km52KhgU6Yh_fRdHfSdw/PdfView/ozp200705.pdf,Tier 3,Issue 5/2007; amendments in force 0000 UTC 1 July 2007,2026-09-30,"Opened during the B20-B29 Stage 2 review on 2026-09-30. Passage: ""At 0000 UTC (0200LT), 1 July 2007, Amendments to the Traffic Separation Scheme in the Adriatic Sea, North Adriatic (western part) and approach to the Gulf of Venice""",Section 'IN THE NORTH ADRIATIC SEA - WESTERN PART (amended)',Coordinates of the amended western part (43 53 N 013 47 E to 44 46 N 013 00 E).
SRC-2020,Pravilnik o sigurnosti pomorske plovidbe u unutarnjim morskim vodama i teritorijalnom moru RH te načinu i uvjetima obavljanja nadzora i upravljanja pomorskim prometom (NN 52/2025-685),"Ministarstvo mora, prometa i infrastrukture (Croatia), Narodne novine.",https://narodne-novine.nn.hr/clanci/sluzbeni/2025_03_52_685.html,Tier 1,"Narodne novine 52/2025, 21 March 2025",2026-09-30,"Opened during the B20-B29 Stage 2 review on 2026-09-30. Passage: ""(2) VTS služba nadzire primjenu sustava usmjerene i odijeljene plovidbe na Jadranskom moru koje je usvojila IMO.""","Arts 92, 93(12), 101, 102","Croatian VTS area covers internal waters, territorial sea and exclusive economic zone (art. 93(12)); the VTS service supervises the IMO-adopted routeing and TSS in the Adriatic and ADRIREP (art. 101(2)-(3)); VTS sectors A, B (surveillance) and Rijeka, Zadar, Šibenik, Split, Ploče, Dubrovnik (art. 102)."
SRC-2021,Dispositivos de separación de tráfico (official web page),"Sociedad de Salvamento y Seguridad Marítima (SASEMAR), Spain.",https://www.salvamentomaritimo.es/mejora-tu-seguridad/control-y-servicios-en-la-mar/dispositivos-de-separacion-de-trafico,Tier 2,Undated live page; accessed 2026-09-30,2026-09-30,"Opened during the B20-B29 Stage 2 review on 2026-09-30. Passage: ""El Centro de Coordinación de Salvamento de Tarifa presta el Servicio de Tráfico Marítimo en el Estrecho de Gibraltar""","Page body, section 'Dispositivo de Separación de Tráfico del Estrecho de Gibraltar'","Lists Spain's DST (Finisterre, Estrecho, Cabo de Gata, Canarias, Cabo de Palos, Cabo de la Nao); mandatory reporting only at Finisterre, the Strait and the Canarias PSSA, voluntary at Cabo de Gata; CCS Tarifa provides the VTS in the Strait of Gibraltar."
SRC-2022,Controlamos el tráfico marítimo (official web page),"Sociedad de Salvamento y Seguridad Marítima (SASEMAR), Spain.",https://www.salvamentomaritimo.es/conocenos/nuestra-actividad/controlamos-el-trafico-maritimo,Tier 2,Undated live page; accessed 2026-09-30,2026-09-30,"Opened during the B20-B29 Stage 2 review on 2026-09-30. Passage: ""mediante el seguimiento y ayuda al tráfico, tanto en los Dispositivos de Separación de Tráfico de Finisterre, Tarifa, Cabo de Gata y Canarias Oriental y Occidental""",Page body,"Salvamento Marítimo monitors and assists traffic in the DST of Finisterre, Tarifa, Cabo de Gata and Canarias (not Cabo de Palos or Cabo de la Nao) and in ports where it provides that service."
SRC-2023,Resolución de 17 de julio de 2023 ... Ordenanza del procedimiento de control del tráfico marítimo en aguas del puerto de Almería (BOE-A-2023-18285),Autoridad Portuaria de Almería (Boletín Oficial del Estado).,https://www.boe.es/eli/es/res/2023/07/17/(4),Tier 1,"BOE núm. 190, 10 August 2023",2026-09-30,"Opened during the B20-B29 Stage 2 review on 2026-09-30. Passage: ""Todas las comunicaciones referentes al Tráfico Marítimo ... serán canalizadas a través de Almería Port Control""",Sections 1 and 6,"CCS Almería (SASEMAR) operates the Almería port maritime traffic service as Almería Port Control (VHF 15), showing the centre is an operating VTS centre; port service only, does not itself reach the Cabo de Gata TSS."
SRC-2024,Agreement between Italy and Yugoslavia concerning the Delimitation of the Continental Shelf between the two Countries in the Adriatic Sea,United Nations DOALOS (treaty text).,https://static.un.org/depts/los/LEGISLATIONANDTREATIES/PDFFILES/TREATIES/ITA-YUG1968CS.PDF,Tier 1,8 January 1968 (in force 21 January 1970); corrected technically by Croatia-Italy agreement 2005 (not opened),2026-09-30,"Opened during the B20-B29 Stage 2 review on 2026-09-30. Passage: ""16 44° 00'.5 14° 00'.9""","Article 1, points 07-17","Boundary points 7 to 17 used to overlay the North Adriatic TSS: eastern part wholly on the Croatian side, western part mainly on the Italian side."
SRC-2025,"COLREG.2/Circ.54, annex 3: New traffic separation schemes in the Adriatic Sea","IMO (compilation of COLREG.2 circulars hosted by Transportstyrelsen, Sweden).",https://www.transportstyrelsen.se/globalassets/global/sjofart/dokument/sjotrafik_dok/imo_colreg.2_cirkular.pdf?id=58526,Tier 1,28 May 2004 (implemented 1 December 2004),2026-09-30,"Opened during the B20-B29 Stage 2 review on 2026-09-30. Passage: ""IN THE NORTH ADRIATIC SEA – EASTERN PART""",Annex 3,"The Adriatic schemes are grouped as 'In the North Adriatic Sea - eastern part' and '- western part', with separate headings for the approaches to the Gulfs of Trieste and Venice."
SRC-2026,Italy Venice VTS Common Procedures (users' manual),"Guardia Costiera, Capitaneria di Porto di Venezia (Italy).",https://www.guardiacostiera.gov.it/portale/documents/d/guest/en_venezia_manuale_utentevts,Tier 2,"Edition No. 00, last updated 19/09/17 (file on official portal, re-uploaded 9 Sep 2024)",2026-09-30,"Opened during the B20-B29 Stage 2 review on 2026-09-30. Passage: ""Even if not inside Venice VTS Area, vessels are bound to report the North Adriatic Traffic Separation Scheme""",Section on traffic separation schemes; annex 4,The North Adriatic TSS lies outside the Venice VTS area.
SRC-2027,"COLREG.2/Circ.58, annex 6: Approaches to Gulf of Venice (amended)",IMO (same compilation).,https://www.transportstyrelsen.se/globalassets/global/sjofart/dokument/sjotrafik_dok/imo_colreg.2_cirkular.pdf?id=58526,Tier 1,11 December 2006 (implemented 1 July 2007),2026-09-30,"Opened during the B20-B29 Stage 2 review on 2026-09-30. Passage: ""The separation zone in the approaches to Gulf of Venice is amended with the establishments of a new scheme consisting of two new separation schemes connected by a precautionary area""","PDF pp. 315 to 316 (Circ.58 annex 6, paras 14 to 16)","Current geometry of the Approaches to Gulf of Venice TSS (northern and southern parts); northern ends at 45°14'.30N 012°34'.00E, 45°12'.00N 012°31'.50E, lane limits 45°15'.70N 012°35'.70E and 45°10'.30N 012°29'.50E"
SRC-2028,"Resolution MSC.598(111), Mandatory ship reporting system ""In the Adriatic Sea"" (ADRIREP)",IMO Maritime Safety Committee.,https://wwwcdn.imo.org/localresources/en/KnowledgeCentre/IndexofIMOResolutions/MSCResolutions/MSC.598(111).pdf,Tier 1,Adopted 22 May 2026; implemented 0000 UTC 1 December 2026; revokes annex 2 to MSC.139(76) from that date,2026-09-30,"Opened during the B20-B29 Stage 2 review on 2026-09-30. Passage: ""The operational area of the mandatory ship reporting system covers the whole Adriatic Sea, north from the latitude 40° 25'.00 N""",Operative para 4; annex para 2.1; para 7 (shore-based facilities),"ADRIREP area covers the whole Adriatic north of 40°25'N (all five B22 TSS lie inside); VTS Venezia, VTS Trieste, VTS Croatia, MRCC Koper named as shore-based authorities; continuity of ADRIREP after 30 November 2026"
SRC-2029,Koper VTS User's Manual,Uprava Republike Slovenije za pomorstvo (Slovenian Maritime Administration).,https://www.gov.si/assets/organi-v-sestavi/URSP/Dokumenti/VTS/Koper-VTS-Users-Manual.pdf,Tier 2,"Version 1, 30 November 2025 (PDF created 9 April 2026)",2026-09-30,"Opened during the B20-B29 Stage 2 review on 2026-09-30. Passage: ""Koper VTS area covers the internal waters and territorial sea of the Republic of Slovenia.""",Section 3 VTS area and Photo 1 (p. 5); section 4 (p. 6); section 7.1 (pp. 14 to 15),Koper VTS area = Slovenian internal waters and territorial sea; Photo 1 (VTS area chart) shows the whole Approaches to/from Koper TSS and the south-eastern part of the In the Gulf of Trieste TSS inside the shaded VTS area; section 7.1 reproduces both TSS and requires lane use within the VTS area; participation 300 GT+
SRC-2030,Koper VTS (Vessel Traffic Service) service page,"Government of the Republic of Slovenia (gov.si), Slovenian Maritime Administration.",https://www.gov.si/en/registries/services/koper-vts/,Tier 2,Last edited 15 April 2026,2026-09-30,"Opened during the B20-B29 Stage 2 review on 2026-09-30. Passage: ""This includes the management of the Traffic Separation Scheme (TSS), coordination of traffic flow in relation to vessel arrivals and departures schedule, and oversight of anchoring areas.""",VTS Operations and Objectives,Koper VTS operational; monitoring and management includes management of the TSS; area Slovenian inland and territorial waters
SRC-2031,Storitve VTS zagotovljene z današnjim dnem (news item),Government of the Republic of Slovenia (gov.si).,https://www.gov.si/novice/2026-01-06-storitve-vts-zagotovljene-z-danasnjim-dnem/,Tier 2,6 January 2026,2026-09-30,"Opened during the B20-B29 Stage 2 review on 2026-09-30. Passage: ""Služba VTS zagotavlja storitve VTS od 6. januarja 2026 dalje""",News text,"Koper VTS services started 6 January 2026, operated by the Maritime Administration in Slovenian internal waters and territorial sea"
SRC-2032,VTS Trieste Manuale Utente,"Guardia Costiera, Capitaneria di Porto di Trieste (Italy).",https://www.guardiacostiera.gov.it/portale/documents/d/guest/it_trieste_manuale_utentevts,Tier 2,"Edizione n.002, Gennaio 2018 (file re-uploaded 9 September 2024; current edition on the official portal, accessed 30 September 2026)",2026-09-30,"Opened during the B20-B29 Stage 2 review on 2026-09-30. Passage: ""lo schema di separazione del traffico adottato con la Ris. IMO COLREG2/Circ.58 dell'11/12/2006 nella parte finale di ingresso/uscita dal porto di Monfalcone""",p. 2 Limiti Area VTS Trieste; p. 5 Schemi di separazione; Allegato 1 (PDF p. 9); Allegato 3,"VTS Trieste area limits (points A to G, westernmost 013°34.600'E); limits drawn taking account of the Monfalcone TSS; Allegato 1 chart shows the Monfalcone lanes inside the area and the Gulf of Trieste TSS outside it; text claims inclusion of the Gulf TSS (conflict)"
SRC-2033,"Italy Venice VTS Common Procedures (Venezia VTS users' manual, English)","Guardia Costiera, Capitaneria di Porto di Venezia (Italy).",https://www.guardiacostiera.gov.it/portale/documents/d/guest/en_venezia_manuale_utentevts,Tier 2,"Edition No. 00, last updated 19/09/17 (file re-uploaded 9 September 2024; current edition on the official portal)",2026-09-30,"Opened during the B20-B29 Stage 2 review on 2026-09-30. Passage: ""ANNEX 4 – TRAFFIC SEPARATION SCHEMES OUTSIDE VENICE V.T.S. AREA""","p. 4 VTS area and First call; p. 9 Traffic separation scheme; Annex 3 (p. 15); Annex 4 (p. 19, Figures 13 and 14)",Venice VTS area points A to E; Annex 3 shows local (national) TSS within the VTS area; Annex 4 is headed 'Traffic separation schemes outside Venice V.T.S. area' and shows the IMO Gulf of Venice TSS (Circ.58) there; first call 5 NM outside outer limit
SRC-2034,Vessel Traffic Service (portal page with list of VTS centre manuals),"Comando Generale del Corpo delle Capitanerie di Porto, Guardia Costiera (Italy).",https://www.guardiacostiera.gov.it/portale/vessel-traffic-service,Tier 2,Undated; accessed 30 September 2026,2026-09-30,"Opened during the B20-B29 Stage 2 review on 2026-09-30. Passage: ""Attualmente i Centri VTS in Italia sono 11.""",Elenco dei manuali dei centri VTS,"11 Italian VTS centres currently, including Trieste and Venezia, with current manuals; no Monfalcone centre listed"
SRC-2035,"Nadzor i upravljanje pomorskim prometom, VTS Hrvatska (supplement to Radioslužba za pomorce)",Hrvatski hidrografski institut (Croatia).,https://www.hhi.hr/Portals/0/adam/HHI/a14_Qn4yJECeVbpwF_KLag/CouponFiles/VTS_RS_2015.pdf,Lead only,2014/2015 (file VTS_RS_2015; notice 33-12/14),2026-09-30,"Opened during the B20-B29 Stage 2 review on 2026-09-30. Passage: ""VTS služba nadzire primjenu sustava usmjerene i odijeljene plovidbe na Jadranskom moru ... u VTS području.""",p. 28-1 Opis; p. 28-2 VTS područje; p. 28-9 Sektor A,"Lead: VTS Croatia area includes internal waters, territorial sea and the ZERP (Sector A); VTS monitors Circ.54/58 routeing within its area. Older than three years and does not locate individual TSS; not used for any positive link"
SRC-2036,Resolution A.338(IX) Routeing systems: Saronicos Gulf (in the approaches to Piraeus Harbour) (as amended),IMO Assembly.,https://wwwcdn.imo.org/localresources/en/KnowledgeCentre/IndexofIMOResolutions/AssemblyDocuments/A.338(9).pdf,Tier 1,"Adopted 12 November 1975 (inshore traffic zone later cancelled, 1991)",2026-09-30,"Opened during the B20-B29 Stage 2 review on 2026-09-30. Passage: ""A separation zone, one-and-a-half miles wide, is centred upon the following geographical positions""",Annex p. 8,TSS identity and geometry for TSS-0111 (separation zone centred on 37°40'.0N 23°44'.0E to 37°50'.0N 23°38'.0E)
SRC-2037,"COLREG.2/Circ.60, annex 1: New traffic separation scheme in the approaches to the Port of Thessaloniki",IMO (same compilation as SRC-2025).,https://www.transportstyrelsen.se/globalassets/global/sjofart/dokument/sjotrafik_dok/imo_colreg.2_cirkular.pdf?id=58526,Tier 1,2008 (MSC 85),2026-09-30,"Opened during the B20-B29 Stage 2 review on 2026-09-30. Passage: ""The routeing measures consist of a traffic separation scheme southwest of the Ak. Mikro Emvolon.""","PDF p. 348, annex 1",TSS identity and geometry for TSS-0112 (south-west of Ak. Mikro Emvolon)
SRC-2038,"COLREG.2/Circ.51, annex 1: Off the Mediterranean coast of Egypt (Western/Eastern approaches to Mina Dumyat; Western/Eastern approaches to Bur Said)",IMO (same compilation as SRC-2025).,https://www.transportstyrelsen.se/globalassets/global/sjofart/dokument/sjotrafik_dok/imo_colreg.2_cirkular.pdf?id=58526,Tier 1,Circular undated in extract (COLREG.2/Circ.51),2026-09-30,"Opened during the B20-B29 Stage 2 review on 2026-09-30. Passage: ""Western Approaches to Bur Said (135° - 315°) (a) A separation zone half mile wide as the following geographical positions""","PDF pp. 200 to 202, annex 1","TSS identity and coordinates for TSS-0113, TSS-0114, TSS-0115"
SRC-2039,"Rules of Navigation, December 2020 Edition (official flipbook)",Suez Canal Authority (Egypt).,https://www.suezcanal.gov.eg/FlipPDFFiles/RulesOfNavigation/index.html,Lead only,December 2020 edition,2026-09-30,"Opened during the B20-B29 Stage 2 review on 2026-09-30. Passage: ""(1) Automatic surveillance and tracking of vessel arriving at SC approaches (15 miles faraway) until anchorage in the waiting areas.""",Art. 8 (p. 7); Art. 14 (p. 31); Chapter X SC-VTMS Overview (p. 156),Lead: SC-VTMS provides surveillance and tracking of vessels arriving at SC approaches (15 miles) until anchorage; vessels contact the Port Said harbour office 15 miles before the Fairway Buoy (31°21'.32N 32°20'.81E). Does not name the TSS; older than three years; treated as lead for TSS-0115
SRC-2040,Στελέχωση των Κέντρων Παρακολούθησης θαλάσσιας Κυκλοφορίας (VTS) της Χώρας,mitos.gov.gr (Hellenic Government procedures registry).,https://mitos.gov.gr/index.php/%CE%94%CE%94:%CE%A3%CF%84%CE%B5%CE%BB%CE%AD%CF%87%CF%89%CF%83%CE%B7_%CF%84%CF%89%CE%BD_%CE%9A%CE%AD%CE%BD%CF%84%CF%81%CF%89%CE%BD_%CE%A0%CE%B1%CF%81%CE%B1%CE%BA%CE%BF%CE%BB%CE%BF%CF%8D%CE%B8%CE%B7%CF%83%CE%B7%CF%82_%CE%B8%CE%B1%CE%BB%CE%AC%CF%83%CF%83%CE%B9%CE%B1%CF%82_%CE%9A%CF%85%CE%BA%CE%BB%CE%BF%CF%86%CE%BF%CF%81%CE%AF%CE%B1%CF%82_(VTS)_%CF%84%CE%B7%CF%82_%CE%A7%CF%8E%CF%81%CE%B1%CF%82,Lead only,Last updated 02/09/2026,2026-09-30,"Opened during the B20-B29 Stage 2 review on 2026-09-30. Passage: ""Κέντρων Παρακολούθησης θαλάσσιας Κυκλοφορίας (VTS) της Χώρας""",Procedure description,"Lead: Greek VTS centres exist under the Hellenic Coast Guard; no centre list, areas or TSS (WebFetch summary)"
SRC-2041,Κέντρα Διαχείρισης Θαλάσσιας Κυκλοφορίας (VTS) (contact page),Hellenic Coast Guard (hcg.gr).,https://www.hcg.gr/el/epikoinwnia/kentra-diaxeirishs-8alassias-kykloforias-vts/,Lead only,"Not accessible: HTTP 403 on 30 September 2026 (curl, WebFetch and archive)",2026-09-30,"Opened during the B20-B29 Stage 2 review on 2026-09-30. Passage: ""(not opened; no quotation)""",n/a,"Lead only: first-pass audit reports this page names VTS ΠΕΙΡΑΙΑ (VHF 13, 14, 15); not reopened in this pass"
SRC-2042,VTS Hrvatska - WFS (feature type VTS_WFS:VTS_shp: VTS Croatia sectors),"Ministarstvo mora, prometa i infrastrukture (owner) / Hrvatski hidrografski institut (creator and server), Croatia.",https://dservices8.arcgis.com/tDYJmhP975urQUZt/arcgis/services/VTS_WFS/WFSServer?service=wfs&version=2.0.0&request=GetFeature&typeNames=VTS_WFS:VTS_shp&outputFormat=GEOJSON,Tier 2,Dataset revision 31 March 2025 (NIPP metadata); features retrieved 30 September 2026,2026-09-30,"Opened during the B20-B29 Stage 2 review on 2026-09-30. Passage: ""'NAME': 'Sektor A', 'Vrsta': 'Sektor nadzora', 'IS': 'po potrebi', 'TOS': 'ne', 'VHS_gl': '10', 'Pozivni': 'VTS CROATIA'""","Features 1 (Sektor A) and 2 (Sektor B); attributes NAME, Vrsta, IS, TOS, VHS_gl, Pozivni","Official VTS Croatia area polygons: Sektor A (surveillance, VTS CROATIA, westernmost 013.0028E) contains about 77% of TSS-0106; Sektor B contains about 46% of TSS-0108; no Croatian polygon touches TSS-0107, TSS-0109 or TSS-0110 (overlaps computed with shapely against COLREG.2/Circ.54 and Circ.58 coordinates)"
SRC-2043,"VTS Hrvatska (register entry 1355) and VTS Hrvatska - WFS (entry 1356), with geoportal metadata ad27cd4a-29f2-4d8e-acb1-f4746a05bf7c","Nacionalna infrastruktura prostornih podataka (NIPP), Croatia.",https://registri.nipp.hr/api/izvori/1355/pdf/,Tier 2,Register entries generated 30 September 2026; metadata revision date 31 March 2025,2026-09-30,"Opened during the B20-B29 Stage 2 review on 2026-09-30. Passage: ""VTS Hrvatska je služba nadzora i upravljanja pomorskim prometom u unutarnjim morskim vodama, teritorijalnom moru i isključivim gospodarskim pojasom Republike Hrvatske""",Sažetak izvora; Subjekti; metadata CI_Date revision,"Identifies the WFS as the official VTS Croatia area dataset (owner Ministry of the Sea, Transport and Infrastructure; creator HHI); VTS area covers internal waters, territorial sea and EEZ, divided into sectors; revision date 2025 for currency"
SRC-2044,Türk Boğazları Deniz Trafik Düzeni Yönetmeliği (Turkish Straits Maritime Traffic Regulation),"Republic of Türkiye, Presidency (Presidential Decision No. 1426); consolidated text on mevzuat.gov.tr.",https://www.mevzuat.gov.tr/mevzuatmetin/21.5.1426.pdf,Tier 1,"Decision 14/08/2019, Resmî Gazete 15/08/2019 No. 30859; consolidated with amendment of 16/12/2020 (RG 31336, Decision 3305); accessed 2026-09-30",2026-09-30,"Opened during the B20-B29 Stage 2 review on 2026-09-30. Passage: ""Madde 5- (1) Bakanlık/İdare, trafik ayırım düzeninin uygulanması, denetlenmesi ve rapor sisteminin işlerliği için Türk Boğazları Gemi Trafik Hizmetleri Sistemi'ni kurar. | l) TÜBRAP: Seyir Planı-1 ve 2 ile Mevkii Raporu ve Çağırma Noktası Raporunu kapsayan Türk Boğazları Rapor Sistemini""","Art. 3(1)(l),(n); Art. 5; Art. 7(1)-(5); Annex 1 (EK-1.1 to EK-1.5)","Establishment and statutory purpose of TBGTH (two centres, Istanbul and Çanakkale); TÜBRAP national reporting system (SP-1, SP-2, position report, calling-point report, MARRAP) and applicability; Annex 1 defines the Turkish Straits TSS including Annex 1.1 Istanbul north approach, 1.2 Istanbul Strait, 1.3 Istanbul south approach and Sea of Marmara, 1.4 Çanakkale Strait, 1.5 Çanakkale south-west approach"
SRC-2045,Türk Boğazları Deniz Trafik Düzeni Yönetmeliği Uygulama Yönergesi (Implementation Directive),"Ministry of Transport and Infrastructure (Ulaştırma ve Altyapı Bakanlığı), Directorate General of Maritime Affairs.",https://denizcilik.uab.gov.tr/uploads/pages/yonerge-talimat/tbdtduy.pdf,Tier 1,"Approved by Ministerial Approval No. 1493540 of 04.12.2023 (in force 01.01.2024 per lexpera metadata, SRC-2054); accessed 2026-09-30",2026-09-30,"Opened during the B20-B29 Stage 2 review on 2026-09-30. Passage: ""u) TBGTH: Türk Boğazları Gemi Trafik Hizmetleri'ni, | Gemilerin SP-1 Raporlarında beyan edilen Boğaz varış saatlerinde 2 saati aşacak bir gecikme olması durumunda, beyan veren ilgili bu hususu TBGTH Merkezlerine bildirir.""",Art. 2(1)(u); Art. 12(1)-(2) 'Türk Boğazlarında rapor sistemi',"Currency: TBGTH Centres and the Turkish Straits reporting system (SP-1 via the Administration's system, delay reports to TBGTH Centres) remain operative under a 2023 instrument"
SRC-2046,Gemi Trafik ve Kılavuzluk Hizmetleri (Turkish-language service page),Kıyı Emniyeti Genel Müdürlüğü (Directorate General of Coastal Safety).,https://kiyiemniyeti.gov.tr/gemi_trafik_ve_kilavuzluk_hizmeti,Tier 2,Undated web page (text refers to Mersin VTS planned for 2018); accessed 2026-09-30,2026-09-30,"Opened during the B20-B29 Stage 2 review on 2026-09-30. Passage: ""2008 yılında ilave edilen bileşenler ile Marmara Denizi'ndeki ""Trafik Ayırım Düzenini"" içerecek şekilde genişletilmiş ve Türk Boğazları'nın tamamında gemi trafiğini izleme imkanı sağlanmıştır.""",Section 'Türk Boğazları Gemi Trafik Hizmetleri (TBGTH)',"KEGM operates TBGTH; 2008 extension to include the Sea of Marmara TSS; continuous 24/7 operation; two VTS centres and 16 surveillance stations; separate İzmit, İzmir and Mersin VTS"
SRC-2047,The Head of Vessel Traffic and Pilotage Services Department (English service page),Kıyı Emniyeti Genel Müdürlüğü (Directorate General of Coastal Safety).,https://kiyiemniyeti.gov.tr/vessel_traffic_and_pilotage_services,Tier 2,Undated web page; accessed 2026-09-30,2026-09-30,"Opened during the B20-B29 Stage 2 review on 2026-09-30. Passage: ""2 Vessel Traffic Services Center(İstinye - Istanbul, Akbaş - Çanakkale) ... (1 Traffic Surveillance Station in Bozcaada and 2 Traffic Surveillance Stations in Marmara Sea were included in the system on 01 July 2008.)""",Sections 'History of TSVTS project' and 'TSVTS components',"TSVTS operator, centres (İstinye, Akbaş), start of operation 30 December 2003, Marmara extension 2008, Bozcaada and Marmara surveillance stations added 1 July 2008"
SRC-2048,data/authoritative/IMO_2025_Mandatory_Reporting_Systems.csv,"Global VTS project (derived from IMO Ships' Routeing 2025 Edition, Part I).",,Project-derived inventory; not independent primary evidence,Ships' Routeing 2025 Edition baseline,2026-09-30,Opened during the B20-B29 Stage 2 review on 2026-09-30.,All 23 Part I rows,"No IMO Part I mandatory ship reporting system (I-I/1 to I-I/23) covers the Turkish Straits, the Black Sea, the approaches to Port Said or the Gulf of Suez; TÜBRAP is therefore a national scheme"
SRC-2049,"Rules of Navigation, December 2020 Edition (online flip-book)",Suez Canal Authority.,https://www.suezcanal.gov.eg/FlipPDFFiles/RulesOfNavigation/index.html,Tier 1,"December 2020 edition, in effect from 1 January 2021; accessed 2026-09-30",2026-09-30,"Opened during the B20-B29 Stage 2 review on 2026-09-30. Passage: ""(1) Automatic surveillance and tracking of vessel arriving at SC approaches (15 miles faraway) until anchorage in the waiting areas.""","Art. 8 (Port Said approaches); Art. 14 (contacting Port Offices); Part III Chapter X (SC-VTMS), p. 156",SC-VTMS description (tracking at canal approaches about 15 miles out); Port Said arrival contact 15 miles before Fairway Buoy; Port Said east approach channel; no mention of the IMO eastern approach TSS
SRC-2050,"EAMS website, services page 'Ship traffic information' / 'Search and rescue system' (English text from site language file i18n/en.json)",Egyptian Authority for Maritime Safety (EAMS).,https://www.eams.gov.eg/i18n/en.json,Tier 2,Undated; site lists Notices No. 10/2025 and 12/2025 for the Gulf of Suez; accessed 2026-09-30,2026-09-30,"Opened during the B20-B29 Stage 2 review on 2026-09-30. Passage: ""the Egyptian Maritime Safety Authority established and operated a system to serve vessel traffic in the Gulf of Suez (GOS VTIM) and the entrance to the Gulf of Aqaba. This system has been operational since 2002""",servicesPage.tabs.searchAndRescueSystem.objectiveOfTheProject; aboutPage.tabs.marineUnits.MainTasksOfTheShipAida4.lists.list4,"GOS VTIMS established and operated by EAMS, operational since 2002, serving vessel traffic in the Gulf of Suez and entrance to the Gulf of Aqaba; VTS stations at El-Adabiya, Ras Ghareb, Safaga, Sharm El-Sheikh"
SRC-2051,VTS Services: Kerch Strait VTS coverage area,"FSUE Rosmorport, Azovo-Chernomorsky Basin Branch (Russian Federation operator; area disputed).",https://www.rosmorport.com/filials/nvr_serv_nav/,Tier 2,Undated web page; cites Russian Ministry of Transport Order No. 16 of 22.01.2014; accessed 2026-09-30,2026-09-30,"Opened during the B20-B29 Stage 2 review on 2026-09-30. Passage: ""Kerch Strait VTS includes: the VTS center in the seaport of Kavkaz, the VTS subcenter in the city of Kerch, radar engineering posts""","Section 2 'VTS Coverage Areas', Kerch Strait VTS","Claimed Kerch Strait VTS area (Kavkaz centre, Kerch sub-centre) with southern limit 44°59.75'N between 36°27.26'E and 36°41.60'E; recorded as the claim of one party in a disputed area, not as a finding"
SRC-2052,"INFORMATION for shipowners, agents, port operators: navigation along the approach corridor to the ports of Ukraine (Chornomorsk, Odesa, Pivdennyi)",SE Ukrainian Sea Ports Authority (USPA).,https://www.uspa.gov.ua/en/announcements-en/information-for-shipowners-agents-port-operators,Tier 2,Published 29.07.2022; accessed 2026-09-30,2026-09-30,"Opened during the B20-B29 Stage 2 review on 2026-09-30. Passage: """"Delta-Lotsman"" branch of SE ""USPA"": pilot-operator of VTCP Odesa""",Contact block,"Delta-Lotsman branch pilot-operator of VTCP Odesa in the wartime approach-corridor arrangements (evidence dated 2022, older than three years)"
SRC-2053,"Proposals for amendments to TSS No 2. Approaches to the Chornomorsk, Odesa and Pivdennyi Ports",State Institution Derzhhydrography / State Service of Maritime and Inland Waterway Transport of Ukraine.,https://hydro.gov.ua/?p=3270,Tier 2,Undated (pre-adoption proposal); accessed 2026-09-30,2026-09-30,"Opened during the B20-B29 Stage 2 review on 2026-09-30. Passage: ""За пропозицією Служби регулювання руху суден Філії «Дельта-лоцман» ДП «АМПУ» у частині І СРР пропонується розширити смуги руху""",Summary; Part I proposal,TSS history (COLREG.2/Circ.14 of 22.04.1981) and that the Delta-Lotsman Vessel Traffic Service proposed lane changes; does not define a VTS area
SRC-2054,Türk Boğazları Deniz Trafik Düzeni Yönetmeliği Uygulama Yönergesi: metadata,Lexpera (commercial legal database).,https://www.lexpera.com.tr/mevzuat/yonergeler/turk-bogazlari-deniz-trafik-duzeni-yonetmeligi-uygulama-yonergesi-1,Lead only,Accessed 2026-09-30,2026-09-30,"Opened during the B20-B29 Stage 2 review on 2026-09-30. Passage: ""Kabul Tarihi: 04.12.2023 Yürürlüğe Giriş Tarihi: 01.01.2024""",Document header,In-force date 01.01.2024 of the Implementation Directive (metadata only)
SRC-2055,Guidelines for transiting the Turkish Straits,Third-party industry guidance hosted on media.ellinikahoaxes.gr.,https://media.ellinikahoaxes.gr/uploads/2021/03/Guidelines-Turkist-Straits.pdf,Lead only,August 2007,2026-09-30,"Opened during the B20-B29 Stage 2 review on 2026-09-30. Passage: ""The service currently covers the Straits of Istanbul in four sectors, and the Strait of Çanakkale in three sectors.""",p. 5 approx.,Historical lead only: TSVTS then covered the Strait of Istanbul in four sectors and the Strait of Çanakkale in three sectors
SRC-2056,Türk Boğazları Deniz Trafik Düzeni Yönetmeliği: Art. 4(2) TSS limits,"Republic of Türkiye, Presidency (Presidential Decision No. 1426); consolidated text on mevzuat.gov.tr.",https://www.mevzuat.gov.tr/mevzuatmetin/21.5.1426.pdf,Tier 1,"RG 15/08/2019 No. 30859, consolidated with Decision 3305 (RG 16/12/2020); accessed 2026-09-30",2026-09-30,"Opened during the B20-B29 Stage 2 review on 2026-09-30. Passage: ""Madde 4 ... (2) Türk Boğazlarında uygulanacak trafik ayırım düzeni sınırları aşağıda gösterilmiştir. Kuzeyde; a) 41° 16'.330 K, 028° 54'.974 D b) 41° 20'.944 K, 028° 54'.974 D""","Art. 4(1)-(2); Art. 5; Annex 1.1 points (1)-(9); Annex 1.5 points (92), (115)-(125)","Statutory outer limits of the Turkish Straits TSS (north line 41°20.944'N; south line to 39°43.940'N), which enclose Annex 1.1 and Annex 1.5; Art. 5 ties TBGTH to implementation and supervision of this TSS"
SRC-2057,Türk Boğazları Deniz Trafik Düzeni Yönetmeliği Uygulama Yönergesi: commencement clause,Ministry of Transport and Infrastructure.,https://denizcilik.uab.gov.tr/uploads/pages/yonerge-talimat/tbdtduy.pdf,Tier 1,Approved 04.12.2023 (Olur No. 1493540); in force 01.01.2024; accessed 2026-09-30,2026-09-30,"Opened during the B20-B29 Stage 2 review on 2026-09-30. Passage: ""MADDE 24- (1) Bu Yönerge 1/1/2024 tarihinde yürürlüğe girer.""",Header; Art. 8(1); Art. 23; Art. 24,"In-force date of the Directive from its own text (replaces reliance on the Lexpera metadata, SRC-2054); Art. 8 confirms TBGTH Centres act for the Administration using sensors installed in the Turkish Straits"
SRC-2058,"NP 24 Black Sea and Sea of Azov Pilot, 1st edition, para 8.22",United Kingdom Hydrographic Office (reproduced as PCA exhibit UA-222).,https://files.pca-cpa.org/pcadocs/ua-ru/04.%20UA%20Rejoinder%20Memorial/01.%20Exhibits/UA-222.pdf,Lead only,2003; accessed 2026-09-30,2026-09-30,"Opened during the B20-B29 Stage 2 review on 2026-09-30. Passage: ""Recommended routes Nos 85 and 86 lead N and S ... and the S end of the traffic separation scheme (44°50′N, 36°30′E)""",Para 8.22,"Historical position of the south end of the Kerch southern approaches TSS (44°50'N 36°30'E), south of the Rosmorport polygon limit 44°59.75'N; the TSS may since have been amended"
SRC-2059,"EAMS website language file: services navigation, 2024/2025 key projects and Gulf of Suez warnings list",Egyptian Authority for Maritime Safety (EAMS).,https://www.eams.gov.eg/i18n/en.json,Tier 2,HTTP Last-Modified 23 Sep 2026; accessed 2026-09-30,2026-09-30,"Opened during the B20-B29 Stage 2 review on 2026-09-30. Passage: ""The available capabilities within the Vessel Traffic Information Management System (VTIMS) are utilized to accomplish its tasks across the Gulf of Suez, the southern Gulf of Aqaba, the northern Red Sea""",servicesPage.navLinks.nav3; servicesPage.tabs.mostImportantProjects.keyProjects; servicesPage.tabs.shipTrafficInformation; navigationalWarningsPage.content.gulfOfSuez,"Currency of the EAMS VTS service description: services menu item 'Vessel Traffic Services (VTS)', 2024/2025 investment plan items 'Radar monitoring and control (VTS)' and 'Regulation of navigation in the Suez Gulf', Gulf of Suez warnings to 4/2026. Note: the GOS VTIMS text sits under the key 'searchAndRescueSystem' and the VTIMS gulf-wide text under 'shipTrafficInformation' (the VTS tab)"
SRC-2060,"VTIS External Procedures, AHQ/CD/PPA/PRO/005/R01/20",ADNOC Petroleum Ports Authority (PPA).,https://ppa.adnoc.ae/-/media/ppa/files/forms/2020/5-ahqcdppapro005r0120---vtis-external-procedures.ashx?la=en,Tier 2,"Rev. 01, effective 20 February 2020; still hosted on ppa.adnoc.ae (retrieved 30 September 2026)",2026-09-30,"Opened during the B20-B29 Stage 2 review on 2026-09-30. Passage: ""improve the safety of navigation, life, environment, and property in the PPA-VTIS Sectors i.e. the approaches to Ruwais, Das Island, the Zaqqum TSS , the approaches to Zirku and Mubarraz Terminal.""",Section 1 Purpose (p. 6); 10.2 Sectors and VHF channels; 10.3 Traffic Separation Schemes; 10.8 Das/Zirku sector; 10.8.3 Zaqqum In; 10.8.4 Zaqqum Out,TSS-0135: Ruwais/Das VTIS established for PPA-VTIS Sectors that expressly include the Zaqqum TSS; Zaqqum In/Out reporting points; Das/Zirku sector limits; active/passive participants
SRC-2061,VTIS (Petroleum Ports VTIS Control Stations) web page,ADNOC Petroleum Ports Authority (PPA).,https://ppa.adnoc.ae/en/ports/vtis,Tier 2,Undated web page; site footer copyright 2026; accessed 30 September 2026,2026-09-30,"Opened during the B20-B29 Stage 2 review on 2026-09-30. Passage: ""Das / Zirku Port VTIS Limits The VTIS will control the traffic from fairway buoy to inner harbour terminals and berths which will be limited by the following coordinates""",Section 'Das / Zirku Port VTIS Limits',"TSS-0135: current published Das/Zirku Port VTIS limits (points A to M); the Zaqqum buoy, Zaqqum East and Zaqqum West reporting points of SRC-2060 fall inside this polygon (point-in-polygon check by researcher)"
SRC-2062,"Das Zirku and Mubarraz Ports, Part V 11 - Nautical Services",ADNOC Petroleum Ports Authority (PPA).,https://ppa.adnoc.ae/en/ports/das-zirku-mubarraz/part-v---11,Tier 2,Undated web page; site footer copyright 2026; accessed 30 September 2026,2026-09-30,"Opened during the B20-B29 Stage 2 review on 2026-09-30. Passage: ""Das VTIS operates 24/7 on VHF channel 23, with VHF Channel 16 to be used for emergencies only. The VTIS currently operates only as an information system.""","11.2.1, 11.2.2, 11.3.5.2",TSS-0135: Das VTIS operates 24/7 as an information service; limits and reporting points are those of the VTIS External Procedures (SRC-2060); south pilot station for vessels approaching via the Zakkum TSS
SRC-2063,"Das Zirku and Mubarraz Ports, Part III 8 - Port Navigation",ADNOC Petroleum Ports Authority (PPA).,https://ppa.adnoc.ae/en/ports/das-zirku-mubarraz/part-iii---8,Tier 2,Undated web page; site footer copyright 2026; accessed 30 September 2026,2026-09-30,"Opened during the B20-B29 Stage 2 review on 2026-09-30. Passage: ""A VTIS station is installed in Das Port Control Room and monitors all traffic within the Port limits and established VTIS sectors.""",8.1.4 VTIS; 8.9.1 Routing,TSS-0135: VTIS station in Das Port Control Room monitors port limits and VTIS sectors; inbound routing uses the TSS with Das VTIS instructions
SRC-2064,Port Marine Notice DZM/MN/016/2026: Mooring Buoys Deployed North of Zirku Island,"ADNOC PPA, Harbour Master, Port of Das Zirku & Mubarraz.",https://ppa.adnoc.ae/-/media/ppa/files/marine-notices/local-marine-notices/das/2026/marine-notice0162026mooring-buoys--north-of-zirku-island.ashx,Tier 2,28 September 2026,2026-09-30,"Opened during the B20-B29 Stage 2 review on 2026-09-30. Passage: ""Maintain a listening watch on VHF Channel 23 (Das VTIS)""","Caution, item c)",TSS-0135: Das VTIS currently operating (currency only; notice does not concern the TSS)
SRC-2065,Port Marine Notice DZM/MN/019/2023: Traffic arrangement in Zaqqum TSS during pipe laying operation by DLB 750,"ADNOC PPA, Harbour Master, Port of Das Zirku & Mubarraz.",https://ppa.adnoc.ae/-/media/ppa/files/marine-notices/local-marine-notices/das/2023/marine-notice-019-2023---pipe-laying-operation---traffic-arrangement-in-zaqqum-tss.ashx,Tier 2,14 March 2023 (temporary; not listed in the active notices list DZM/MN/017/2026 of 28 September 2026),2026-09-30,"Opened during the B20-B29 Stage 2 review on 2026-09-30. Passage: ""Maintain a listening watch on VHF Channel 23 (Das VTIS) all times""","Page 2, Caution items d) and g)",TSS-0135: historical corroboration that Das VTIS served traffic in the Zaqqum TSS (2023); not relied on for currency
SRC-2066,Pub. 172 Sailing Directions (Enroute) Red Sea and the Persian Gulf,US National Geospatial-Intelligence Agency (NGA).,https://msi.nga.mil/api/publications/download?key=16694491/SFH00000/Pub172bk.pdf&type=view,Tier 3,"Twenty-fourth Edition, 2025; corrected to 30 August 2025, subsequent updates to 30 July 2026",2026-09-30,"Opened during the B20-B29 Stage 2 review on 2026-09-30. Passage: ""A Vessel Traffic Service Station (call sign: VTS Gulf of Aqaba) ... has been established to provide the following services: 1. Ensure safety of navigation within the Traffic Separation Scheme of the Gulf of Aqaba.""","Sector 6, para 6.5 The Strait of Tiran (printed p. 92)","TSS-0126: sailing directions describe a VTS station 'VTS Gulf of Aqaba' serving the Tiran TSS; operator, centre location and area polygon not stated"
SRC-2067,Middle East / Strait of Hormuz (hot topic page),International Maritime Organization.,https://www.imo.org/en/mediacentre/hottopics/pages/middle-east-strait-of-hormuz.aspx,Tier 1,Continuously updated; latest item dated 27 September 2026; accessed 30 September 2026,2026-09-30,"Opened during the B20-B29 Stage 2 review on 2026-09-30. Passage: ""The existing Traffic Separation Scheme (TSS) in the Strait of Hormuz was proposed by Iran and Oman and adopted by IMO in 1968.""",Sections 'Strait of Hormuz - shipping route' and 'Regional Contact Points: Iran',"TSS-0133: Hormuz TSS proposed by Iran and Oman; Iranian regional contact given as port VTS centres (lead for Iranian port VTS, no area link to the TSS)"
SRC-2068,Operational FAQs - IMO Strait of Hormuz Evacuation Plan,International Maritime Organization.,https://www.imo.org/en/mediacentre/hottopics/pages/faqs-strait-of-hormuz-evacuation-plan.aspx,Tier 1,"Undated (2026, plan stated to be paused); accessed 30 September 2026",2026-09-30,"Opened during the B20-B29 Stage 2 review on 2026-09-30. Passage: ""No. The TSS should not be used due to the reported presence of mines.""",Q20 and Q21,"TSS-0133: current IMO statement that the TSS should not be used; traffic organised through coastal-State corridors (Iran, Oman)"
SRC-2069,"Navigation Warning Promulgation Request: Arabian Gulf, Strait of Hormuz","Oman National Hydrographic Office (navigation warning request to NAVAREA IX coordinator, hosted by IMO).",https://wwwcdn.imo.org/localresources/en/MediaCentre/PressBriefings/Documents/Oman%20Notice%20to%20Mariners%20on%20Transit%20thru%20Hormuz.pdf,Tier 2,23 June 2026 (temporary emergency measure),2026-09-30,"Opened during the B20-B29 Stage 2 review on 2026-09-30. Passage: ""CURRENT REPORTS INDICATE THAT THE TSS IS NOT SAFE FOR USE AT THIS TIME.""","Paras 5, 9 and 15","TSS-0133: Oman states the TSS is not safe for use; temporary eastbound corridor; vessels to contact radio station A4N (a radio station, not a VTS) and report dangers to Oman Maritime Security Centre"
SRC-2070,JMIC Advisory Note 010-26: Strait of Hormuz Open (hosted by IMO),Joint Maritime Information Center (JMIC).,https://wwwcdn.imo.org/localresources/en/MediaCentre/HotTopics/Documents/JMIC%20Advisory%20Note%2001026%20SoH%20procedure.pdf,Tier 4,20 June 2026,2026-09-30,"Opened during the B20-B29 Stage 2 review on 2026-09-30. Passage: ""Coordination with NCAGS is not mandatory. Ships may transit the southern route without coordination.""",Section 1,"TSS-0133: NCAGS coordination for Hormuz transits is voluntary (security reporting, not MRS)"
SRC-2071,Marine Security Bulletin 07/2026/Rev.3,Liberian International Ship & Corporate Registry (flag administration).,https://www.liscr.com/marketing/liscr/media/liscr/online%20library/maritime/msb-07_2026_rev-3.pdf,Tier 4,14 July 2026,2026-09-30,"Opened during the B20-B29 Stage 2 review on 2026-09-30. Passage: ""All vessels transiting the Arabian Gulf, Strait of Hormuz, Gulf of Oman and North Araiian Sea are also encouraged to report to the Information Fusion Centre – Indian Ocean Region (IFCIOR), this is a voluntary reporting measure""",Recommendations,"TSS-0131 to TSS-0135: voluntary security reporting (UKMTO, MSCIO VRA, IFC-IOR) for the Arabian Gulf, Strait of Hormuz, Gulf of Oman and North Arabian Sea"
SRC-2072,EAMS Projects page (search-result snippet only),Egyptian Authority for Maritime Safety (EAMS).,https://eams.gov.eg/Projects/ProjectsEN,Lead only,Unknown; page returned HTTP 404 on 30 September 2026,2026-09-30,Opened during the B20-B29 Stage 2 review on 2026-09-30.,n/a,"TSS-0126: snippet suggests an Egyptian VTMS/positioning system covering the Tiran Straits; not opened, not relied on"
SRC-2073,Persian Gulf Strait Authority,Wikipedia (third-party summary of press reports).,https://en.wikipedia.org/wiki/Persian_Gulf_Strait_Authority,Lead only,Accessed 30 September 2026 (article describes events of May to June 2026),2026-09-30,Opened during the B20-B29 Stage 2 review on 2026-09-30.,n/a,"TSS-0133, TSS-0134: reported Iranian transit-permit regime for the Strait of Hormuz (2026); no official Iranian notice located; not evidence of an MRS"
SRC-2074,"Port Marine Notice DZM/MN/019/2023, attached diagram 'Zaqqum TSS - Traffic Arrangement During Pipelying Operation at East Bound Lane' (chart extract)","ADNOC Petroleum Ports Authority (PPA), Harbour Master, Port of Das Zirku & Mubarraz.",https://ppa.adnoc.ae/-/media/ppa/files/marine-notices/local-marine-notices/das/2023/marine-notice-019-2023---pipe-laying-operation---traffic-arrangement-in-zaqqum-tss.ashx,Tier 2,"14 March 2023 (temporary notice, used only for the TSS geometry, not for currency); opened 30 September 2026",2026-09-30,"Opened during the B20-B29 Stage 2 review on 2026-09-30. Passage: ""Ensure any non-compliance by any vessel is reported to DAS VTIS immediately on Channel 23""","Page 3, Phase-1 diagram","TSS-0135: charted extent of the 'TSS Between Zaqqum and Umm Shaif' from Zaqqum West buoy (about 52°59.6'E) to beyond Zaqqum buoy (eastern corners about 25°07.3'N 53°25.2'E and 25°05.8'N 53°26.4'E), used for the pass 4 overlay against the VTIS polygons"
SRC-2075,"Ports and Terminals, July 2025: Ras Tanura Port (North Pier and Sea Island) chapter",Saudi Aramco (Ports and Terminals).,https://www.aramco.com/-/media/downloads/working-with-us/ports-and-terminals-july-2025/03--ras-tanura-port--si--np-compressed.pdf,Tier 2,July 2025 edition (PDF modified 2 July 2025),2026-09-30,"Opened during the B20-B29 Stage 2 review on 2026-09-30. Passage: ""A mandatory Vessel Traffic Management System (VTMS) is in operation to improve navigational safety for all vessels within the Port of Ras Tanura.""",s.1 Harbor Boundaries; s.3 Early contact / Arrival at the Port; s.4 Arrival Directions; s.5 Vessel Traffic Management System (VTMS),"Port of Ras Tanura harbour boundary (11 points, eastern limit 50 23 E); mandatory VTMS for all vessels within the Port; VTS operator information service; IMO-approved Ras Tanura Channel separation zones; reporting to Ras Tanura Port Control at the Entry buoy"
SRC-2076,"Ports and Terminals, July 2025: Ras Tanura Port, Juaymah LPG Terminal chapter",Saudi Aramco (Ports and Terminals).,https://www.aramco.com/-/media/downloads/working-with-us/ports-and-terminals-july-2025/05--ras-tanura-port--juaymah-ngl-compressed.pdf,Tier 2,July 2025 edition (PDF modified 2 July 2025),2026-09-30,"Opened during the B20-B29 Stage 2 review on 2026-09-30. Passage: ""The separation zones and routes shown on the charts of the Ras Tanura Channel are approved by IMO.""",s.3.1 VTMS; s.3.2 Traffic Rules; s.3.2.4 Arrival Channel Rules,Same VTMS text; traffic rules for ships using the Ras Tanura Channel TSS; reporting positions to Ras Tanura Port Control; Juaymah areas under Ras Tanura Port Control
SRC-2077,Pub. 172 Sailing Directions (Enroute) Red Sea and the Persian Gulf,US National Geospatial-Intelligence Agency.,https://msi.nga.mil/api/publications/download?key=16694491/SFH00000/Pub172bk.pdf&type=download,Tier 3,"24th edition, 2025",2026-09-30,"Opened during the B20-B29 Stage 2 review on 2026-09-30. Passage: ""A Vessel Traffic Management System is in operation and covers the following facilities: 1. Ad Damman. 2. Ras Tannurah (paragraph 16.15). 3. Ju Aymah Oil Terminal (paragraph 16.16).""","Sector 16, paras 16.12, 16.13 (Vessel Traffic Service), 16.28, 16.33, 16.39, 16.41","Ras Tanura/Ju Aymah TSS and VTMS coverage and reporting points (16.12, 16.13); Ras al Khafji terminal VHF 16 only, IMO TSS noted (16.28); Marjan/Zuluf TSS with no traffic service (16.33); Mina al Ahmadi TSS, security zone and control tower permission on VHF 69 (16.38 to 16.41)"
SRC-2078,Resolution A.338(IX) Routeing systems: In the approaches to Ras Tanura and Ju'aymah (as amended),IMO (IMCO) Assembly.,https://wwwcdn.imo.org/localresources/en/KnowledgeCentre/IndexofIMOResolutions/AssemblyDocuments/A.338(9).pdf,Tier 1,Adopted 12 November 1975,2026-09-30,"Opened during the B20-B29 Stage 2 review on 2026-09-30. Passage: ""A separation zone bounded by a line connecting the following geographical positions. (1) 27°06'50"" N., 50°42'00"" E. (2) 27°06'06"" N., 50°23'18"" E.""","Annex p.9, Parts I to III",TSS geometry: Ras Tanura Approach separation zone from 27 06 50 N 50 42 00 E west via 27 06 06 N 50 23 18 E to the channel ending about 26 40 52 N 50 12 E; Ju'aymah arrival and departure lanes
SRC-2079,"Compilation of IMO COLREG.2 circulars (incl. COLREG.2/Circ.44, Circ.54, Circ.55)","IMO (compilation published by Transportstyrelsen, Sweden).",https://www.transportstyrelsen.se/globalassets/global/sjofart/dokument/sjotrafik_dok/imo_colreg.2_cirkular.pdf?id=58526,Tier 1,Circ.44 May 1998; Circ.54 28 May 2004; Circ.55 15 December 2004,2026-09-30,"Opened during the B20-B29 Stage 2 review on 2026-09-30. Passage: ""The new traffic separation scheme for the Ra's Al Khafji approaches will consist of: Two traffic lanes and one traffic separation zone between them.""",Circ.44 annexes 1 and 9; Circ.54 annex 2; Circ.55 annex 2,"TSS geometry for One Fathom Bank (Circ.44 annex 1, 100 43 E to 101 12 E, 02 41 N to 03 03 N), Alphard Banks and FA platform (Circ.44 annex 9), Ra's al Khafji (Circ.54 annex 2), Mina Al-Ahmadi North I, North II and South (Circ.55 annex 2); implementation 1 December 1998 for Circ.44"
SRC-2080,Traffic Separation Schemes: adoption reference list (ruttsystem.pdf),Transportstyrelsen (Swedish Transport Agency).,https://transportstyrelsen.se/globalassets/global/sjofart/dokument/sjotrafik_dok/ruttsystem.pdf,Tier 4,Undated compilation,2026-09-30,"Opened during the B20-B29 Stage 2 review on 2026-09-30. Passage: ""Off Dondra Head Colreg.2/Circ.14 1981 MSC 42 1980""",Indian Ocean list rows,"Adoption references: Off Dondra Head COLREG.2/Circ.14 (MSC 42, 1980); Alphard Banks and FA platform COLREG.2/Circ.44 (MSC 69, 1998); Khafji Circ.54; Mina Al-Ahmadi Circ.55"
SRC-2081,Pub. 173 Sailing Directions (Enroute) India and the Bay of Bengal,US National Geospatial-Intelligence Agency.,https://msi.nga.mil/api/publications/download?key=16694491/SFH00000/Pub173bk.pdf&type=download,Tier 3,"16th edition, 2026",2026-09-30,"Opened during the B20-B29 Stage 2 review on 2026-09-30. Passage: ""An IMO-adopted traffic scheme has been established off Dondra Head.""","Sector 4, para 4.30","Dondra Head TSS noted with no VTS, vessel traffic or reporting arrangement stated for Sri Lankan waters (Sector 4)"
SRC-2082,MEPC 80/16/3 Call for establishment of a new traffic separation scheme south of Sri Lanka,"IWC, ICS, BIMCO, INTERTANKO and others (IMO submission).",https://www.worldshipping.org/s/MEPC-80-16-3-Call-for-establishment-of-a-new-traffic-separation-scheme-south-of-Sri-Lanka-IWC-ICS-BI.pdf,Tier 4,28 April 2023,2026-09-30,"Opened during the B20-B29 Stage 2 review on 2026-09-30. Passage: ""territorial waters roughly 15 nm south of the existing TSS that was first established in 1980.""",paras on TSS history,Dondra Head TSS still in force (established 1980); proposed relocation; no VTS described
SRC-2083,Pub. 171 Sailing Directions (Enroute) East Africa and the South Indian Ocean,US National Geospatial-Intelligence Agency.,https://msi.nga.mil/api/publications/download?key=16694491/SFH00000/Pub171bk.pdf&type=download,Tier 3,"15th edition, 2026",2026-09-30,"Opened during the B20-B29 Stage 2 review on 2026-09-30. Passage: ""Vessels are required to contact the harbormaster on VHF channel 16 when passing the 12-mile reporting line and the 6-mile reporting line.""","Sector 1, paras 1.2 (laden tankers), 1.14 (Alphard Banks), 1.18 (Mosselbaai)","Alphard Banks: advice to laden tankers, area to avoid within 6 miles, oil development area; no VTS or reporting scheme; Mossel Bay port reporting lines are 12 and 6 mile circles centred on the harbour"
SRC-2084,List of valid Marine Notices,South African Maritime Safety Authority (SAMSA).,https://www.samsa.org.za/static/media/ListofvalidMarineNotices.6ddd7af5834ec84c9bce.pdf,Tier 2,Last updated 24 January 2025,2026-09-30,"Opened during the B20-B29 Stage 2 review on 2026-09-30. Passage: ""6 of 1999 South African Ship reporting system (SAFREP)""",List entry '6 of 1999',"Marine Notice 6 of 1999 'South African Ship reporting system (SAFREP)' remains on the valid list; its mandatory status, participants and area not established (notice text not opened)"
SRC-2085,"South African Maritime and Aeronautical Search and Rescue Act 2002, Regulations: reg. 30 Ship reporting system",Acts Online (third-party reproduction of SASAR Regulations 2016).,https://source.acts.co.za/south-african-maritime-and%20aeronautical-search-and-rescue-act-2002/r604_30__ship_reporting_sy.php,Lead only,Regulations 2016 (as reproduced),2026-09-30,"Opened during the B20-B29 Stage 2 review on 2026-09-30. Passage: ""A ship reporting system must be established in terns of Chapter 5 of the Maritime SAR Convention""",reg. 30,General SAR ship reporting system requirement; not TSS-specific; participants and area not stated in the extract
SRC-2086,"Resolution MSC.73(69) Mandatory ship reporting systems, Annex: STRAITREP",IMO Maritime Safety Committee.,https://wwwcdn.imo.org/localresources/en/KnowledgeCentre/IndexofIMOResolutions/MSCResolutions/MSC.73(69).pdf,Tier 1,Adopted 19 May 1998 (in force 1 December 1998),2026-09-30,"Opened during the B20-B29 Stage 2 review on 2026-09-30. Passage: ""The operational area of STRAITREP covers the Straits of Malacca and Singapore between longitudes 100E 40'E and 104E 23'E ... The area includes the routeing system in the Straits of Malacca and Singapore.""","Annex paras 2.1, 3 and appendix 3","STRAITREP operational area 100 40 E to 104 23 E including the routeing system; nine sectors; Klang VTS is VTS authority for Sectors 1 to 5 (Sector 1 VHF 66, Sector 2 VHF 88)"
SRC-2087,"STRAITREP Operational Areas (maps; sectors, VHF channels and VTS authorities)",Maritime and Port Authority of Singapore.,https://www.mpa.gov.sg/port-marine-ops/operations/vessel-traffic-information-system/operational-areas,Tier 2,Page footer 'Last Updated on 30 Sep 2026' (accessed 30 September 2026),2026-09-30,"Opened during the B20-B29 Stage 2 review on 2026-09-30. Passage: ""Sector 1 VHF Channel 66 KLANG VTS Sector 2 VHF Channel 88 KLANG VTS""","Table 'Sectors, VHF channels and VTS authorities'; image 'STRAITREP-operational-area-sectors-1-to-9'",Current STRAITREP sector table naming KLANG VTS for Sectors 1 to 5; chartlet shows Sector 1 (Angsa) and Sector 2 (Jugra) covering the One Fathom Bank area at the western end of the operational area
SRC-2088,Pub. 174 Sailing Directions (Enroute) Strait of Malacca and Sumatera,US National Geospatial-Intelligence Agency.,https://msi.nga.mil/api/publications/download?key=16694491/SFH00000/Pub174bk.pdf&type=download,Tier 3,"16th edition, 2025",2026-09-30,"Opened during the B20-B29 Stage 2 review on 2026-09-30. Passage: ""STRAITREP, a joint Indonesia-Malaysia-Singapore mandatory ship reporting system, operates in the Strait of Malacca and Singapore Strait.""",Sector 1 regulations; Sector 2 para 2.13,STRAITREP operates in the Strait; One Fathom Bank TSS adopted as part of the Straits routeing system
SRC-2089,"Marine Notice No. 35 of 2018: The Merchant Shipping (Maritime Security) Regulations, 2004 (para 21, SAFREP)",South African Maritime Safety Authority (SAMSA).,https://www.samsa.org.za/api/api/File/view/P5Ou7VxVqc2IpxutSORnhg==,Tier 2,13 December 2018; on the SAMSA valid Marine Notices list of 24 January 2025,2026-09-30,"Opened during the B20-B29 Stage 2 review on 2026-09-30. Passage: ""It makes use of movement reports submitted to Cape Town Radio by ships within the South African search and rescue region. Participation in the system is voluntary.""","para 21 'SAFREP', pp. 4 to 5","SAFREP is a voluntary SAR ship reporting system, based on movement reports to Cape Town Radio from ships within the South African SRR; not an MRS"
SRC-2090,Marine Notice No. 52 of 2020: Maritime Safety Information (MSI) and Cospas-Sarsat LEOSAR services provided by Telkom SA,South African Maritime Safety Authority (SAMSA).,https://samsa.org.za/api/api/File/view/qp1cdD44c6FniSEFv9lQ8A==,Tier 2,16 November 2020; on the SAMSA valid list of 24 January 2025,2026-09-30,"Opened during the B20-B29 Stage 2 review on 2026-09-30. Passage: ""This service is provided by receiving and preparing messages, for onward transmission, from stations at sea via Radio Telephone and INMARSAT.""",para 7 'SAFREP Services',SAFREP service still provided (message relay via radiotelephone and INMARSAT); no mandatory status stated
SRC-2091,MSN 1796 (M+F) Amendment 4: Vessel Traffic Services - Designation of Vessel Traffic Service (VTS) centres in the United Kingdom,Maritime and Coastguard Agency (UK).,https://www.gov.uk/government/publications/msn-1796-mf-amendment-4-designation-of-vessel-traffic-services-vts/msn-1796-amendment-4-vessel-traffic-services-designation-of-vessel-traffic-service-vts-centres-in-the-united-kingdom,Tier 1,Published 8 August 2022; GOV.UK content record shows no later update or withdrawal notice (checked 30 September 2026),2026-09-30,"Opened during the FC-A final-count fact-check on 2026-09-30. Passage: ""Services which are designated for the purposes of the 2004 Regulations are listed in the annex to this MSN.""","Paras 1.3, 6.3 and Annex 1","Official complete list of designated UK VTS: Aberdeen, Belfast, Bristol, CNIS, Dover Port, Forth and Tay, Harwich Haven, Humber Estuary, Liverpool, London (Gravesend), London Thames Barrier, Medway, Milford Haven, Southampton & Nab, Orkney, Peterhead, Plymouth, Poole, Portsmouth, Sullom Voe, Sunk, Tees and Hartlepool, Tyne. No Holyhead or Anglesey VTS."
SRC-2092,Content API record for MSN 1796 (M+F) Amendment 4,GOV.UK (Maritime and Coastguard Agency).,https://www.gov.uk/api/content/government/publications/msn-1796-mf-amendment-4-designation-of-vessel-traffic-services-vts,Tier 2,first_published_at and public_updated_at 2022-08-08; withdrawn_notice empty,2026-09-30,"Opened during the FC-A final-count fact-check on 2026-09-30. Passage: ""First published.""",change_history,"Currency check: Amendment 4 is the current, unwithdrawn designation notice; GOV.UK search for 'MSN 1796' returned no later amendment."
SRC-2093,Port of Liverpool Pilotage Directions (LPI01) version 5,"The Mersey Docks and Harbour Company Ltd (Peel Ports), Competent Harbour Authority.",https://www.peelports.com/media/ku1jcdge/lpi01-pilotage-directions-v5.pdf,Tier 2,Version 5 effective 01/09/2026,2026-09-30,"Opened during the FC-A final-count fact-check on 2026-09-30. Passage: ""A full Certificate shall have effect within the areas bounded by the outer Port limit (6.5mls west of the Bar Light)""",Section 2 definitions; PEC areas (f)(i); section 7(a)(i),Current definition of the outer Port of Liverpool limit (about 6.5 miles west of the Bar Light) and approximate Bar Buoy position 53 32 N 003 21 W; Port Operations Control is Mersey VTS.
SRC-2094,Port of Liverpool Notice to Mariners No. 70 of 2017: Lynas Pilot Station,The Mersey Docks and Harbour Company Ltd (Peel Ports).,https://www.peelports.com/media/isonk2az/lntm-2017-70-lynas-pilot-station.pdf,Tier 2,7 December 2017,2026-09-30,"Opened during the FC-A final-count fact-check on 2026-09-30. Passage: ""does not constitute or infer the provision of a traffic service, as this area falls outside the limits of the Statutory Harbour Authority of the Port of Liverpool.""",Single page,"Statement that the Port of Liverpool traffic service does not extend outside the Statutory Harbour Authority limits (Point Lynas area); older than three years, used only as context for the service boundary."
SRC-2095,Port of Liverpool Notice to Mariners No. 20 of 2025: VHF channel allocations,The Mersey Docks and Harbour Company Ltd (Peel Ports).,https://peelports.com/media/233gvc2i/lntm-2025-20-vhf-channel-allocations.pdf,Tier 2,1 March 2025,2026-09-30,"Opened during the FC-A final-count fact-check on 2026-09-30. Passage: ""MDHC Port Control Centre Mersey VTS 12† Port operations""",Page 2 table,"Current operation of Mersey VTS (MDHC Port Control Centre, VHF 12) within the Port of Liverpool."
SRC-2096,"COLREG.2/Circ.60, Annex 3: New traffic separation scheme In Liverpool Bay",IMO.,,Tier 1,2008 circular (WGS 84 positions),2026-09-30,"Opened during the FC-A final-count fact-check on 2026-09-30. Passage: ""(1) 53° 32 ′.76 N 003° 32′.18 W""",Annex 3 paras (a) to (d),TSS In Liverpool Bay extends 003 32.10 W to 003 41.36 W between 53 29.84 N and 53 34.56 N.
SRC-2097,"COLREG.2/Circ.64, Annex 1: In the approaches to IJmuiden",IMO.,,Tier 1,2012 circular (WGS 84 positions),2026-09-30,"Opened during the FC-A final-count fact-check on 2026-09-30. Passage: ""(17) 52º 31′.35 N 4º 13′.25 E (19) 52º 36′.04 N 4º 06′.36 E""",Annex 1 pages 1-2,"Positions of IJmuiden North (points 9, 10, 17, 18, 19, 31, 32) and IJmuiden West Outer (points 22 to 35)."
SRC-2098,"COLREG.2/Circ.64, Annex 3: North Hinder North traffic separation scheme",IMO.,,Tier 1,2012 circular (WGS 84 positions),2026-09-30,"Opened during the FC-A final-count fact-check on 2026-09-30. Passage: ""(61) 52° 07′.29 N 003° 03′.08 E (63) 52° 11′.51 N 003° 02′.62 E""","Annex 3, North Hinder North paras (a)-(c)",Positions 61 to 68 of North Hinder North.
SRC-2099,"Scheepvaartreglement territoriale zee (BWBR0007914), Bijlage 1 Aanloopgebieden",Netherlands (Minister of Infrastructure and Water Management).,https://wetten.overheid.nl/BWBR0007914/,Tier 1,"Version in force 01-01-2025 to date, consulted 30-09-2026",2026-09-30,"Opened during the FC-A final-count fact-check on 2026-09-30. Passage: ""het gedeelte van de territoriale zee dat ligt binnen het gebied, begrensd door een lijn die loopt van de positie 52°27’.9 N 004°32’.1 E (referentiepunt)""",Bijlage 1 (d) and (f),"Statutory IJmuiden approach area: territorial sea inside a 12 nm arc about 52 27.9 N 004 32.1 E; Rotterdam approach area bounded by buoys MN3, MN2, MNW2, MNW3-MW4, MW5."
SRC-2100,"VTS communicatieregeling Noordzeekanaalgebied 2.0 (NL/EN), incl. Appendix I scope map",Directeur Centraal Nautisch Beheer Noordzeekanaalgebied (Port of Amsterdam).,https://www.portofamsterdam.com/sites/default/files/2025-09/2025-479_VTS%20communicatieregeling%202.0%20def_NLEN_rev.pdf,Tier 2,In force 30 September 2025 (map dated 03-09-2025),2026-09-30,"Opened during the FC-A final-count fact-check on 2026-09-30. Passage: ""VHF Channel 7 is used for traffic-related communication concerning seagoing vessels. Information services only are provided to maritime traffic on this channel.""","Pp. 4, 8, 10",VTS NZKG scope is the 12 nm approaches plus the extended IJ-geul; VHF 7 IJmuiden Approaches is an information-only supporting channel whose label sits outside the 12 nm zone on a schematic map without coordinates or TSS.
SRC-2101,VHF channels web page,Port of Amsterdam.,https://www.portofamsterdam.com/en/shipping/vhf-channels,Tier 2,"Current page, accessed 30 September 2026",2026-09-30,"Opened during the FC-A final-count fact-check on 2026-09-30. Passage: ""Supporting VHF Channel for ships that pass through IJmuiden.""",Description of block and supporting channels,Describes 'IJmuiden approach' as a supporting channel for first contact; no area or TSS named.
SRC-2102,Port Information Guide Rotterdam,Port of Rotterdam Authority (Harbour Master).,https://www.portofrotterdam.com/sites/default/files/2026-02/port-information-guide.pdf,Tier 3,January 2026 (file 2026-02),2026-09-30,"Opened during the FC-A final-count fact-check on 2026-09-30. Passage: ""Extending 38 nautical miles seawards of the port entrance to 2 nautical miles east of the Van Brienenoord Bridge""","p. 18, Nautical services",Rotterdam VTS service area stated as extending 38 nm seawards of the port entrance; basis of measurement not stated.
SRC-2103,"Procedure VHF-communicatie VTS en HCC 2026 (Staatscourant 2026, nr. 8272)",Havenmeester van Rotterdam.,https://zoek.officielebekendmakingen.nl/stcrt-2026-8272.html,Tier 1,Published 3 March 2026; in force 1 February 2026 per text,2026-09-30,"Opened during the FC-A final-count fact-check on 2026-09-30. Passage: ""Het toepassingsgebied voor deze procedure is het VTS-gebied zoals aangegeven op de kaart in bijlage 2.""",Art. 2 and Bijlage 2 (PDF p. 7),The VTS area is the area shown on the Bijlage 2 chart; that chart's Maas Approach sector runs off the western frame near Eurogeul buoy E1 and does not show North Hinder North.
SRC-2104,Vessel Traffic Monitoring,Rijkswaterstaat (Noordzeeloket).,https://www.noordzeeloket.nl/functies-gebruik/windenergie/scheepvaartveiligheid-moswoz/vessel-traffic-monitoring/,Lead only,"Current page, accessed 30 September 2026 (service stated to start autumn 2025)",2026-09-30,"Opened during the FC-A final-count fact-check on 2026-09-30. Passage: ""VTMon geldt als een passieve vorm van verkeersbegeleiding; de focus ligt in beginsel op het voorkomen van ongelukken en niet op de begeleiding van de scheepvaart.""",Taken VTMon,"VTMon is a passive monitoring service run by the Coastguard in and around wind farms, not traffic guidance; no TSS named."
SRC-2105,Het Walradar-systeem (Noordzeekanaal),Rijkswaterstaat.,https://www.rijkswaterstaat.nl/water/vaarwegenoverzicht/noordzeekanaal/walradar,Tier 2,"Current page, accessed 30 September 2026",2026-09-30,"Opened during the FC-A final-count fact-check on 2026-09-30. Passage: ""Dit systeem is noodzakelijk om alle scheepvaart op zee van en naar IJmuiden, op het Noordzeekanaal , bij Schellingwoude en een stukje Amsterdam-Rijnkanaal een veilige en snelle verkeersbegeleiding te verzekeren.""",Onder de radar,The VTS radar chain serves shipping at sea to and from IJmuiden; no seaward limit or TSS named.
SRC-2106,BaZ 527/13 replacement block (HP1 radio table) for IJmuiden,Netherlands Hydrographic Service.,https://english.defensie.nl/site/binaries/site-content/collections/baz-weekly-editions/2013/50/mutation/blck_hp1_y2013_baz529c.pdf,Lead only,December 2013 (week 50/2013),2026-09-30,"Opened during the FC-A final-count fact-check on 2026-09-30. Passage: ""Operational from open sea up to the outer breakwaters of IJmuiden Harbour.""",Single page table,Historic description of VHF 7 IJmuiden Approach as operational from open sea; older than three years and not a boundary (decision 4).
SRC-2107,Expanded VTS for Port of Liverpool,Maritime Journal (trade press).,https://www.maritimejournal.com/?p=214743,Lead only,Undated in fetched text,2026-09-30,"Opened during the FC-A final-count fact-check on 2026-09-30. Passage: ""the VTS area which includes the Port, River Mersey and the port approaches""",Article body (WebFetch extract),"Mentions Peel Ports system sensors including Lynas; says the VTS area includes the port approaches, without limits."
SRC-2108,MGN 401 (M+F) Amendment 3: Navigation: Vessel Traffic Services (VTS) and Local Port Services (LPS) in the UK,Maritime and Coastguard Agency (UK).,https://www.gov.uk/government/publications/mgn-401-mf-amendment-3-navigation-vessel-traffic-services-vts-and-local-port-services-lps-in-the-uk/mgn-401-mf-amendment-3-navigation-vessel-traffic-services-vts-and-local-port-services-lps-in-the-uk,Tier 2,Published 22 March 2022; GOV.UK content API withdrawn_notice empty on 30 September 2026,2026-09-30,"Opened during the FC-A final-count fact-check on 2026-09-30. Passage: ""Designating VTS, approving VTS Areas in accordance with current regulations and promulgating a list of designated VTS (see MSN 1796 (as amended)""","Paras 2.6, 2.8, 4.2.1(12), 4.2.2",MCA is the UK competent authority for VTS; harbour authorities apply to the MCA for designation of a VTS and approval of its area; the MCA promulgates the list of designated VTS in MSN 1796; a harbour authority provides VTS within its own port limits. Makes MSN 1796 the complete UK VTS list.
SRC-2109,Port of Liverpool General Byelaws 2021,The Mersey Docks and Harbour Company Ltd (Peel Ports); confirmed by the Secretary of State for Transport.,https://www.peelports.com/media/bbchw5oa/lrg9-port-of-liverpool-general-byelaws-2021.pdf,Tier 1,"Made 19 January 2021, confirmed 26 March 2021; listed on the current MDHC marine page",2026-09-30,"Opened during the FC-A final-count fact-check on 2026-09-30. Passage: ""to a position in latitude 53 degrees 29 minutes 00 seconds north and longitude 3 degrees 32 minutes 00 seconds west, thence in a true north direction""","Byelaw 2 (Interpretation), 'the Port of Liverpool'","Current statutory definition of the Port of Liverpool with coordinates: western limit on the meridian 003 32 00 W from 53 29 00 N to 53 33 00 N, then 065 degrees true."
SRC-2110,"Mersey Docks and Harbour Act 1971 (c. lvii), section 2 definition of 'the port of Liverpool'",UK Parliament.,https://www.legislation.gov.uk/ukla/1971/57,Tier 1,27 July 1971 (as enacted scan); definition still applied by SI 2021/45 and the 2021 byelaws,2026-09-30,"Opened during the FC-A final-count fact-check on 2026-09-30. Passage: ""thence in a true north direction to a position in latitude 53 degrees 33 minutes 00 seconds north and longitude 3 degrees 32 minutes 00 seconds west""","s.2, printed p.4","Statutory Port of Liverpool limit coordinates (same as F1-C2), with proviso excluding waters outside territorial waters. The researcher missed this text, which is on printed page 4 (PDF page 7)."
SRC-2111,The Mersey Docks and Harbour Company (Liverpool Cruise Terminal Extension) Harbour Revision Order 2021 (SI 2021/45),UK Government (Marine Management Organisation).,https://www.legislation.gov.uk/uksi/2021/45/made,Tier 1,In force 12 February 2021,2026-09-30,"Opened during the FC-A final-count fact-check on 2026-09-30. Passage: ""“the port” means the port of Liverpool as defined in the 1971 Act""",Art. 2 (Interpretation),Confirms that the port of Liverpool is still the port as defined in the 1971 Act.
SRC-2112,Port of Liverpool Notice to Mariners No. 1 of 2026: Notices remaining in force; and MDHC Liverpool marine information page,The Mersey Docks and Harbour Company Ltd (Peel Ports).,https://www.peelports.com/media/tbog0vc3/lntm-2026-01-notices-remaining-in-force.pdf,Tier 2,2026; page accessed 30 September 2026,2026-09-30,"Opened during the FC-A final-count fact-check on 2026-09-30. Passage: ""the Notices remaining in force from prior years are displayed on MDHC’s website (https://www.peelports.com/marine/our-ports/liverpool) under the Notices to Mariners link.""",Single page,"Notices displayed on the MDHC Liverpool page remain in force; NtM 70/2017 (Lynas Pilot Station, no traffic service outside SHA limits) is displayed there (https://www.peelports.com/marine/our-ports/liverpool/), so it is current despite its date."
SRC-2113,The Holyhead Harbour Revision Order 2023 (WSI 2023/897),Welsh Ministers.,https://www.legislation.gov.uk/wsi/2023/897/made,Tier 1,In force 14 August 2023,2026-09-30,"Opened during the FC-A final-count fact-check on 2026-09-30. Passage: ""the harbour of the Company at Holyhead the limits of which are defined by section 28 of the 1959 Act and described in the Third Schedule to that Act""","Art. 2 (Interpretation), 'the harbour'",Holyhead harbour limits are those defined by the British Transport Commission Act 1959 s.28 and Third Schedule (text not online); Stena Line Ports Ltd is the harbour authority.
SRC-2114,Resolution A.161(ES.IV): Off Skerries traffic separation scheme,IMO.,https://wwwcdn.imo.org/localresources/en/KnowledgeCentre/IndexofIMOResolutions/AssemblyDocuments/A.161(ES.IV).pdf,Tier 1,27 November 1968 (historical positions; gross geometry only),2026-09-30,"Opened during the FC-A final-count fact-check on 2026-09-30. Passage: ""A two-mile wide separation zone is centred upon the following geographical positions""","Off Skerries paragraph, p.6","Separation zone centreline 53 22.8 N 004 52.0 W, 53 31.3 N 004 41.7 W, 53 32.1 N 004 31.6 W; 2-mile zone and 2-mile lanes, so the inner edge is about 3 nm off the Skerries and about 5.9 nm from the Holyhead breakwater. Used only for gross distance."
SRC-2115,"Aanhangsel Handelingen II 2024-2025, nr. 1833 (answers to parliamentary questions)",Minister of Infrastructure and Water Management (Netherlands).,https://zoek.officielebekendmakingen.nl/ah-tk-20242025-1833.html,Tier 1,2025,2026-09-30,"Opened during the FC-A final-count fact-check on 2026-09-30. Passage: ""Vanaf oktober 2025 start de Nederlandse Kustwacht met Vessel Traffic Monitoring (VTMon), voornamelijk in en om gebieden met windparken op de Noordzee.""",Antwoord 4,Official scope statement for VTMon: mainly in and around wind farm areas; no TSS or fairway named; VTS is described separately as the service in the port approach areas.
SRC-2116,Vessel Traffic Monitoring (VTMon) operationeel (news),Kustwacht Nederland.,https://kustwacht.nl/nieuws/vessel-traffic-monitoring-vtmon-operationeel/,Tier 2,6 October 2025,2026-09-30,"Opened during the FC-A final-count fact-check on 2026-09-30. Passage: ""Een speciale VTMon-desk is sinds 1 oktober 2025 24/7 operationeel.""",Page body,"VTMon desk at the Coastguard Centre, Den Helder, operational 24/7 since 1 October 2025; monitors traffic near wind farms and fairways; no named TSS or area."
SRC-2117,Nieuw VTS-gebied Off Texel vanaf 3 november operationeel (news),Rijkswaterstaat.,https://www.rijkswaterstaat.nl/nieuws/archief/2025/10/nieuw-vts-gebied-off-texel-vanaf-3-november-operationeel,Tier 2,October 2025,2026-09-30,"Opened during the FC-A final-count fact-check on 2026-09-30. Passage: ""elk schip dat het VTS-gebied Off Texel wil binnenvaren, moet zich melden via marifoonkanaal 63""",Article body (WebFetch extract),"Lead for TSS-0058 to TSS-0060 (not in this group's scope): a new VTS area Off Texel operated by the Rijkshavenmeester Den Helder, VHF 63, from 3 November 2025, covering the shipping routes north of the Wadden Islands. No coordinates or TSS names in the article."
SRC-2118,"Reglugerð nr. 524/2008 um afmörkun siglingaleiða, svæði sem ber að forðast og tilkynningaskyldu skipa fyrir Suðvesturlandi (consolidated current version)","Innviðaráðuneytið (Ministry of Infrastructure), Iceland; published in B-deild Stjórnartíðinda.",https://files.reglugerd.is/pdf/0524-2008/current,Tier 1,Version in force from 3 November 2022 (as amended by 361/2009 and 1195/2022); consolidated PDF dated 16 August 2026,2026-09-30,"Opened during the FC-A final-count fact-check on 2026-09-30. Passage: ""b. Ef komið er norður af Garðskaga: Áætlaðan komutíma að aðskildum siglingaleiðum (64°08'7 ʺ N, 022°43'4 ʺ V).""","Art. 7 (3rd para, item b); art. 8; art. 9; Annex I Parts I and II; TRANSREP annex paras 3.4 and 7","Defines both TSS (Annex I, Part I north-west of Garðskagaviti; Part II south-west of Reykjanes); art. 7 requires inner-route ships to report to vaktstöð siglinga with a passage plan including ETA at the Garðskagi TSS; art. 8 lets vaktstöð siglinga grant exemptions; TRANSREP annex names vaktstöð siglinga í Reykjavík (Maritime Traffic Service, MTS), VHF 70 (16), staffed H24 by Coast Guard personnel; art. 9 states the regulation is made under art. 13 of Act 41/2003."
SRC-2119,Reglugerð nr. 1195/2022 um breytingu á reglugerð nr. 524/2008,"Innviðaráðuneytið (Ministry of Infrastructure), Iceland.",https://files.reglugerd.is/pdf/1195-2022/original,Tier 1,Signed 19 October 2022; in force 2 November 2022,2026-09-30,"Opened during the FC-A final-count fact-check on 2026-09-30. Passage: ""Samgöngustofa skal halda skrá yfir þá sem hafa virk leyfi og sannreynir vaktstöð siglinga að skipstjórar sem hyggjast sigla innri leið hafi gilda heimild Samgöngustofu til þess.""","Arts 3(b), 4 and 5","Amendment that gave vaktstöð siglinga the operational tasks tied to the Garðskagi/Reykjanes routeing measures: verifying inner-route authorisations, receiving the passage plan with ETA at the Garðskagi TSS (repeated 30 minutes before), and granting exemptions in consultation with the Coast Guard."
SRC-2120,"Lög nr. 41/2003 um vaktstöð siglinga (consolidated text, Lagasafn 157c)",Alþingi (Parliament of Iceland).,https://www.althingi.is/lagas/nuna/2003041.html,Tier 1,Íslensk lög 1. september 2026 (útgáfa 157c); last amended by L. 93/2024,2026-09-30,"Opened during the FC-A final-count fact-check on 2026-09-30. Passage: ""setja á fót vaktstöð siglinga sem veitir skipum sem sigla um íslenska efnahagslögsögu m.a. eftirfarandi öryggisþjónustu: a. vöktun og eftirlit sjálfvirks tilkynningarkerfis skipa (STK), þ.m.t. sjálfvirks alþjóðlegs auðkenningarkerfis skipa (AIS)""","Art. 2 (Markmið og hlutverk), item a","Statutory basis of the service: vaktstöð siglinga provides ships sailing in the Icelandic EEZ with AIS monitoring and surveillance, among other safety services; tasks may be assigned to the Icelandic Coast Guard."
SRC-2121,JRCC Iceland: Rescue Centre for mariners and aircraft,Landhelgisgæsla Íslands (Icelandic Coast Guard).,https://www.lhg.is/en/jrcc-iceland/jrcc-iceland-rescue-centre-for-mariners-and-aircrafts/,Tier 2,Current web page (image assets dated 2025-03); accessed 2026-09-30,2026-09-30,"Opened during the FC-A final-count fact-check on 2026-09-30. Passage: ""In addition, the Icelandic Vessel Traffic Service is operated within the operations centre.""",Page body,"Current operation and identity: the Icelandic Vessel Traffic Service is operated inside the Coast Guard operations centre (JRCC Iceland), Reykjavík."
SRC-2122,Dispositivos de separación de tráfico (web page),Salvamento Marítimo (SASEMAR).,https://www.salvamentomaritimo.es/mejora-tu-seguridad/control-y-servicios-en-la-mar/dispositivos-de-separacion-de-trafico,Tier 2,"Current page (copyright line 2021); copy fetched in Stage 2, re-read 2026-09-30",2026-09-30,"Opened during the FC-A final-count fact-check on 2026-09-30. Passage: ""El Centro de Coordinación de Salvamento de Tarifa presta el Servicio de Tráfico Marítimo en el Estrecho de Gibraltar""",'Estrecho de Gibraltar' section and 'Otros dispositivos',"Names CCS Tarifa as provider of the traffic service in the Strait of Gibraltar; lists Spain's DST as Finisterre, Estrecho, Cabo de Gata, Canarias, Cabo de Palos and Cabo de la Nao, with no service named for Palos or La Nao and no mention of Banco del Hoyo."
SRC-2123,"Orden FOM/245/2003, de 30 de enero, por la que se aprueba el plan de utilización de los espacios portuarios del puerto de Cartagena",Ministerio de Fomento (BOE).,https://www.boe.es/boe/dias/2003/02/13/pdfs/A05891-05893.pdf,Tier 1,"BOE núm. 38, 13 February 2003, pp. 5891-5893",2026-09-30,"Opened during the FC-A final-count fact-check on 2026-09-30. Passage: ""La Zona II, o exterior de las aguas portuarias, que abarca las zonas de entrada, maniobra y posible fondeo, ... incluye todas las aguas situadas al norte de la línea que une la Punta del Sofre con Cabo Tiñoso""",Zona II description and coordinate table,"Outer limit of Cartagena port waters (Zona II): waters north of the line Punta del Sofre to Cabo Tiñoso, points L-1 (UTM 667385/4156170) and L-2 (UTM 680723/4158974), about 37 32 N 001 06 W and 37 34 N 000 57 W (converted, ED50, approximate). Restated in Orden FOM/1909/2014."
SRC-2124,"Orden FOM/1909/2014, de 3 de octubre, por la que se aprueba la valoración de los terrenos y lámina de agua de la zona de servicio del puerto de Cartagena",Ministerio de Fomento (BOE).,https://www.boe.es/boe/dias/2014/10/18/pdfs/BOE-A-2014-10590.pdf,Tier 1,"BOE núm. 253, 18 October 2014",2026-09-30,"Opened during the FC-A final-count fact-check on 2026-09-30. Passage: ""Zona II: Exterior de las aguas portuarias. ... incluye todas las aguas situadas al Norte de la línea que une la Punta del Sofre con Cabo Tiñoso.""",Zona II description,Confirms the same Zona II outer limit (Punta del Sofre to Cabo Tiñoso) for the Cartagena port service area.
SRC-2125,Retenido un yate en Ibiza que puso en riesgo seguridad marítima en Cabo de Palos,La Voz de Ibiza (reporting a Delegación del Gobierno en Murcia statement).,https://lavozdeibiza.com/?p=65567,Lead only,19 September 2024,2026-09-30,"Opened during the FC-A final-count fact-check on 2026-09-30. Passage: ""el Centro de Coordinación de Salvamento Marítimo de Cartagena detectó el incumplimiento""",Article body,Shows that CCS Cartagena detected a vessel proceeding against the traffic flow in the Cabo de Palos DST on 15 September 2024 and tried to call it on VHF 16; the Capitanía Marítima de Cartagena opened sanction proceedings. Original Government Delegation note not opened (mptmd.gob.es listing did not render).
SRC-2126,"Real Decreto 210/2004, de 6 de febrero, por el que se establece un sistema de seguimiento y de información sobre el tráfico marítimo (consolidated)",Gobierno de España (BOE).,https://www.boe.es/buscar/act.php?id=BOE-A-2004-2752,Tier 1,"BOE-A-2004-2752, consolidated text accessed 2026-09-30",2026-09-30,"Opened during the FC-A final-count fact-check on 2026-09-30. Passage: ""ñ) Estación costera: los centros de coordinación de salvamento adscritos a la entidad pública empresarial Sociedad de Salvamento y Seguridad Marítima (SASEMAR).""","Arts 3(ñ), 3(o), 7.1 and 9.2",General duty only: the maritime administration urges ships to use IMO mandatory routeing systems used by Spain and monitors them; coastal stations are defined as the SASEMAR CCS. Names no VTS area or DST and does not by itself create a service for any TSS.
SRC-2127,COLREG.2/Circ.52 New and amended traffic separation schemes (Annexes 2 and 3),IMO.,,Tier 1,6 January 2003 (MSC 76),2026-09-30,"Opened during the FC-A final-count fact-check on 2026-09-30. Passage: ""(4) 37 o32·.00 N 000 o33·.50 W""","Annex 2 (La Nao), Annex 3 (Palos)","TSS coordinates (European Datum): Off Cape Palos 37 31.2 N to 37 35.7 N, 000 28.7 W to 000 35.75 W; Off Cape La Nao 38 37.7 N to 38 44.0 N, 000 13.5 E to 000 28.8 E."
SRC-2128,Resolution A.186(VI),IMO Assembly.,https://wwwcdn.imo.org/localresources/en/KnowledgeCentre/IndexofIMOResolutions/AssemblyDocuments/A.186(6).pdf,Tier 1,Adopted 28 October 1969 (Stage 2 copy re-read),2026-09-30,"Opened during the FC-A final-count fact-check on 2026-09-30. Passage: ""A two-mile wide separation zone is centred upon the following geographical positions: (i) 35°55'.5 N., 6°6'.0 W (ii) 35°55'.5 N., 6°12'.0 W""","Annex, scheme 1",Banco del Hoyo TSS: separation zone centred on 35 55.5 N between 006 06 W and 006 12 W; limits 35 52.3 N to 35 58.2 N; about 8 to 14 NM west of the GIBREP western limit (005 58 W).
SRC-2129,Icelandic Maritime Traffic Service / Vaktstöð siglinga,"Neyðarlínan ohf. (112 Iceland), page on vaktstöð siglinga.",https://www.112.is/en/vaktstod-siglinga,Tier 2,"Current web page, accessed 2026-09-30",2026-09-30,"Opened during the FC-A final-count fact-check on 2026-09-30. Passage: ""The Maritime Traffic Service ensures safe sailing in the Icelandic exclusive economic zone; the safety of ships, passengers, and crews; and strengthens the prevention of pollution from ships.""",'Emergency and safety services for seafarers',"Service description of vaktstöð siglinga: EEZ-wide telecommunications, emergency and safety services (distress communications, NAVTEX, MEDICO, navigational warnings, monitoring of ships in the reporting system); no traffic-organisation role or VTS area stated. Supports monitoring-information classification."
SRC-2130,"Actualidad (news archive), filter year 2024, month September","Ministerio de Política Territorial y Memoria Democrática, Delegación del Gobierno en la Región de Murcia.",https://mptmd.gob.es/portal/delegaciones_gobierno/delegaciones/murcia/actualidad,Tier 2,Accessed 2026-09-30 (content_display.y2024.m9 selector),2026-09-30,"Opened during the FC-A final-count fact-check on 2026-09-30. Passage: ""No matching item (listing titles concern agriculture, prisons, drug tests, weather, funding).""",September 2024 listing,"Search record only: the September 2024 archive lists 11 notes (5 to 27 Sept 2024), none on the Cabo de Palos DST incident; the original statement reported in F2-S12 is not available on the current site."
SRC-2131,"Arrêté préfectoral n° 256/2016 réglementant la navigation dans le dispositif de séparation du trafic, les zones de prudence et la zone de navigation côtière associées du canal de Corse",Préfecture maritime de la Méditerranée.,https://www.premar-mediterranee.gouv.fr/uploads/mediterranee/arretes/1479998332-index-2016-256.pdf,Tier 1,24 November 2016; in force 1 December 2016 00h00 UTC,2026-09-30,"Opened during the FC-A final-count fact-check on 2026-09-30. Passage: ""Ces navires sont tenus de répondre sur cette fréquence à tout appel provenant soit du CROSS Méditerranée, soit d’un sémaphore, soit d’un navire ou aéronef de l’Etat français""",Articles 4 to 8 and 10; Annex I,"Only French national instrument regulating the Corsica Channel TSS. Operational roles given to CROSS Méditerranée (La Garde) and the naval signal stations (sémaphores) of Cap Corse and Sagro: VHF 16 watch in French part of TSS, obligation to answer CROSS Med / sémaphore / State units, ZNC reports to sémaphores, annual declaration to CROSS Med. No VTS, VTS centre or VTS area is designated. Annex I restates TSS coordinates (lanes 43°02'N to 42°54'N, 009°33'.68E to 009°43'.20E; precautionary areas 43°07'N to 42°48'N)."
SRC-2132,"Arrêtés search listing, numéro 2016-256, filter 'Limiter aux actes en vigueur'",Préfecture maritime de la Méditerranée.,https://www.premar-mediterranee.gouv.fr/arretes?numero=2016-256&envigueur=on,Tier 2,Listing accessed 30 September 2026,2026-09-30,"Opened during the FC-A final-count fact-check on 2026-09-30. Passage: ""2016-256 Date de signature : 24 nov. 2016 Haute-Corse arrêté préfectoral n°256/2016 réglementant la navigation dans le dispositif de séparation du trafic""",Search result entry 2016-256,"Arrêté 256/2016 is returned with the in-force filter and carries no 'Abrogé' marker (other listed acts show 'Abrogé' where repealed), so it is current."
SRC-2133,Vessel Traffic Service (Italian page and English page listing VTS centres and manuals),Comando generale del Corpo delle Capitanerie di porto - Guardia Costiera (Italy).,https://www.guardiacostiera.gov.it/portale/vessel-traffic-service,Tier 2,"Live page, accessed 30 September 2026 (undated); cites D.M. 22 novembre 2023",2026-09-30,"Opened during the FC-A final-count fact-check on 2026-09-30. Passage: ""Attualmente i Centri VTS in Italia sono 11.""",Page body,"Official complete national list: 11 Italian VTS centres (A.M.S. Messina, Bari, Brindisi, Genova, La Maddalena, La Spezia, Palermo, Savona, Taranto, Trieste, Venezia). No Livorno, Piombino, Portoferraio or Tuscan Archipelago VTS, and no VTS in western Sicily or Pantelleria other than Palermo. English list: https://www.guardiacostiera.gov.it/portale/web/english/vessel-traffic-service"
SRC-2134,Italia Genova Traffic procedure (VTS user manual),Capitaneria di porto di Genova - Guardia Costiera.,https://www.guardiacostiera.gov.it/portale/documents/d/guest/it_genova_manuale_utentevts,Tier 2,"Edizione 002, revisione 14.10.2013",2026-09-30,"Opened during the FC-A final-count fact-check on 2026-09-30. Passage: ""IL VTS GENOVA EFFETTUA IL MONITORAGGIO DEL TRAFFICO NAVALE ALL'INTERNO DELL'AREA VTS DEFINITA DAL D.M. 10 MAGGIO 2011 ... c. LAT. 44°03'.0N - LONG. 009°19'.0E""","Page GOA 1, Informazioni generali",Genova VTS area (D.M. 10 May 2011) southern limit about 44°03'N; excludes the Corsica Channel TSS (43°07'N and south). Read from the rendered page image.
SRC-2135,La Spezia V.T.S. information sheet,Capitaneria di porto di La Spezia - Guardia Costiera.,https://www.guardiacostiera.gov.it/portale/documents/d/guest/scheda-informazioni-la-spezia,Tier 2,PDF created 1 April 2025,2026-09-30,"Opened during the FC-A final-count fact-check on 2026-09-30. Passage: ""C. lat. 43° 46'. 0 N - long. 009° 45'.2 E""",1.2 Coverage of a VTS area,"La Spezia VTS area polygon A-D, southernmost point 43°46'.0N; excludes the Corsica Channel TSS."
SRC-2136,VTS Savona information sheet (ITA/EN),Capitaneria di porto di Savona - Guardia Costiera.,https://www.guardiacostiera.gov.it/portale/documents/d/guest/scheda-inforrmazioni-ita-en,Tier 2,PDF dated 17 April 2025,2026-09-30,"Opened during the FC-A final-count fact-check on 2026-09-30. Passage: ""E. Lat 43°38’ N Long 008°07’ E""",1.2 Coverage of a VTS area,"Savona VTS area polygon, southernmost 43°38'N, easternmost 008°50'.5E; excludes the Corsica Channel TSS."
SRC-2137,Italy Bonifacio Strait common procedures (Bonifacio Traffic),Capitaneria di porto di La Maddalena - Guardia Costiera.,https://www.guardiacostiera.gov.it/portale/documents/d/guest/it_lamaddalena_manuale_utentevts,Tier 2,"Edizione 002, 24 February 2011 (file modified 9 September 2024)",2026-09-30,"Opened during the FC-A final-count fact-check on 2026-09-30. Passage: ""La congiungente Pointe de Rondinara in Corsica al punto di coordinate 41°22’.55N – 009°22’.38E (estremità nord-est delle corsie di traffico).""",Limiti dell'area VTS dello stretto di Bonifacio,Bonifacio VTS area is the Strait of Bonifacio only (about 41°16'N to 41°23'N); excludes the Corsica Channel TSS. Joint Italian/French operation (La Maddalena and Pertusato signal station).
SRC-2138,Italy VTS Palermo common procedures,Capitaneria di porto di Palermo - Guardia Costiera.,https://www.guardiacostiera.gov.it/portale/documents/d/guest/it_palermo_manuale_utentevts,Tier 2,"Edition 004, revision 01.02.2010 (area set by D.M. 02.10.08)",2026-09-30,"Opened during the FC-A final-count fact-check on 2026-09-30. Passage: ""1) Lat. 38°07’.7 N – Long. 013°22’.6 E (Racon Palermo) 2) Lat. 38°24’.7 N – Long. 013°22’.6 E""",Limiti area VTS Palermo,"Palermo VTS area lies between 013°22'.6E and 013°41'.5E, 38°07'N to 38°24'.7N; excludes the Cape Bon TSS (011°06'E to 011°21'E) and Cani Island TSS. Palermo is the only listed Italian VTS in western Sicily."
SRC-2139,"COLREG.2/Circ.58, annex 7: amendment to the TSS north of Cani Island and north of Cape Bon",IMO.,,Tier 1,11 December 2006; implemented 1 July 2007,2026-09-30,"Opened during the FC-A final-count fact-check on 2026-09-30. Passage: ""AMENDMENT TO THE TRAFFIC SEPARATION SCHEME NORTH OF CAPE BON""","Annex 7, pages 318 to 320 of compilation","Positions: Cani Island TSS 37°31'N to 37°40'N, 010°02'.5E to 010°13'.4E, inshore zone apex Cani Islands light; Cape Bon TSS about 37°17'N to 37°29'N, 011°06'.5E to 011°21'.4E, apex Cape Bon light. No reporting or VTS provision in the descriptions."
SRC-2140,Tunisie - Transport: des ports de plus en plus sécurisés,WebManagerCenter (Tunisian business press).,https://www.webmanagercenter.com/2007/09/21/33340/tunisie-transport-des-ports-de-plus-en-plus-securises/,Lead only,21 September 2007,2026-09-30,"Opened during the FC-A final-count fact-check on 2026-09-30. Passage: ""Dès la rade, un VTS, plus simplement un système de gestion du trafic des navires installé, jusqu'ici, aux ports les plus fréquentés, la Goulette et Radès, prend en charge le navire.""",Article body,"In 2007 a port VTS operated at La Goulette and Radès from the roadstead to the quay; VTS for Bizerte, Sfax and Gabès was planned. Port-scale, old, press; no link to either TSS."
SRC-2141,"Tender for navigation security, communication equipment for Tunisian ports postponed",PortSEurope (trade press).,https://www.portseurope.com/tender-for-navigation-security-communication-equipment-for-tunisian-ports-postponed/,Lead only,2026 (January 2026 per search summary; article paywalled),2026-09-30,"Opened during the FC-A final-count fact-check on 2026-09-30. Passage: ""postponed the tender deadline for submission of offers for the supply and installation of navigation security and maritime communication equipment at Tunisian commercial ports for a second time""",Visible lead paragraph,OMMP tender for navigation security and maritime communication equipment at Tunisian commercial ports was still pending in 2026; content (whether VTS) not visible.
SRC-2142,MBSHC22 Tunisian national report,Tunisian Navy Hydrographic and Oceanographic Centre (IHO MBSHC).,https://iho.int/uploads/user/Inter-Regional%20Coordination/RHC/MBSHC/MBSHC22/MBSHC22_TUNISIAN%20NATIONAL%20REPORT.PDF,Lead only,May 2021,2026-09-30,"Opened during the FC-A final-count fact-check on 2026-09-30. Passage: ""(no relevant passage; searched for VTS, traffic, trafic, surveillance, Cap Bon, Cani)""",Whole document (13 pages),"Opened and searched: no mention of VTS, traffic monitoring, Cani Island or Cape Bon. Not evidence of absence (hydrographic report, not a service list)."
SRC-2143,Brève: séminaire des SHEM en Corse,"Fondation méditerranéenne d'études stratégiques (FMES), reporting a briefing by the directeur interrégional de la mer.",https://fmes-france.org/wp-content/uploads/2025/03/breve-seminaire-des-shem-en-corse.pdf,Lead only,PDF created 27 March 2025 (seminar 12 to 14 March 2025),2026-09-30,"Opened during the FC-A final-count fact-check on 2026-09-30. Passage: ""le CROSS Med veille également au respect des dispositifs de séparation de trafic (DST) du canal de Corse et des Bouches de Bonifacio""","Page 1 to 2, CROSS Med paragraph",Current (2025) description: CROSS Med en Corse surveils offshore traffic using seven Marine nationale sémaphores and oversees compliance with the Corsica Channel DST; Sagro sémaphore is in charge of traffic surveillance in the channel.
SRC-2144,Avarie sur un porte-conteneurs au large du Cap Corse: un important dispositif d'assistance mobilisé,"Corse Net Infos (press, citing a Préfecture maritime de la Méditerranée communiqué).",https://www.corsenetinfos.corsica/Avarie-sur-un-porte-conteneurs-au-large-du-Cap-Corse-un-important-dispositif-d-assistance-mobilise_a84323.html,Lead only,29 April 2025,2026-09-30,"Opened during the FC-A final-count fact-check on 2026-09-30. Passage: ""le CROSS a néanmoins demandé au sémaphore de Sagro de renforcer la surveillance du trafic maritime dans cette zone particulièrement fréquentée""",Article body,Operational example: Sagro sémaphore alerted CROSS Med to a disabled ship in the Corsica Channel DST; CROSS asked Sagro to reinforce traffic surveillance; préfet maritime issued a formal notice. Prémar original not located on premar-mediterranee.gouv.fr.
SRC-2145,"Sécurité, sûreté et protection de l'environnement portuaire","Office de la Marine Marchande et des Ports (OMMP), Tunisia.",https://www.ommp.nat.tn/securite-surete-et-protection-de-lenvironnement-portuaire/,Tier 2,Page dated 25 August 2015; accessed 30 September 2026,2026-09-30,"Opened during the FC-A final-count fact-check on 2026-09-30. Passage: ""Dès la rade, un VTS aux ports les plus fréquentés; La Goulette et Rades prend en charge le navire ; il ne le quittera plus jusqu'à son accostage.""",Section 'Des navires en toute sécurité: de la mer au quai',"Official OMMP statement that port VTS exist only at La Goulette and Radès (from the roadstead) and that VTS are to be installed at Bizerte, Sousse, Sfax and Gabès. Port-scale; no area reaching either TSS; older than three years, so it cannot close a finding (decision 4)."
SRC-2146,"Ένταξη της Πράξης «Επέκταση, Αναβάθμιση και Εκσυγχρονισμός του Εθνικού Συστήματος VTMIS» με Κωδικό ΟΠΣ 6050796 (ΑΔΑ 6ΑΜΤΗ-ΤΑΞ)","Hellenic Republic, Ministry of National Economy and Finance, Managing Authority of the 'Transport 2021-2027' programme (decision addressed to Hellenic Coast Guard HQ, Directorate of Safety of Navigation).",https://diavgeia.gov.gr/doc/6%CE%91%CE%9C%CE%A4%CE%97-%CE%A4%CE%91%CE%9E,Tier 2,"24/09/2026 (Ορθή Επανάληψη 25/09/2026), A.P. 152906 ΕΞ 2026; accessed 2026-09-30 via Diavgeia",2026-09-30,"Opened during the FC-A final-count fact-check on 2026-09-30. Passage: ""Προβλέπεται η αναβάθμιση επτά (7) υφιστάμενων Κέντρων VTS στους λιμένες Πειραιά, Ραφήνας, Λαυρίου, Πάτρας, Αντιρρίου, Κέρκυρας και Ηγουμενίτσας, καθώς και η δημιουργία τριών (3) νέων Κέντρων VTS στη Θεσσαλονίκη""","p. 4, section A.5 'Φυσικό αντικείμενο της πράξης' (page image read; text layer lacks Greek glyphs)","Current official statement that VTS Piraeus is one of seven existing Hellenic Coast Guard VTS centres (Piraeus, Rafina, Lavrio, Patras, Antirrio, Corfu, Igoumenitsa) and that a Thessaloniki VTS centre is still to be created; each VTS centre has a defined area of responsibility (area not given)"
SRC-2147,Π.Δ. 81/2014 (ΦΕΚ Α' 125/29.05.2014) Αναδιάρθρωση Περιφερειακών Διοικήσεων Λ.Σ.-ΕΛ.ΑΚΤ. και Λιμενικών Αρχών,"Hellenic Republic (Presidential Decree; text as reproduced by dsanet.gr, not the FEK original).",https://dsanet.gr/Epikairothta/Nomothesia/pd%2081_2014.htm,Lead only,29 May 2014; current in-force status and later amendments not checked,2026-09-30,"Opened during the FC-A final-count fact-check on 2026-09-30. Passage: ""Το Λιμεναρχείο Σαρωνικού δεν ασκεί στην περιοχή δικαιοδοσίας του αρμοδιότητες ελέγχου κυκλοφορίας πλοίων στην ορισμένη ζώνη Διαχωρισμού Θαλάσσιας Κυκλοφορίας Πλοίων του λιμένα Πειραιά.""","Article on the Saronikos Port Office jurisdiction, para. 1(β)","Statutory text (secondary copy) showing a defined 'traffic separation zone of the port of Piraeus' within the Saronikos Port Office's area, over which that office does NOT exercise ship traffic control; implies control rests elsewhere (by inference the Central Port Authority of Piraeus), but does not name VTS Piraeus or give coordinates of the zone. Older than three years"
SRC-2148,"Απόρριψη της Πράξης «Επέκταση, Αναβάθμιση και Εκσυγχρονισμός του Εθνικού Συστήματος VTMIS» (ΟΠΣ 6001400) (ΑΔΑ 60ΙΥΗ-Υ0Υ)","Hellenic Republic, Ministry of National Economy and Finance, Managing Authority 'Transport'.",https://diavgeia.gov.gr/doc/60%CE%99%CE%A5%CE%97-%CE%A50%CE%A5,Tier 2,"16/07/2025, A.P. 126613 ΕΞ 2025",2026-09-30,"Opened during the FC-A final-count fact-check on 2026-09-30. Passage: ""Εκδόθηκε σχετικά η με α.π. 2832.7/45549/20-06-2025 Υπουργική Απόφαση για τη ματαίωση της διαγωνιστικής διαδικασίας και την επανάληψη αυτής""","Decision operative part, p. 3",The VTMIS expansion tender (which includes the new Thessaloniki centre) was cancelled in June 2025 and re-tendered; corroborates that the Thessaloniki VTS centre was not built as of 2025
SRC-2149,Απόφαση 57/2026 (ΑΔΑ ΨΔ2ΝΟΕΘΔ-319): Επικαιροποίηση απόφασης για εγκατάσταση εξοπλισμού του έργου Επέκταση-αναβάθμιση-εκσυγχρονισμός του Εθνικού Συστήματος VTMIS,"Δημοτικό Λιμενικό Ταμείο Μονεμβασίας (municipal port fund), citing Ministry of Maritime Affairs and Insular Policy / Directorate of Safety of Navigation letter 2223.9-15/40436/2026 of 11/06/2026.",https://diavgeia.gov.gr/doc/%CE%A8%CE%942%CE%9D%CE%9F%CE%95%CE%98%CE%94-319,Lead only,30/06/2026,2026-09-30,"Opened during the FC-A final-count fact-check on 2026-09-30. Passage: ""Το Κέντρο VTMIS καθώς και τα Κέντρα-Υπόκεντρα VTS λειτουργούν σε 24ωρη βάση""",Section 'ΛΕΙΤΟΥΡΓΙΑ – ΠΡΟΣΩΠΙΚΟ V.T.M.I.S.',"Identity context: Greek VTS centres and sub-centres are staffed by the Hellenic Coast Guard, operate 24 hours, and talk directly to ships; VTMIS expansion still at re-tender stage in June 2026"
SRC-2150,«Εθνικό VTMIS» (Διπλωματική Εργασία),"University of the Aegean (MSc dissertation, N. Ntatis).",https://hellanicus.lib.aegean.gr/bitstream/handle/11610/12999/file0.pdf?sequence=2,Lead only,October 2005,2026-09-30,"Opened during the FC-A final-count fact-check on 2026-09-30. Passage: ""Κατά την φάση αυτή υλοποιήθηκε το VTS Πειραιά που καλύπτει την ευρεία περιοχή των προσβάσεων του""",Chapter 3.1,"Historical lead: VTS Piraeus built in phase 1 (from 1999) to cover the wider area of its approaches; cites the VTMIS operating regulation Υ.Α. 3239.10/01/03 (ΦΕΚ Β' 1900/22-12-2003). No boundary, no TSS"
SRC-2151,"Rules of Navigation, December 2020 Edition, Part III Chapter X 'The Suez Canal Vessel Traffic Management System (SC-VTMS)' (official flipbook; text read from the flipbook's text index)",Suez Canal Authority (Egypt).,https://www.suezcanal.gov.eg/FlipPDFFiles/RulesOfNavigation/index.html,Tier 2,"December 2020 edition, in effect from 1 January 2021; still the edition published by SCA on 2026-09-30",2026-09-30,"Opened during the FC-A final-count fact-check on 2026-09-30. Passage: ""providing complete surveillance and tracking of all vessels throughout the Canal and its approaches at Port Said and Suez anchorage area""","Chapter X Overview, p. 156 (text index file mobile/javascript/search_config.js)","SC-VTMS is an SCA vessel traffic management system giving surveillance and tracking of vessels in the Canal and its Port Said approaches, including vessels arriving at the approaches from 15 miles out; the IMO TSS off Bur Said are not named and no boundary is given"
SRC-2152,"Rules of Navigation, December 2020 Edition, Art. 8 (Port Said) and Chapter IX (Port Said Port Office VHF)",Suez Canal Authority (Egypt).,https://www.suezcanal.gov.eg/FlipPDFFiles/RulesOfNavigation/index.html,Tier 2,"December 2020 edition, in effect from 1 January 2021",2026-09-30,"Opened during the FC-A final-count fact-check on 2026-09-30. Passage: ""The vessels coming from sea fifteen miles before arrival Fairway Buoy should contact the harbor office by: 1. V.H.F Channel 12, 13, 16""",Art. 8 General (p. 7 to 11); Chapter IX A(1) (p. 154),"Arriving vessels call the Port Said harbour office 15 miles before the Fairway Buoy (31°21'.32N 32°20'.81E) on VHF 12/13/16; Port Said 1 works VHF 12 outside the harbour. Gives the reference point used here for the 15-mile distance comparison (an assumption for SC-VTMS, not stated in Chapter X)"
SRC-2153,"EAMS website content file (English), sections on VTS, GOS VTIMS and ship traffic information",Egyptian Authority for Maritime Safety (EAMS).,https://www.eams.gov.eg/i18n/en.json,Tier 2,Current site (carries 2025/2026 items); accessed 2026-09-30,2026-09-30,"Opened during the FC-A final-count fact-check on 2026-09-30. Passage: ""across the Gulf of Suez, the southern Gulf of Aqaba, the northern Red Sea, as well as at the Port of Alexandria up to a distance of 25 nautical miles into the Mediterranean Sea""",keys shipTrafficInformation.objectiveOfTheProject; aids-to-navigation list4,"EAMS VTS stations are only in the Gulf of Suez; EAMS VTIMS capability reaches the Mediterranean only at Alexandria (25 NM). EAMS does not describe any VTS at Damietta or Port Said, so VTS-0207 is not a candidate for TSS-0113 to TSS-0116"
SRC-2154,Damietta Port Authority postpones opening of technical bids for supply and operation of a vessel traffic management system (VTS),Alborsaa News (press).,https://www.alborsaanews.com/2025/02/27/1872139,Lead only,27 February 2025,2026-09-30,"Opened during the FC-A final-count fact-check on 2026-09-30. Passage: ""تمتد منطقة عمل منظومة ادارة حركة السفن بميناء دمياط حتى 25 كيلو متر من خط الشاطئ""",Article body (WebFetch extract),"Damietta Port Authority tender (2024/2025) for a new VTS operated from the VTS tower on the east side of the port, working area up to 25 km (about 13.5 nm) from the shoreline; no evidence found that it is in operation"
SRC-2155,Π.Δ. 81/2014 Αναδιάρθρωση Περιφερειακών Διοικήσεων Λ.Σ.-ΕΛ.ΑΚΤ. και Λιμενικών Αρχών (ΦΕΚ Α' 125/29.05.2014),"Hellenic Republic, National Printing Office (Εθνικό Τυπογραφείο), official FEK.",https://ia37rg02wpsa01.blob.core.windows.net/fek/01/2014/20140100125.pdf,Tier 1,29 May 2014; official FEK PDF accessed 2026-09-30,2026-09-30,"Opened during the FC-A final-count fact-check on 2026-09-30. Passage: ""Το Λιμεναρχείο Σαρωνικού δεν ασκεί στην περιοχή δικαιοδοσίας του αρμοδιότητες ελέγχου κυκλοφορίας πλοίων στην ορισμένη ζώνη Διαχωρισμού Θαλάσσιας Κυκλοφορίας Πλοίων του λιμένα Πειραιά.""","FEK p. 4 (Saronikos Port Office, para. 1(β)); Art. 12 (Κεντρικό Λιμεναρχείο Θεσσαλονίκης)","Official text replacing the dsanet.gr copy (F4-S2): the Saronikos Port Office does not exercise ship traffic control in the defined traffic separation zone of the port of Piraeus (does not name VTS Piraeus, gives no zone coordinates). Art. 12 defines the Central Port Authority of Thessaloniki's jurisdiction with no comparable traffic-control or TSS provision. Older than three years"
SRC-2156,Υ.Α. 3239.10/01/03 Έγκριση Κανονισμού Λειτουργίας του Εθνικού Συστήματος Διαχείρισης & Πληροφοριών Κυκλοφορίας Πλοίων (VTMIS) (ΦΕΚ Β' 1900/22.12.2003),"Ministry of Mercantile Marine (Greece), official FEK.",https://ia37rg02wpsa01.blob.core.windows.net/fek/02/2003/20030201900.pdf,Tier 1,22 December 2003 (original text; later amendments not found); official FEK PDF accessed 2026-09-30,2026-09-30,"Opened during the FC-A final-count fact-check on 2026-09-30. Passage: ""Η περιοχή ευθύνης των Κέντρων VTS οριοθετείται ... όπως εμφαίνεται στα ΠΑΡΑΡΤΗΜΑΤΑ του παρόντος για κάθε Κέντρο VTS.""","Arts. 5, 7, 9 and Annexes A and B (FEK pp. 25927 to 25934)","Legal frame: the national VTMIS consists of the VTMIS centre (Piraeus) and the VTS centres and sub-centres listed in the annexes (Art. 5); VTS centres installed and operating in Greek waters are characterised under this regulation (Art. 7); each VTS centre's area of responsibility is set in the annexes (Art. 9). The original annexes define only Patras/Antirrio (PATRA TRAFFIC, RIO TRAFFIC) and Kerkyra/Igoumenitsa (KERKIRA TRAFFIC, IGUMENITSA TRAFFIC); no Piraeus or Thessaloniki annex. Older than three years; context only"
SRC-2157,"Με χρηματοδότηση από το ΕΣΠΑ η επέκταση, αναβάθμιση και εκσυγχρονισμός του Εθνικού Συστήματος Διαχείρισης Θαλάσσιας Κυκλοφορίας (VTMIS) και Πληροφόρησης","Hellenic Republic, Ministry of National Economy and Finance (minfin.gov.gr press release).",https://minfin.gov.gr/me-chrimatodotisi-apo-to-espa-i-epektasi-anavathmisi-kai-eksygchronismos-tou-ethnikou-systimatos-diacheirisis-thalassias-kykloforias-vtmis-kai-pliroforisis/,Tier 2,24 September 2026; accessed 2026-09-30 (WebFetch),2026-09-30,"Opened during the FC-A final-count fact-check on 2026-09-30. Passage: ""Προβλέπεται η αναβάθμιση επτά υφιστάμενων Κέντρων ελέγχου θαλάσσιας κυκλοφορίας στους λιμένες Πειραιά, Ραφήνας, Λαυρίου, Πάτρας, Αντιρρίου, Κέρκυρας και Ηγουμενίτσας""",Press release body,"Corroborates F4-S1: seven existing traffic control centres (Piraeus, Rafina, Lavrio, Patras, Antirrio, Corfu, Igoumenitsa); three new centres to be created at Thessaloniki, Elefsina and Neapoli Voion"
SRC-2158,"Rules of Navigation, December 2020 Edition, flipbook text index (reopened)",Suez Canal Authority (Egypt).,https://www.suezcanal.gov.eg/FlipPDFFiles/RulesOfNavigation/mobile/javascript/search_config.js,Tier 2,December 2020 edition; file retrieved from suezcanal.gov.eg 2026-09-30,2026-09-30,"Opened during the FC-A final-count fact-check on 2026-09-30. Passage: ""(1) Automatic surveillance and tracking of vessel arriving at SC approaches (15 miles faraway) until anchorage in the waiting areas.""","Chapter X Overview, p. 156, service (1)",Reopening of F4-S6/F4-S7: Chapter X text confirmed; the '15 miles' has no stated reference point; no mention of a traffic separation scheme off Port Said anywhere in the text
SRC-2159,"Order No. 110 of 23.03.2018 'On approval of the Compulsory Regulations in the seaport of Kavkaz' (consolidated, as amended to 17.07.2026)",Ministry of Transport of the Russian Federation (instrument of one party; area disputed).,https://legalacts.ru/doc/prikaz-mintransa-rossii-ot-23032018-n-110-ob-utverzhdenii/,Tier 1,Amended to 17.07.2026; in force until 1 March 2029 (per order); accessed 2026-09-30 via legalacts.ru,2026-09-30,"Opened during the FC-A final-count fact-check on 2026-09-30. Passage: ""34. Акватория морского порта и подходы к нему входят в зону действия СУДС Керченского пролива, которая обслуживает морские порты Тамань, Керчь и Темрюк.""",Chapter V paras 34 to 39; Annex 4,"Kerch Strait VTS zone polygon (para 35, southern limit 44°59.90'N 36°28.52'E to 36°45.15'E), VTS reporting duties (para 39), sectors and call sign Kavkaz-Traffic (Annex 4); service claimed to serve Taman, Kerch and Temryuk"
SRC-2160,Resolution A.374(X) Routeing systems: 'In the southern approaches to the Kerch Strait' (new scheme),IMO Assembly.,https://wwwcdn.imo.org/localresources/en/KnowledgeCentre/IndexofIMOResolutions/AssemblyDocuments/A.374(10).pdf,Tier 1,Adopted 14 November 1977,2026-09-30,"Opened during the FC-A final-count fact-check on 2026-09-30. Passage: ""(a) A separation zone is bounded by lines connecting the following geographical positions: (1) 44°49'.7 N., 36°29'.0 E. (2) 45°02'.3 N., 36°30'.0 E.""","Page 10, Kerch Strait scheme",TSS coordinates used for the overlay (44°49.7'N to 45°06.8'N; 36°26.8'E to 36°33.2'E); reference chart USSR No. 514
SRC-2161,"NP 24 Black Sea and Sea of Azov Pilot, 1st edition, Chapter 8 extract",UK Hydrographic Office (exhibit UA-222 in PCA case Ukraine v. Russian Federation).,https://files.pca-cpa.org/pcadocs/ua-ru/04.%20UA%20Rejoinder%20Memorial/01.%20Exhibits/UA-222.pdf,Tier 3,2003,2026-09-30,"Opened during the FC-A final-count fact-check on 2026-09-30. Passage: ""the S end of the traffic separation scheme (44°50 ′N, 36°30 ′E) (8.25) as shown on the chart.""",Para 8.22,Corroborates the TSS south end at 44°50'N 36°30'E; historical description of the Kerch strait traffic control (historical only)
SRC-2162,Україна офіційно закриває для міжнародного судноплавства морські порти Криму,Cabinet of Ministers of Ukraine (Government portal).,https://www.kmu.gov.ua/news/247436461,Tier 2,Published 05.07.2014,2026-09-30,"Opened during the FC-A final-count fact-check on 2026-09-30. Passage: ""морські порти Євпаторія, Керч, Севастополь, Феодосія, Ялта, розташовані на території Автономної Республіки Крим та м. Севастополя""",Body text,Ukraine's position: ports of Kerch and Sevastopol closed by Order No. 255 of 16.06.2014; IMO informed. Recorded neutrally as one party's position
SRC-2163,Order No. 26 of 24.01.2017 'On approval of the Compulsory Regulations in the seaport of Sevastopol',Ministry of Transport of the Russian Federation (instrument of one party; area disputed).,https://legalacts.ru/doc/prikaz-mintransa-rossii-ot-24012017-n-26-ob-utverzhdenii/,Tier 1,"24.01.2017, registered 17.02.2017 No. 45696; no amendments shown; accessed 2026-09-30",2026-09-30,"Opened during the FC-A final-count fact-check on 2026-09-30. Passage: ""47. В акватории морского порта и на подходах к нему действует СУДС, зоной действия которой является акватория, которая ограничивается:""",Chapter V para 47; para 93; Annex 5,"Claimed Sevastopol VTS zone limits (para 47) and call sign 'Sevastopol-Traffic-Control' (para 93, Annex 5); evidence older than three years (decision 4)"
SRC-2164,COLREG.2/Circ.61 Annex 5: New traffic separation scheme 'In the area off the south-western coast of the Crimea',IMO.,,Tier 1,2010 (as held in project COLREG.2 compilation),2026-09-30,"Opened during the FC-A final-count fact-check on 2026-09-30. Passage: ""The traffic separation scheme consists of two parts: Part one, Routeing System No.9 ""Sevastopol Harbour Approach""; and Part two, Routeing System No.3 ""From Cape Khersones to Cape Aitodor"".""","Annex 5, pages 1 to 4",TSS parts and coordinates used for the comparison with the Sevastopol VTS zone
SRC-2165,"Proposals have been drafted to amend the Traffic Separation Scheme (TSS) No 2. In the Approaches to the Chornomorsk, Odesa and Pivdennyi Ports",State Service of Maritime and Inland Waterway Transport of Ukraine (MARAD) / State Hydrographic Service of Ukraine.,https://marad.gov.ua/storage/app/sites/1/international-activities/Propozicii_sistemi_rozpodilu_ryhu_en.pdf,Tier 2,"Undated, pre-adoption; accessed 2026-09-30",2026-09-30,"Opened during the FC-A final-count fact-check on 2026-09-30. Passage: ""The VTS of the State Enterprise 'Ukrainian Sea Ports Authority' (SE USPA) Pilotage Branch – Delta Pilot has suggested to expand the traffic lanes in Part I of the TSS""",Part I proposal,Delta Pilot VTS involvement with the TSS; no VTS area defined
SRC-2166,"VTS Services, Azovo-Chernomorsky Basin Branch: Statistics (Kerch Strait VTS)",FSUE Rosmorport (Russian Federation operator; area disputed).,https://www.rosmorport.com/filials/nvr_serv_nav/,Tier 2,Undated page; statistics to 2023; reopened 2026-09-30 (EN and RU),2026-09-30,"Opened during the FC-A final-count fact-check on 2026-09-30. Passage: ""VTS of the Kerch Strait ... 2023 | 203,933 | 143,650 | 10,140 | 8,719 | 25,066""",Section 4 Statistics; Section 1 General Information,"Operation of the Kerch Strait VTS through 2023 (vessel counts, including transits of the strait); Rosmorport VTS list for the basin excludes Sevastopol"
SRC-2167,Order No. 255 of 16.06.2014 'On closure of seaports' (registered 24.06.2014 No. 690/25467),Ministry of Infrastructure of Ukraine.,https://zakon.rada.gov.ua/laws/show/z0690-14,Tier 1,16.06.2014; current text on zakon.rada.gov.ua reopened 2026-09-30,2026-09-30,"Opened during the FC-A final-count fact-check on 2026-09-30. Passage: ""закрити морські порти Керч, Севастополь, Феодосія, Ялта, Євпаторія з дня набрання чинності цим наказом.""",Para 1,Ukraine's position: ports of Kerch and Sevastopol closed pending restoration of constitutional order; recorded neutrally as one party's position
SRC-2168,Rosmorport completed transition to Russian software for vessel traffic management systems,www1.ru news site citing Rosmorport press service.,https://www1.ru/news/2025/09/11/rosmorport-zaversil-perexod-na-rossiiskoe-po-dlia-sistem-upravleniia-sudami.html,Lead only,11.09.2025,2026-09-30,"Opened during the FC-A final-count fact-check on 2026-09-30. Passage: ""Работы затронули СУДС Керченского пролива, Севастополя, Феодосии, Новороссийска и Туапсе.""",First paragraph,"Lead that VTS of the Kerch Strait, Sevastopol and Feodosia were operated by Rosmorport's Azovo-Chernomorsky branch in September 2025"
SRC-2169,Sitronics Group to convert five VTS in Azov-Black Sea ports to Russian software,ComNews (trade press).,https://www.comnews.ru/content/234021/2024-06-27/2024-w26/1011/sitronics-group-perevedet-rossiyskoe-pyat-sistem-upravleniya-dvizheniem-sudov-suds-morskikh-portakh-azovo-chernomorskogo-basseyna,Lead only,27.06.2024,2026-09-30,"Opened during the FC-A final-count fact-check on 2026-09-30. Passage: ""переведет на программное обеспечение собственной разработки ""СиТрафик"" пять СУДС: портов Новороссийска, Туапсе, Керчи, Севастополя и Феодосии.""",Body,Lead naming a Sevastopol VTS in a Rosmorport contract
SRC-2170,Navigation services using VTS (enterprise list of VTS by branch),FSUE Rosmorport.,https://www.rosmorport.ru/services/vts_services/,Tier 2,Undated; reopened 2026-09-30,2026-09-30,"Opened during the FC-A final-count fact-check on 2026-09-30. Passage: ""Азово-Черноморский бассейновый филиал ( СУДС Новороссийск ; СУДС Керченского пролива ; СУДС Сочи ; СУДС Туапсе и СУДС Таганрогского залива )""",Body,"Official Rosmorport list for the Azovo-Chernomorsky branch names Novorossiysk, Kerch Strait, Sochi, Tuapse and Taganrog Gulf VTS only (no Sevastopol)"
SRC-2171,"Order No. 655 of 01.08.2007 'On approval of the Rules of navigation and pilotage of vessels in the north-western part of the Black Sea, Buh-Dnipro-Lyman and Kherson sea canals' (registered 05.10.2007 No. 1150/14417)",Ministry of Transport and Communications of Ukraine (as amended by Ministry of Infrastructure and Ministry for Development of Communities and Territories).,https://zakon.rada.gov.ua/laws/show/z1150-07,Tier 1,"Restated by Order 587 of 09.08.2022; amended 10.10.2022 No. 767, 30.12.2024 No. 1495, 06.01.2025 No. 7; zakon.rada edition 06.02.2025; reopened 2026-09-30",2026-09-30,"Opened during the FC-A final-count fact-check on 2026-09-30. Passage: ""у зоні дії цих Правил регулювання руху суден цілодобово здійснюється службою регулювання руху суден, до складу якої входять: ЦРРС «Миколаїв», ЦРРС «Чорноморськ», ПРРС «Одеса», ПРРС «Південний»""",Rules section II paras 1 and 2; Annex 2,"VTS (SRRS) structure, zone limits of TsRRS Chornomorsk, PRRS Odesa and PRRS Pivdennyi, mandatory use of the traffic separation system and VTS permission; VHF call signs (Annex 2)"
SRC-2172,"До уваги Морських агентів, щодо агентування суден (Delta-Lotsman services, including vessel traffic regulation, under the accession contract from 01.05.2024)",SE Ukrainian Sea Ports Authority (USPA).,https://www.uspa.gov.ua/announcements/do-uvagy-morskyh-agentiv-shhodo-agentuvannya-suden,Tier 2,07.03.2024; reopened 2026-09-30,2026-09-30,"Opened during the FC-A final-count fact-check on 2026-09-30. Passage: ""з 01.05.2024 послуги із забезпечення лоцманського проведення суден, з регулювання руху суден ... надаватимуться філією «Дельта-лоцман» ДП «АМПУ»""",Body,Delta-Lotsman branch provides VTS (vessel traffic regulation) services from 01.05.2024
SRC-2173,Procurement notices: current repair of the VTS centre (TsRRS) 'Chornomorsk' (UA-2026-06-22-005530-a); expert review for the VTS post (PRRS) 'Odesa' facade (UA-2025-06-23-006749-a),"SE Ukrainian Sea Ports Authority (USPA), Delta-Lotsman branch.",https://www.uspa.gov.ua/zakupivli/poslugy-z-potochnogo-remontu-czentru-regulyuvannya-ruhu-suden-czrrs-chornomorsk-inv-%e2%84%96-4490-4554-2,Tier 2,25.06.2026 and 24.06.2025; reopened 2026-09-30,2026-09-30,"Opened during the FC-A final-count fact-check on 2026-09-30. Passage: ""Послуги з поточного ремонту центру регулювання руху суден (ЦРРС) “Чорноморськ” (інв.№ 4490, 4554).""",Notice body,"Existence and upkeep in 2025 to 2026 of TsRRS Chornomorsk and PRRS Odesa by the Delta-Lotsman branch (centre existence only, not coverage)"
SRC-2174,"Ufs A, Notices for Mariners, General Information (English)",Swedish Maritime Administration.,https://www-n.sjofartsverket.se/globalassets/ufs-a_eng_260615.pdf,Tier 1,2026-06-15,2026-09-30,"Opened during the decision 7 double-check on 2026-09-30. Passage: ""The SMA monitors traffic within TSS areas. The TSS Off Falsterborev and the TSS in the Sound are monitored by Sound VTS, while the remaining TSS areas are monitored by Sweden Traffic.""",s.5.2.3 Monitoring of TSS (p.19); s.1.1.5-1.1.7 (p.5); s.5.2.1 footnote,Sweden Traffic monitors all Swedish TSS other than Off Falsterborev and the Sound; Sweden Traffic listed separately from VTS centres; Bornholmsgat ITZ under Swedish regulation
SRC-2175,"Ufs A, Underrättelser för sjöfarande, Allmänna upplysningar (Swedish)",Sjöfartsverket.,https://www.sjofartsverket.se/globalassets/ufs-a_260512.pdf,Tier 1,Senaste ändring 2026-05-12,2026-09-30,"Opened during the decision 7 double-check on 2026-09-30. Passage: ""Övervakningen sker bl.a. med hjälp av AIS och utförs av centralerna SWEDEN TRAFFIC och SOUND VTS.""",s.5.2.3 TSS övervakning (p.34); s.11 (NAVTEX),TSS monitoring is AIS-based and carried out by the Sweden Traffic and Sound VTS centres; Sweden Traffic at Södertälje
SRC-2176,Sjötrafiktjänster,Sjöfartsverket.,https://www.sjofartsverket.se/sv/tjanster/sjotrafiktjanster/,Tier 2,Senast uppdaterad 2025-11-26,2026-09-30,"Opened during the decision 7 double-check on 2026-09-30. Passage: ""Sweden Traffic har hand om varnings- och rapporterings- tjänster samt myndighetsövervakning av vissa havsområden.""",Funktioner i våra sjötrafikcentraler,Sweden Traffic is a function within the SMA's three sjötrafikcentraler alongside VTS and carries out authority monitoring of certain sea areas
SRC-2177,Sjötrafikcentral Stockholm,Sjöfartsverket.,https://www.sjofartsverket.se/sv/tjanster/sjotrafiktjanster/sjotrafikcentral-stockholm/,Tier 2,Senast uppdaterad 2026-02-18,2026-09-30,"Opened during the decision 7 double-check on 2026-09-30. Passage: ""Här finns följande funktioner: VTS Sweden Traffic Lotsbeställning BTC, bevakning- och trafikcentral (Stockholms Hamnar)""",Här finns följande funktioner,VTS and Sweden Traffic are co-located functions of the Stockholm centre
SRC-2178,VTS (Vessel Traffic Service) directory,Sjöfartsverket.,https://www.sjofartsverket.se/sv/om-oss/kontakta-oss/vessel-traffic-service-vts/,Tier 2,Senast uppdaterad 2026-02-24,2026-09-30,"Opened during the decision 7 double-check on 2026-09-30. Passage: ""VTS-område Stockholm VHF-kanal: 73 Anropssignal: VTS Stockholm VTS-central: Stockholm""",VTS-område Stockholm entry,"Stockholm is the VTS centre for Luleå, Öregrund, Stockholm, Landsort, Mälaren and Bråviken; no offshore Baltic or Kattegat VTS area"
SRC-2179,"TSFS 2026:60, föreskrifter och allmänna råd om sjötrafiktjänst (VTS) och sjötrafikrapporteringssystem (SRS)",Transportstyrelsen (Swedish Transport Agency).,https://www.transportstyrelsen.se/TSFS/TSFS%202026_60.pdf,Tier 1,Published 5 June 2026; in force 1 October 2026,2026-09-30,"Opened during the decision 7 double-check on 2026-09-30. Passage: ""VTS-område ett avgränsat område, formellt fastställt enligt bilaga 1–9 i dessa föreskrifter, i vilket sjötrafiktjänst (VTS) tillhandahålls av en VTS-utförare.""",2 § definitions; 7 §; annexes 1-9,Statutory VTS areas are only the nine in annexes 1 to 9; SMA is the VTS provider; Sweden Traffic is not a statutory VTS
SRC-2180,Master's Guide: South Åland Sea TSS,Fintraffic Vessel Traffic Services Ltd.,https://mastersguide.fintraffic.fi/sv/node/104,Tier 2,Current page (© 2026),2026-09-30,"Opened during the decision 7 double-check on 2026-09-30. Passage: ""Southern Åland Sea TSS is monitored by Åland Sea Traffic, which is operated by Fintraffic Vessel Traffic Services Ltd. Åland Sea Traffic operates in the Western Finland Vessel Traffic Centre.""",Monitoring of the Southern Åland Sea TSS,Åland Sea Traffic monitors only the Southern Åland Sea TSS
SRC-2181,Monitoring international waters,Fintraffic.,https://www.fintraffic.fi/en/vts/monitoring-international-waters,Tier 2,"Current page, accessed 2026-09-30",2026-09-30,"Opened during the decision 7 double-check on 2026-09-30. Passage: ""Together with Sweden, Finland has set up a traffic separation scheme in the Åland Sea (Åland Sea TSS). The traffic in the South Åland Sea TSS is monitored by Åland Sea Traffic""",Åland Sea TSS,Åland Sea TSS set up jointly with Sweden; Finnish monitoring limited to the South Åland Sea TSS
SRC-2182,"COLREG.2/Circ.60, Annex 2, The Åland Sea (new scheme)",IMO.,,Tier 1,10 December 2008; implemented 1 January 2010,2026-09-30,"Opened during the decision 7 double-check on 2026-09-30. Passage: ""(1) 60° 29′.52 N 019° 00′.30 E (2) 60° 26′.94 N 019° 00′.36 E""","Project extract scratchpad/s2/ck/colreg2.txt, Annex 2 North Åland Sea (a)-(f)",North Åland Sea Part I and Part II coordinates (WGS 84)
SRC-2183,"Agreement concerning the delimitation of the continental shelf in the Gulf of Bothnia, the Bothnian Sea, the Åland Sea and the northernmost part of the Baltic Sea",Governments of Sweden and Finland (UN DOALOS Delimitation Treaties Infobase copy).,https://marineregions.org/documents/SWE-FIN1972CS.PDF,Tier 1,29 September 1972,2026-09-30,"Opened during the decision 7 double-check on 2026-09-30. Passage: ""60° 40.7' N 19° 14.1' E (point 8) 60° 22.5' N 19° 09.5' E (point 9)""",Articles 3 and 4,Boundary points 8 to 14 used for the North Åland Sea geometry
SRC-2184,Agreement on the Delimitation of the Continental Shelf and Fishing Zones,Governments of Sweden and Denmark (UN DOALOS Delimitation Treaties Infobase copy).,https://marineregions.org/documents/SWE-DNK1984CS.PDF,Tier 1,9 November 1984,2026-09-30,"Opened during the decision 7 double-check on 2026-09-30. Passage: ""Point D 57° 27' 00,0"" N, 11° 23' 57,4"" E Point E 56° 30' 32,3"" N, 12° 08' 52,1"" E""",Articles 3 and 5,"Kattegat (D-E) and Baltic (P-Q-R) boundary points used for Fladen, Lilla Middelgrund and Bornholmsgat geometry (ED50)"
SRC-2185,"COLREG.2/Circ.56, Annex 1, New traffic separation scheme in Bornholmsgat",IMO.,,Tier 1,"2005 (resolution A.977(24)); ITZ amended by later circular (chart INT 1336, 2014)",2026-09-30,"Opened during the decision 7 double-check on 2026-09-30. Passage: ""TSS, main part between Sweden and Bornholm: 038° (T) northeastbound course and 218° (T) southwestbound course""","Project extract scratchpad/s2/ck/colreg2.txt, COLREG.2/Circ.56 Annex 1","Bornholmsgat main part lies between Sweden and Bornholm, with a Swedish inshore traffic zone; lane coordinates"
SRC-2186,Route S outside the west coast of Sweden,Danish Maritime Authority.,https://www.dma.dk/safety-at-sea/navigational-information/new-shipping-routes-in-kattegat-and-skagerrak/route-s-outside-the-west-coast-of-sweden,Tier 2,"Current page, accessed 2026-09-30",2026-09-30,"Opened during the decision 7 double-check on 2026-09-30. Passage: ""TSS Fladen, TSS Lilla Middelgrund and TSS Entrance to the Sound and two associated inshore traffic zones within the recommended route S, are established.""",New traffic separation schemes in route S,Fladen and Lilla Middelgrund TSS are on Route S along the Swedish west coast
SRC-2187,"VHF Procedures for safe and smooth shipping in the Scheldt area, version 7.3",VTS-Scheldt / Gemeenschappelijk Nautisch Beheer Scheldegebied (Flanders and the Netherlands).,https://www.vts-scheldt.net/download/d72c012e-266f-4fe4-8412-640b6485834e?dl=0,Tier 2,July 2025,2026-09-30,"Opened during the decision 7 double-check on 2026-09-30. Passage: ""WANDELAAR APPROACH Border Belgium-France from the Flemish coast 51°23.60N 002°19.20E/51°25.95N 002°27.50E via buoy OD1, 51°19.60N 002°31.50E, buoy Middelkerke Bank to Watertoren Westende on the coast.""","Section 8.1 Area description traffic channels, p.16; 8.2 traffic channel functions p.17; cover map","TSS-0039 (positive, sector limits); TSS-0053 (negative, seaward limit)"
SRC-2188,"Besluit van de Vlaamse Regering van 26 oktober 2007 betreffende de begeleiding van de scheepvaart (Scheepvaartbegeleidingsbesluit), consolidated text, art. 4 as amended by B.Vl.Reg. 23 April 2021 (BS 21 May 2021)",Vlaamse Regering (Flemish Government).,https://www.kustcodex.be/kustcodex-consult/plainWettekstServlet?wettekstId=4238&lang=nl,Tier 1,"Consolidated; art. 4 lid 1, 3 and 4 amended 23 April 2021",2026-09-30,"Opened during the decision 7 double-check on 2026-09-30. Passage: ""Het VBS-werkingsgebied, waar door de dienst [...] verkeersbegeleiding wordt verstrekt, is het gebied waarvan de buitengrens wordt bepaald door een lijn bestaande uit segmenten [...]; 3° 51°23'65N 002°19'36 E; 4° 51°25'95N 002°27'50 E""","Artikel 4, points 1 to 10 and final paragraph (WGS84)",TSS-0039 (statutory VBS/VTS operating area containing the eastern part of the TSS); TSS-0053 (statutory limit 3.66 nm clear of the TSS)
SRC-2189,"Besluit van de Vlaamse Regering tot wijziging van artikel 4 van het besluit van 26 oktober 2007 betreffende de begeleiding van de scheepvaart, wat betreft de rechtzetting van enkele coördinaten (VR 2021 2304 DOC.0412/2)",Vlaamse Regering.,https://themis-test.vlaanderen.be/files/607e77efd129f6000c00016e/download,Tier 1,April 2021 (Council of Ministers document; adoption 23 April 2021 per Kustcodex history),2026-09-30,"Opened during the decision 7 double-check on 2026-09-30. Passage: ""Een correctie is nodig om de publicatie volledig in overeenstemming te brengen met het werkelijke VBS-werkingsgebied en aldus de feitelijke toestand juridisch te regulariseren.""",Motivering; Artikel 1,"TSS-0039, TSS-0053: confirms the art. 4 coordinates match the actual operating area of the traffic guidance service"
SRC-2190,"COLREG.2/Circ.42/Corr.1, At West Hinder (amended scheme), and COLREG.2/Circ.63 Annex 3, Amendments to the existing TSS 'At West Hinder'",IMO.,,Tier 1,Circ.42/Corr.1 (European datum positions); Circ.63 dated 28 May 2012 (WGS 84 revised east-end positions),2026-09-30,"Opened during the decision 7 double-check on 2026-09-30. Passage: ""Consequently, the revised coordinates of the geographical positions (East end) of the eastbound traffic lane, the westbound traffic lane and the separation line are as follows""",colreg2.txt lines about 4639-4690 (Circ.42/Corr.1) and 15841-15868 (Circ.63 Annex 3),TSS-0039 vertex test
SRC-2191,"COLREG.2/Circ.59 Annex 5, In the approaches to Hook of Holland and at North Hinder (amended), North Hinder South and North Hinder North",IMO.,,Tier 1,31 October 2007; positions revised for WGS 84,2026-09-30,"Opened during the decision 7 double-check on 2026-09-30. Passage: ""The geographical positions for the description of the scheme are revised for WGS-84 chart Datum.""",colreg2.txt lines 12976-13020,TSS-0052 and TSS-0053 vertex tests
SRC-2192,"COLREG.2/Circ.64 Annex 1, In the approaches to IJmuiden (new scheme)",IMO.,,Tier 1,"4 December 2012; reference chart NL 1631 (INT 1418), WGS 84",2026-09-30,"Opened during the decision 7 double-check on 2026-09-30. Passage: ""(17) 52º 31′.35 N 4º 13′.25 E (19) 52º 36′.04 N 4º 06′.36 E""",colreg2.txt lines 15926-16010,TSS-0056 and TSS-0057 vertex tests
SRC-2193,"COLREG.2/Circ.60 Annex 3, New traffic separation scheme In Liverpool Bay",IMO.,,Tier 1,10 December 2008; reference chart BA 1978 (WGS 84),2026-09-30,"Opened during the decision 7 double-check on 2026-09-30. Passage: ""(9) 53° 29·.96 N 003° 32·.10 W""",colreg2.txt lines 13756-13795,TSS-0089 boundary test
SRC-2194,Port Information Guide,Port of Rotterdam Authority (Havenmeester van Rotterdam).,https://www.portofrotterdam.com/sites/default/files/2026-02/port-information-guide.pdf,Tier 2,January 2026,2026-09-30,"Opened during the decision 7 double-check on 2026-09-30. Passage: ""Service Area Description: Extending 38 nautical miles seawards of the port entrance to 2 nautical miles east of the Van Brienenoord Bridge and 4 nautical miles east of the Spijkenisse Bridge""","VTS section, Service Area Description",TSS-0052: Rotterdam VTS service area stated as 38 nm seawards of the port entrance
SRC-2195,"Procedure VHF-communicatie VTS en HCC 2026 (Stcrt. 2026, 8272)",Havenmeester van Rotterdam (Staatscourant).,https://zoek.officielebekendmakingen.nl/stcrt-2026-8272.html,Tier 1,3 March 2026 (in force 20 February 2026 per register),2026-09-30,"Opened during the decision 7 double-check on 2026-09-30. Passage: ""Het toepassingsgebied voor deze procedure is het VTS-gebied zoals aangegeven op de kaart in bijlage 2.""",Section 2 Toepassingsgebied; Bijlage 2 (p.7),"TSS-0052: binding scope is the Bijlage 2 chart, which ends near Eurogeul buoy E1 and does not show North Hinder North"
SRC-2196,"Scheepvaartreglement territoriale zee (BWBR0007914), Bijlage 1",Minister van Infrastructuur en Waterstaat (wetten.overheid.nl).,https://wetten.overheid.nl/BWBR0007914/,Tier 1,"Version in force from 1 January 2025, consulted 30 September 2026",2026-09-30,"Opened during the decision 7 double-check on 2026-09-30. Passage: ""een lijn die loopt van de positie 52°27’.9 N 004°32’.1 E (referentiepunt), [...] vandaar in een zeewaarts gerichte boog met een straal van 12 zeemijlen gerekend vanuit het referentiepunt""",Bijlage 1 (d) aanloopgebied IJmuiden; (f) aanloopgebied Rotterdam,TSS-0056/0057: IJmuiden 12 nm arc reference point (0.1' precision); TSS-0052: Noorderdam head position used as origin
SRC-2197,"VTS communicatieregeling Noordzeekanaalgebied 2.0 (English version, directive 2025-479)",Directeur Centraal Nautisch Beheer Noordzeekanaalgebied (Port of Amsterdam / Rijkswaterstaat).,https://www.portofamsterdam.com/sites/default/files/2025-09/2025-479_VTS%20communicatieregeling%202.0%20def_NLEN_rev.pdf,Tier 2,In force 30 September 2025; scope map dated 03-09-2025,2026-09-30,"Opened during the decision 7 double-check on 2026-09-30. Passage: ""the approaches to IJmuiden, defined as the section of the Territorial Sea (including Anchorages 6, 7, and 8) within a 12-nautical-mile radius of the seaward ends of the IJmuiden breakwaters, including the extended IJ-geul deep water channel""",p.4 Scope of application; section 8 IJmuiden Approaches VHF 7; Appendix I p.10,TSS-0056/0057: VTS scope incl. extended IJ-geul; 12 nm from breakwater ends; VHF 7 IJmuiden Approaches information service shown offshore in Appendix I scope map
SRC-2198,"VTS communicatieregeling Noordzeekanaalgebied 2.0, section 8",Directeur Centraal Nautisch Beheer Noordzeekanaalgebied.,https://www.portofamsterdam.com/sites/default/files/2025-09/2025-479_VTS%20communicatieregeling%202.0%20def_NLEN_rev.pdf,Tier 2,In force 30 September 2025,2026-09-30,"Opened during the decision 7 double-check on 2026-09-30. Passage: ""Information services only are provided to maritime traffic on this channel. The master must report to IJmuiden Approaches on VHF Channel 7 in the following cases""","Supporting VHF channels, 8. IJmuiden Approaches – VHF Channel 7",TSS-0056/0057: information service on VHF 7 with compulsory inbound report 'as soon as VHF contact is possible'
SRC-2199,Walradar Noordzeekanaal (web page),Rijkswaterstaat.,https://www.rijkswaterstaat.nl/water/vaarwegenoverzicht/noordzeekanaal/walradar,Tier 2,"Undated web page, opened 30 September 2026",2026-09-30,"Opened during the decision 7 double-check on 2026-09-30. Passage: ""Dit systeem is noodzakelijk om alle scheepvaart op zee van en naar IJmuiden, op het Noordzeekanaal, bij Schellingwoude en een stukje Amsterdam-Rijnkanaal een veilige en snelle verkeersbegeleiding te verzekeren.""",Page body,"TSS-0056/0057: radar-supported traffic guidance for shipping at sea to and from IJmuiden (no seaward limit, TSS not named)"
SRC-2200,"Berichten aan Zeevarenden HP1 correction, 'Behoort bij BaZ nr 527/13' (IJmuiden VHF table)",Dienst der Hydrografie (Netherlands).,https://english.defensie.nl/site/binaries/site-content/collections/baz-weekly-editions/2013/50/mutation/blck_hp1_y2013_baz529c.pdf,Tier 1,2013 (historical; older than three years),2026-09-30,"Opened during the decision 7 double-check on 2026-09-30. Passage: ""Operational from open sea up to the outer breakwaters of IJmuiden Harbour.""","VHF table, row VHF 07",TSS-0056/0057 historical corroboration only (decision 4: cannot carry a link alone)
SRC-2201,Port of Liverpool General Byelaws 2021 (restating Mersey Docks and Harbour Act 1971 s.2),The Mersey Docks and Harbour Company Ltd (Peel Ports).,https://www.peelports.com/media/bbchw5oa/lrg9-port-of-liverpool-general-byelaws-2021.pdf,Tier 1,Confirmed 26 March 2021,2026-09-30,"Opened during the decision 7 double-check on 2026-09-30. Passage: ""to a position in latitude 53 degrees 29 minutes 00 seconds north and longitude 3 degrees 32 minutes 00 seconds west, thence in a true north direction""","Interpretation, 'the Port of Liverpool'",TSS-0089: statutory port limit meridian 003 32 00 W between 53 29 N and 53 33 N; datum not stated
SRC-2202,"Port of Liverpool Pilotage Directions, version 5",The Mersey Docks and Harbour Company Ltd.,https://www.peelports.com/media/ku1jcdge/lpi01-pilotage-directions-v5.pdf,Tier 2,2026,2026-09-30,"Opened during the decision 7 double-check on 2026-09-30. Passage: ""the outer Port limit (6.5mls west of the Bar Light)""",Pilotage exemption certificate areas (i),TSS-0089: outer port limit about 6.5 miles west of the Bar Light
SRC-2203,"Notice to Mariners No 70 of 2017, Lynas Pilot Station",The Mersey Docks and Harbour Company Ltd.,https://www.peelports.com/media/isonk2az/lntm-2017-70-lynas-pilot-station.pdf,Tier 2,"7 December 2017 (listed as remaining in force, NtM 1/2026 per FC-A)",2026-09-30,"Opened during the decision 7 double-check on 2026-09-30. Passage: ""does not constitute or infer the provision of a traffic service, as this area falls outside the limits of the Statutory Harbour Authority of the Port of Liverpool""",Body text,TSS-0089: harbour authority provides no traffic service outside its statutory limits (stated for the Lynas area)
SRC-2204,"MSN 1796 (M+F) Amendment 4, Designation of VTS centres in the United Kingdom, Annex 1",UK Maritime and Coastguard Agency.,https://www.gov.uk/government/publications/msn-1796-mf-amendment-4-designation-of-vessel-traffic-services-vts/msn-1796-amendment-4-vessel-traffic-services-designation-of-vessel-traffic-service-vts-centres-in-the-united-kingdom,Tier 1,"Amendment 4 (current; page as saved by FC-A, 30 September 2026)",2026-09-30,"Opened during the decision 7 double-check on 2026-09-30. Passage: ""Services which are designated for the purposes of the 2004 Regulations are listed in the annex to this MSN.""",Annex 1: Designated VTS centres (list includes 'Liverpool'),TSS-0089: Liverpool is a designated UK VTS
SRC-2205,The Irish Coast Guard (policy information),"Department of Transport, Ireland (gov.ie).",https://www.gov.ie/en/department-of-transport/policy-information/the-irish-coast-guard/,Tier 2,Published 9 July 2019; dateModified 2025-07-08; accessed 2026-09-30,2026-09-30,"Opened during the decision 7 double-check on 2026-09-30. Passage: ""Monitors maritime traffic within Ireland's Traffic Separation Schemes (Tuskar/Fastnet)""",'What the IRCG does' list; 'Role of the Irish Coast Guard (IRCG)',"IRCG has a named monitoring responsibility for the Tuskar and Fastnet TSS. Its stated role is SAR, casualty and pollution response, not VTS."
SRC-2206,S.I. No. 573/2010 European Communities (Vessel Traffic Monitoring and Information System) Regulations 2010 (amended by S.I. 71/2012 and S.I. 550/2017),"Minister for Transport, Ireland (Irish Statute Book).",https://www.irishstatutebook.ie/2010/en/si/0573.html,Tier 1,"Made 2010, in force 30 Nov 2010; amendments 2012 and 2017 checked (neither changes regs 11 or 12); accessed 2026-09-30",2026-09-30,"Opened during the decision 7 double-check on 2026-09-30. Passage: ""(2) The Irish Coast Guard shall monitor compliance with the obligations specified in paragraph (1).""","Regulations 4, 11 and 12",Reg. 11(2): IRCG monitors compliance with mandatory routeing systems. Reg. 12(3): port authorities monitor VTS compliance. Reg. 4(b): harbour masters designated as port authorities.
SRC-2207,"COLREG.2/Circ.41, annex: Off Tuskar Rock and Off Fastnet Rock (amended schemes)",IMO.,,Tier 1,Implemented 30 November 1996 (project extract colreg2.txt),2026-09-30,"Opened during the decision 7 double-check on 2026-09-30. Passage: ""A separation zone, two miles wide, is centred upon the following geographical positions: (1) 51°20'.0N, 9°25'.8W (2) 51°18'.2N, 9°35'.2W""","Annex, Off Tuskar Rock (a) and Off Fastnet Rock (a)",TSS separation zone centre positions (Ordnance Survey of Ireland datum) used for distance estimates
SRC-2208,Notice to Mariners No. 03/2026 Vessel Traffic Service,"Dublin Port Company, Harbour Master.",https://www.dublinport.ie/wp-content/uploads/2025/12/03-2026-VTS.pdf,Tier 2,1 January 2026,2026-09-30,"Opened during the decision 7 double-check on 2026-09-30. Passage: ""Dublin Port operates a Vessel Traffic Service (VTS) for the safe and efficient management of vessel traffic within the Port limits, call sign VTS DUBLIN.""","Page 1, first paragraph",Irish VTS are operated by port authorities within port limits (illustrates reg. 12 model); not an IRCG service
SRC-2209,"Reglugerð nr. 524/2008 um afmörkun siglingaleiða, svæði sem ber að forðast og tilkynningaskyldu skipa fyrir Suðvesturlandi (current text)","Iceland, Ministry (reglugerd.is).",https://files.reglugerd.is/pdf/0524-2008/current,Tier 1,Version in force from 3 Nov 2022; document dated 16 Aug 2026; accessed 2026-09-30,2026-09-30,"Opened during the decision 7 double-check on 2026-09-30. Passage: ""Yfirvald í landi er vaktstöð siglinga í Reykjavík (Maritime Traffic Service – MTS)""",Arts 6 to 8; Annex I; TRANSREP annex para 3.4,Reporting to vaktstöð siglinga with an ETA at the Garðskagi TSS; exemptions (art. 8); shore authority styled Maritime Traffic Service; Annex I Parts I and II establish both TSS
SRC-2210,Lög um vaktstöð siglinga nr. 41/2003 (Lagasafn),Alþingi.,https://www.althingi.is/lagas/nuna/2003041.html,Tier 1,"Lagasafn 1 September 2026, edition 157c; last amended L. 93/2024 (art. 9 in force 1 Jan 2026)",2026-09-30,"Opened during the decision 7 double-check on 2026-09-30. Passage: ""Ráðherra getur jafnframt með reglugerð falið vaktstöð siglinga að fara með leiðarstjórnun skipa um tiltekin svæði eða við tilteknar aðstæður.""",Arts 2 and 13; amendment list,"Art. 2 service list (no traffic-organisation function, no VTS area); art. 13 routeing management may be entrusted by regulation; no new amendment creating a VTS"
SRC-2211,JRCC Iceland: rescue centre for mariners and aircrafts,Landhelgisgæsla Íslands (Icelandic Coast Guard).,https://www.lhg.is/en/jrcc-iceland/jrcc-iceland-rescue-centre-for-mariners-and-aircrafts/,Tier 2,"Current page, accessed 2026-09-30",2026-09-30,"Opened during the decision 7 double-check on 2026-09-30. Passage: ""In addition, the Icelandic Vessel Traffic Service is operated within the operations centre.""",Operations centre tasks paragraph,The service is operated in the Coast Guard operations centre under the English label 'Icelandic Vessel Traffic Service'
SRC-2212,Icelandic Maritime Traffic Service (vaktstöð siglinga),Neyðarlínan ohf. (112 Iceland).,https://www.112.is/en/vaktstod-siglinga,Tier 2,"Current page, accessed 2026-09-30",2026-09-30,"Opened during the decision 7 double-check on 2026-09-30. Passage: ""The monitoring of ships in the reporting system (manual and automatic).""",'Emergency and safety services for seafarers',"Service scope: communications, emergency and safety services, monitoring of ships in the reporting system; no VTS area or traffic organisation"
SRC-2213,Plan Anual de Objetivos 2025 (Plan_Anual_2025_F.pdf),"Sociedad de Salvamento y Seguridad Marítima (SASEMAR), Ministerio de Transportes y Movilidad Sostenible.",https://www.salvamentomaritimo.es/statics/multimedia/documents/2025/10/08/Plan_Anual_2025_F.pdf,Tier 2,2025 plan approved by the SASEMAR board on 24 February 2025; file published 8 October 2025,2026-09-30,"Opened during the decision 7 double-check on 2026-09-30. Passage: ""Los CCS ubicados en Finisterre, Tarifa, Almería, Tenerife y Las Palmas tienen asignadas también, las tareas de supervisión del tráfico marítimo en los Dispositivos de Separación de Tráfico establecidos en Finisterre, Estrecho, Cabo de Gata, y Canarias Occidental y Oriental respectivamente.""","PDF p. 5 (CCS functions); PDF p. 22 (action 66, VTS and SAR certification of controllers) and PDF p. 27 (TELECO action: renewal of CCS VTS display systems)","Assigns DST traffic supervision to CCS Finisterre, Tarifa, Almería, Tenerife and Las Palmas for Finisterre, Estrecho, Cabo de Gata, Canarias Occidental and Oriental respectively; lists CCS Cartagena (and 12 other ports) for port traffic monitoring only; plan actions on VTS certification of controllers and renewal of the CCS VTS display systems."
SRC-2214,Plan de Actuación 2025-2027 (PLAN_ACTUACION_25-27_F.pdf),SASEMAR.,https://www.salvamentomaritimo.es/statics/multimedia/documents/2025/10/08/PLAN_ACTUACION_25-27_F.pdf,Tier 2,Published 8 October 2025,2026-09-30,"Opened during the decision 7 double-check on 2026-09-30. Passage: ""Por su parte, los CCS de Tarragona, Cartagena, Vigo, Huelva, Cádiz, Santander, Coruña, Castellón, Ferrol, Marín, Avilés, Almería y Pontevedra realizan, tareas de seguimiento del tráfico portuario.""",PDF p. 15,"DST supervision assigned to CCS Finisterre, Tarifa and Almería (Canarias not mentioned in this passage); CCS Cartagena listed for port traffic monitoring."
SRC-2215,"Real Decreto 210/2004, de 6 de febrero, sistema de seguimiento y de información sobre el tráfico marítimo (consolidated text)",Gobierno de España (BOE).,https://www.boe.es/buscar/act.php?id=BOE-A-2004-2752,Tier 1,"Consolidated, last update published 4 December 2025",2026-09-30,"Opened during the decision 7 double-check on 2026-09-30. Passage: ""La Administración marítima instará a todos los buques que penetren en la zona de un sistema obligatorio de organización del tráfico adoptado por la OMI ... y efectuará el seguimiento de dichos buques.""","Art. 3(ñ), art. 7.1, art. 9.2","General statutory duty: the maritime administration follows ships in IMO mandatory routeing systems used by Spain; coastal stations are the SASEMAR CCS. Names no DST, centre or area."
SRC-2216,"COLREG.2/Circ.57, New and amended existing traffic separation schemes, Annex 1 (Canary Islands)",IMO.,,Tier 1,26 May 2006 (MSC 81),2026-09-30,"Opened during the decision 7 double-check on 2026-09-30. Passage: ""Note: Ships that so wish may give voluntary notification of entry to and departure from the TSS via the Las Palmas Regional MRCC, using VHF channel 16.""","Annex 1, notes to paras 2 and 3 (local copy scratchpad s2/ck/colreg2.txt)",Eastern TSS (Gran Canaria-Fuerteventura): voluntary notification via Las Palmas Regional MRCC; Western TSS (Gran Canaria-Tenerife): via Tenerife MRCC; chart datum WGS 84.
SRC-2217,"COLREG.2/Circ.52, New and amended traffic separation schemes, Annexes 2 (Off Cape La Nao) and 3 (Off Cape Palos)",IMO.,,Tier 1,6 January 2003 (MSC 76),2026-09-30,"Opened during the decision 7 double-check on 2026-09-30. Passage: ""(10) 37 33.75 N 000 35.75 W ... and a line which joins the geographical position (10) and Cape Agua""",Annexes 2 and 3 (local copy scratchpad s2/ck/colreg2.txt),TSS coordinates on European Datum used for the geometry checks.
SRC-2218,"Orden FOM/245/2003, plan de utilización de los espacios portuarios del puerto de Cartagena",Ministerio de Fomento (BOE).,https://www.boe.es/boe/dias/2003/02/13/pdfs/A05891-05893.pdf,Tier 1,"BOE núm. 38, 13 February 2003, pp. 5891-5893",2026-09-30,"Opened during the decision 7 double-check on 2026-09-30. Passage: ""incluye todas las aguas situadas al norte de la línea que une la Punta del Sofre con Cabo Tiñoso""",Zona II description and coordinate table,"Outer limit of Cartagena port waters (Zona II): north of the line Punta del Sofre to Cabo Tiñoso, points L-1 (UTM 667385.591/4156170.017) and L-2 (680722.930/4158973.681), ED50 zone 30."
SRC-2219,"Orden TRM/361/2025, modificación sustancial de la delimitación de espacios y usos portuarios del puerto de Alicante",Ministerio de Transportes y Movilidad Sostenible (BOE).,https://boe.es/boe/dias/2025/04/15/pdfs/BOE-A-2025-7642.pdf,Tier 1,"BOE núm. 91, 15 April 2025 (BOE-A-2025-7642)",2026-09-30,"Opened during the decision 7 double-check on 2026-09-30. Passage: ""La zona de aguas II resultante queda definida por las siguientes coordenadas (ETRS89): Vértice X Y P-1 727233,444 4242553,508""","Tercero, Zona II coordinate table, p. 52804","Current Alicante port waters Zona II polygon (ETRS89 UTM 30), easternmost vertex P-1 727233/4242553 (about 38 18.1 N 000 24.1 W)."
SRC-2220,"Orden TRM/357/2024, delimitación de espacios y usos portuarios del puerto de Gandía",Ministerio de Transportes y Movilidad Sostenible (BOE).,https://www.boe.es/diario_boe/txt.php?id=BOE-A-2024-8142,Tier 1,BOE-A-2024-8142 (April 2024),2026-09-30,"Opened during the decision 7 double-check on 2026-09-30. Passage: ""Con origen en un punto 3, distante cuatro con cinco millas náuticas (4’5 mn.) y en dirección verdadera cincuenta y cinco grados (055°/v) desde el punto 1.°""",Zona II description,Gandía (Autoridad Portuaria de Valencia) port waters Zona II: area from 38 59.928 N 000 09.371 W and 38 57.728 N 000 07.571 W extending 4.5 NM on 055 T.
SRC-2221,Salvamento Marítimo auxilia a 22.900 personas en aguas Canarias durante 2025,"RTVC (Radio Televisión Canaria, public broadcaster) reporting the 2025 Salvamento Marítimo balance for the Canaries.",https://rtvc.es/salvamento-maritimo-auxilia-a-22-900-personas-en-aguas-canarias-durante-2025-8-700-de-ellos-inmigrantes-irregulares/,Lead only,10 February 2026,2026-09-30,"Opened during the decision 7 double-check on 2026-09-30. Passage: ""El Centro de Coordinación de Salvamento ubicado en Las Palmas controló 3.448 buques a su paso por el Dispositivo de Separación de Tráfico de Canarias oriental""",Article body,"2025 operation: CCS Las Palmas controlled 3,448 ships in the eastern Canary DST and CCS Tenerife 3,558 in the western DST; both centres also controlled port entries and departures (21,982 and 16,625 ships)."
SRC-2222,Kongsberg Norcontrol IT VTMIS contract for the Canary Islands (news item 308194),MarineLink (trade press).,https://www.marinelink.com/news/308194,Lead only,Undated in the copy opened (context: new Canary TSS approved by IMO in 2005),2026-09-30,"Opened during the decision 7 double-check on 2026-09-30. Passage: ""The new system will comprise a control centre located in Tenerife with one radar site, and a second control centre in Las Palmas with two radar sites.""",Article body,"SASEMAR VTMIS with control centres in Tenerife and Las Palmas and radar sites, procured for the Canary TSS. Historical only."
SRC-2223,"Arrêté préfectoral n° 256/2016 réglementant la navigation dans le DST, les zones de prudence et la zone de navigation côtière associées du canal de Corse",Préfet maritime de la Méditerranée (France).,https://www.premar-mediterranee.gouv.fr/uploads/mediterranee/arretes/1479998332-index-2016-256.pdf,Tier 1,24 November 2016,2026-09-30,"Opened during the decision 7 double-check on 2026-09-30. Passage: ""Ces navires sont tenus de répondre sur cette fréquence à tout appel provenant soit du CROSS Méditerranée, soit d’un sémaphore, soit d’un navire ou aéronef de l’Etat français""",Articles 6 to 8 (pp. 4-5),Standing VHF 16 watch and answer duty to CROSS Méditerranée or a sémaphore in the French territorial-sea part of the TSS; reports to Cap Corse and Sagro sémaphores; préfet maritime may impose routing or order diversion.
SRC-2224,"Arrêtés en vigueur, search 2016-256",Préfecture maritime de la Méditerranée.,https://www.premar-mediterranee.gouv.fr/arretes?numero=2016-256&envigueur=on,Tier 2,Listing accessed 30 September 2026,2026-09-30,"Opened during the decision 7 double-check on 2026-09-30. Passage: ""arrêté préfectoral n°256/2016 réglementant la navigation dans le dispositif de séparation du trafic, les zones de prudence et la zone de navigation côtière associées du canal de Corse""",Search result,Arrêté 256/2016 appears under the in-force filter.
SRC-2225,"Italy Venice VTS Common Procedures (Venezia - User's manual VTS, English)","Guardia Costiera, Capitaneria di Porto di Venezia (Italy).",https://www.guardiacostiera.gov.it/portale/documents/d/guest/en_venezia_manuale_utentevts,Tier 2,"Edition No. 00, last updated 19/09/17 (PDF modified 9 Sep 2024; the edition currently served by the Guardia Costiera portal, re-downloaded 30 Sep 2026)",2026-09-30,"Opened during the decision 7 double-check on 2026-09-30. Passage: ""ANNEX 4 – TRAFFIC SEPARATION SCHEMES OUTSIDE VENICE V.T.S. AREA""","p. 004 VTS area and First call; p. 009 Traffic separation scheme; Annex 4 (pp. 0019 to 0020, Figures 15 and 16)",Venice VTS area polygon A-E (WGS84); first call 5 NM outside the outer limit; the IMO Gulf of Venice scheme shown in Annex 4 as outside the VTS area
SRC-2226,"VTS di Venezia, Manuale utente VTS (Italian text)","Guardia Costiera, Capitaneria di Porto di Venezia (Italy).",https://www.guardiacostiera.gov.it/portale/documents/d/guest/it_venezia_manuale_utentevts,Tier 2,"Revisione n. 00, data di revisione 19/09/17 (PDF modified 9 Sep 2024; re-downloaded 30 Sep 2026)",2026-09-30,"Opened during the decision 7 double-check on 2026-09-30. Passage: ""Pur se non ricadente all’interno dell’Area VTS di Venezia, si reputa opportuno riportare, in quanto riguardante la direttrice del traffico per l’atterraggio alla Rada di Venezia, le coordinate dello Schema di separazione""","p. 004 Area VTS (points A to E, datum WGS 84); p. 009 Schemi di separazione del traffico; Allegato 4",Italian original confirms the North Adriatic (Circ.58) scheme is reproduced only for information and does not fall within the Venice VTS area; the English 'bound to report' is a mistranslation of 'riportare' (reproduce); VTS limits stated in WGS84 to 0.1'
SRC-2227,"COLREG.2/Circ.54, annex 3: In the Gulf of Trieste; Precautionary area in the Gulf of Trieste",IMO (same compilation).,https://www.transportstyrelsen.se/globalassets/global/sjofart/dokument/sjotrafik_dok/imo_colreg.2_cirkular.pdf?id=58526,Tier 1,28 May 2004 (implemented 1 December 2004),2026-09-30,"Opened during the decision 7 double-check on 2026-09-30. Passage: ""A precautionary area is established by a line connecting the following geographical positions""","Circ.54 annex 3, pages 3 to 5, paragraphs 17 to 19 and 'Precautionary area in the Gulf of Trieste'","Gulf of Trieste TSS points 17a to 19b (easternmost 013°32.83'E) and the precautionary area (18b, 17b, 17c, 19b, 21c, 21a, 23a) connecting it with the Koper and Monfalcone schemes; coordinates in WGS 84"
SRC-2228,"VTS Trieste, Manuale utente","Guardia Costiera, Capitaneria di Porto di Trieste (Italy).",https://www.guardiacostiera.gov.it/portale/documents/d/guest/it_trieste_manuale_utentevts,Tier 2,"Edizione n.002, Gennaio 2018 (PDF modified 9 Sep 2024; current portal file, re-downloaded 30 Sep 2026; byte-identical to the copy used in Stage 2)",2026-09-30,"Opened during the decision 7 double-check on 2026-09-30. Passage: ""Nell’Area VTS di Trieste è ricompreso lo schema obbligatorio di separazione del traffico per le navi che transitano all’interno del Golfo di Trieste istituito dall’IMO con Circolare COLREG 2/54""","p. 2 Limiti area VTS Trieste; p. 3 Zone di ancoraggio, schemi di separazione; Allegato 1 (p. 7); Allegato 3","Text states the Gulf of Trieste TSS is included in the VTS area and Allegato 3 depicts it ('TSS Trieste - Slovenia - Croazia'); the limits A to G (WGS 84) and the Allegato 1 chart place the scheme's lanes and separation zone outside; limits fixed by radar coverage (Monte Belvedere, Molo V), territorial sea and the Monfalcone scheme"
SRC-2229,"Trieste VTS Common Procedures (Trieste - User's manual VTS, English)","Guardia Costiera, Capitaneria di Porto di Trieste (Italy).",https://www.guardiacostiera.gov.it/portale/documents/d/guest/en_trieste_users_manualvts,Tier 2,"Edition No. 002, last updated January 2018 (PDF modified 9 Sep 2024; linked from the portal as en_trieste_users_manualvts, downloaded 30 Sep 2026)",2026-09-30,"Opened during the decision 7 double-check on 2026-09-30. Passage: ""A mandatory traffic separation scheme, approved by the IMO (COLREG 2/54 Circ. on May 28, 2004), is established in Trieste VTS Area for vessels sailing in the Gulf of Trieste""","p. 2 Boundaries of Trieste VTS area; p. 3 Anchoring zones, separation schemes",English edition repeats the same limits A to G and the same statement that the Gulf of Trieste TSS is established in the Trieste VTS Area; no newer edition found
SRC-2230,Vessel Traffic Service (portal page listing the Italian VTS centres and manuals),"Comando Generale del Corpo delle Capitanerie di Porto, Guardia Costiera (Italy).",https://www.guardiacostiera.gov.it/portale/vessel-traffic-service,Tier 2,Undated; read 30 Sep 2026 (direct curl returned 403; read through the fetch tool),2026-09-30,"Opened during the decision 7 double-check on 2026-09-30. Passage: ""Attualmente i Centri VTS in Italia sono 11.""",Centre list and manual links,11 current Italian VTS centres including Trieste and Venezia; manuals linked are the 2017/2018 editions (no newer Trieste or Venice manual listed)
SRC-2231,"Resolution MSC.598(111), Mandatory ship reporting system 'In the Adriatic Sea' (ADRIREP)",IMO Maritime Safety Committee.,https://wwwcdn.imo.org/localresources/en/KnowledgeCentre/IndexofIMOResolutions/MSCResolutions/MSC.598(111).pdf,Tier 1,Adopted 22 May 2026; implemented 1 December 2026,2026-09-30,"Opened during the decision 7 double-check on 2026-09-30. Passage: ""Each shore-based facility is equipped with VHF band communication capabilities, as indicated in appendix 2""","Annex para 7 (shore-based facilities .5 VTS Venezia, .6 VTS Trieste); appendix 2",VTS Venezia and VTS Trieste are ADRIREP shore-based facilities (current operation); the resolution assigns no VTS areas or sector boundaries and so does not resolve either the Venice or the Trieste boundary question
SRC-2232,"Ένταξη της Πράξης «Επέκταση, Αναβάθμιση και Εκσυγχρονισμός του Εθνικού Συστήματος VTMIS» (ΑΔΑ 6ΑΜΤΗ-ΤΑΞ)","Hellenic Republic, Ministry of National Economy and Finance, Managing Authority 'Transport 2021-2027' (decision to Hellenic Coast Guard HQ, Directorate of Safety of Navigation).",https://diavgeia.gov.gr/doc/6%CE%91%CE%9C%CE%A4%CE%97-%CE%A4%CE%91%CE%9E,Tier 2,24 Sep 2026 (corrected re-issue 25 Sep 2026); re-downloaded from Diavgeia 30 Sep 2026,2026-09-30,"Opened during the decision 7 double-check on 2026-09-30. Passage: ""Κάθε Κέντρο VTS είναι υπεύθυνο για την επιτήρηση και διαχείριση της θαλάσσιας κυκλοφορίας εντός καθορισμένης περιοχής ευθύνης""","p. 4, section A.5 (page image read; text layer lacks Greek glyphs)",Current official statement that VTS Piraeus is an existing VTS centre and that each centre has a defined area of responsibility (area not given)
SRC-2233,Υ.Α. 3239.10/01/03 Κανονισμός Λειτουργίας του Εθνικού Συστήματος VTMIS (ΦΕΚ Β' 1900/22.12.2003),"Ministry of Mercantile Marine (Greece), official FEK.",https://ia37rg02wpsa01.blob.core.windows.net/fek/02/2003/20030201900.pdf,Tier 1,22 Dec 2003 (original text; re-downloaded 30 Sep 2026),2026-09-30,"Opened during the decision 7 double-check on 2026-09-30. Passage: ""Η περιοχή ευθύνης των Κέντρων VTS οριοθετείται σύμφωνα με τις διεθνείς απαιτήσεις""",Article 9 Περιοχή Ευθύνης; annexes (Corfu strait areas),"Each VTS centre's area of responsibility is set in the regulation's annexes; the published annexes cover only Kerkyra/Igoumenitsa and Patras/Antirrio, so no Piraeus area is defined here"
SRC-2234,"Pub. 132 Sailing Directions (Enroute) Eastern Mediterranean, 17th edition 2026, Sector 13 Greece: Saronikos Kolpos",US National Geospatial-Intelligence Agency.,https://msi.nga.mil/api/publications/download?type=view&key=16694491/SFH00000/Pub132bk.pdf,Lead only,"17th edition 2026, corrected to 26 March 2026",2026-09-30,"Opened during the decision 7 double-check on 2026-09-30. Passage: ""A Vessel Traffic Service is established in the approaches to Piraievs. and can be contacted (call sign: Piraievs Traffic) on VHF channels 13, 14, and 15.""","Sector 13, Piraievs, 'Vessel Traffic Service' paragraph and contact table; para 13.1 'Caution' on the TSS","States a VTS is established in the approaches to Piraeus (call sign Piraievs/Peiraias Traffic, VHF 13, 14, 15); separately notes the IMO-adopted TSS in Saronikos Kolpos between Aiyina and Fleves; does not define the VTS limit"
SRC-2235,Συστήματα παρακολούθησης πλοίων ανά την υφήλιο και εξοπλισμός επί του πλοίου (course document MAK264),"Hellenic Merchant Marine Academy e-learning platform (maredu.hcg.gr), course material.",https://maredu.hcg.gr/modules/document/file.php/MAK264/%CE%9D%CE%B1%CF%85%CF%84%CE%B9%CE%BA%CE%AD%CF%82%20%CE%95%CF%80%CE%B9%CE%BA%CE%BF%CE%B9%CE%BD%CF%89%CE%BD%CE%AF%CE%B5%CF%82%20-%20%CE%9D%CE%97%CE%9F/%CE%A3%CF%85%CF%83%CF%84%CE%AE%CE%BC%CE%B1%CF%84%CE%B1%20%CF%80%CE%B1%CF%81%CE%B1%CE%BA%CE%BF%CE%BB%CE%BF%CF%8D%CE%B8%CE%B7%CF%83%CE%B7%CF%82%20%CF%80%CE%BB%CE%BF%CE%AF%CF%89%CE%BD%20%CE%B1%CE%BD%CE%AC%20%CF%84%CE%B7%CE%BD%20%CF%85%CF%86%CE%AE%CE%BB%CE%B9%CE%BF%20%CE%BA%CE%B1%CE%B9%20%CE%B5%CE%BE%CE%BF%CF%80%CE%BB%CE%B9%CF%83%CE%BC%CF%8C%CF%82%20%CE%B5%CF%80%CE%AF%20%CF%84%CE%BF%CF%85%20%CF%80%CE%BB%CE%BF%CE%AF%CE%BF%CF%85.pdf,Lead only,PDF created 2 June 2015,2026-09-30,"Opened during the decision 7 double-check on 2026-09-30. Passage: ""Το παραπάνω σύστημα καλύπτει σήμερα την ευρύτερη θαλάσσια περιοχή του Πειραιά""",pp. 10 to 11,Training text (not an authority statement) saying the VTMIS/VTS network covers the wider sea area of Piraeus; historical and non-authoritative
SRC-2236,"Rules of Navigation, December 2020 Edition, Part III Chapter X 'The Suez Canal Vessel Traffic Management System (SC-VTMS)', Overview",Suez Canal Authority (Egypt).,https://www.suezcanal.gov.eg/FlipPDFFiles/RulesOfNavigation/index.html,Tier 2,"December 2020 edition, in effect from 1 January 2021; the edition SCA publishes on 2026-09-30 (no later edition found)",2026-09-30,"Opened during the decision 7 double-check on 2026-09-30. Passage: ""providing complete surveillance and tracking of all vessels throughout the Canal and its approaches at Port Said and Suez anchorage area ... (1) Automatic surveillance and tracking of vessel arriving at SC approaches (15 miles faraway)""","Chapter X Overview, p. 156 (text read from flipbook index mobile/javascript/search_config.js, fetched 2026-09-30)","SC-VTMS is an SCA vessel traffic management system giving radar, AIS and camera surveillance and tracking of vessels in the Canal and its approaches at Port Said, from 15 miles out until anchorage, feeding the Port Said port management control centre"
SRC-2237,"Rules of Navigation, December 2020 Edition, Art. 8 Port Said (general, Fairway Buoy, anchorage areas) and Art. 14 Contacting with Port Offices on Arrival",Suez Canal Authority (Egypt).,https://www.suezcanal.gov.eg/FlipPDFFiles/RulesOfNavigation/index.html,Tier 2,"December 2020 edition, in effect from 1 January 2021",2026-09-30,"Opened during the decision 7 double-check on 2026-09-30. Passage: ""The vessels coming from sea fifteen miles before arrival Fairway Buoy should contact the harbor office by: 1. V.H.F Channel 12, 13, 16""",Art. 8 General and A Anchorage Areas (pp. 7 to 11); Art. 14 A(1) (p. 31),"SCA's own arrival reference points: the 15-mile call is measured to the Port Said Fairway Buoy (31 21.32N 32 20.81E); Northern anchorage Zone One north limit 31 28.50N, west limit 32 18.00E; East Channel entrance buoys at Hm 230 (31 26.90N 32 24.86E)"
SRC-2238,"Pub. 132 Sailing Directions (Enroute) Eastern Mediterranean, Seventeenth Edition 2026, Sector 2, para 2.23 Bur Sa'id (Port Said)",US National Geospatial-Intelligence Agency.,https://msi.nga.mil/api/publications/download?key=16694491/SFH00000/Pub132bk.pdf&type=view,Lead only,"Seventeenth Edition, 2026; corrected to 26 March 2026",2026-09-30,"Opened during the decision 7 double-check on 2026-09-30. Passage: ""Vessels intending to transit the canal should contact Ismailia Traffic Control (SUQ) by VHF when 15 miles from Bur Sa'id By-Pass Outer Approach Lighted Buoy. ... Traffic surveillance of the canal and port approaches is maintained by radar from Ismailia.""","Sector 2, para 2.23, Pilotage",Current corroboration (2026) that radar surveillance of the Canal and the Port Said approaches is in operation; uses a different 15-mile reference (Bur Sa'id By-Pass Outer Approach Lighted Buoy)
SRC-2239,"COLREG.2/Circ.51, Annex 1: Western approaches to Bur Said and Eastern approach to Bur Said",International Maritime Organization.,,Tier 1,COLREG.2/Circ.51 (WGS 84 datum per annex note),2026-09-30,"Opened during the decision 7 double-check on 2026-09-30. Passage: ""Western Approaches to Bur Said (135° - 315°) (a) A separation zone half mile wide as the following geographical positions: (13) 31°44'.25N, 31°59'.30E""","Annex 1, pages 1 to 3",TSS-0115 points 13 to 20 and TSS-0116 points 21 to 29 used for distance calculations
SRC-2240,EAMS website English language file: Vessel Traffic Services (GOS VTIMS) project objective,Egyptian Authority for Maritime Safety (EAMS).,https://www.eams.gov.eg/i18n/en.json,Tier 2,"Language file Last-Modified 23 September 2026 (HTTP header, checked 2026-09-30)",2026-09-30,"Opened during the decision 7 double-check on 2026-09-30. Passage: ""The Vessel Traffic Information Management System (GOS VTIMS), installed in the Gulf of Suez and at the entrance to the Gulf of Aqaba in Sharm El-Sheikh to secure vessel movement""","searchAndRescueSystem / objectiveOfTheProject, content p1",GOS VTIMS (VTS-0207) is installed at the entrance to the Gulf of Aqaba at Sharm El-Sheikh to secure vessel movement; the TSS's IMO title is 'In the entrance to the Gulf of Aqaba'
SRC-2241,EAMS website English language file: search and rescue project text on VTIMS capabilities,Egyptian Authority for Maritime Safety (EAMS).,https://www.eams.gov.eg/i18n/en.json,Tier 2,Language file Last-Modified 23 September 2026,2026-09-30,"Opened during the decision 7 double-check on 2026-09-30. Passage: ""The available capabilities within the Vessel Traffic Information Management System (VTIMS) are utilized to accomplish its tasks across the Gulf of Suez, the southern Gulf of Aqaba, the northern Red Sea""",Search and Rescue System project text,VTIMS capability extends across the southern Gulf of Aqaba
SRC-2242,"Pub. 172 Sailing Directions (Enroute) Red Sea and the Persian Gulf, Twenty-fourth Edition 2025, Sector 6, para 6.5 The Strait of Tiran",US National Geospatial-Intelligence Agency.,https://msi.nga.mil/api/publications/download?key=16694491/SFH00000/Pub172bk.pdf&type=view,Lead only,"Twenty-fourth Edition, 2025; corrected to 30 August 2025, updates to 30 July 2026",2026-09-30,"Opened during the decision 7 double-check on 2026-09-30. Passage: ""A Vessel Traffic Service Station (call sign: VTS Gulf of Aqaba) ... has been established to provide the following services: 1. Ensure safety of navigation within the Traffic Separation Scheme of the Gulf of Aqaba.""","Sector 6, para 6.5 (printed p. 92)","A VTS station, call sign 'VTS Gulf of Aqaba', serves the Strait of Tiran TSS and monitors 15 miles N and S of the station; separate Salam radar at Nabq gives local information"
SRC-2243,COLREG.2/Circ.39 annex: In the entrance to the Gulf of Aqaba; COLREG.2/Circ.40 implementation date,International Maritime Organization.,,Tier 1,"Adopted MSC 61 (December 1992), implemented 1 October 1993; reference chart BA 3595 (European Datum)",2026-09-30,"Opened during the decision 7 double-check on 2026-09-30. Passage: ""IN THE ENTRANCE TO THE GULF OF AQABA (Reference chart: British Admiralty 3595, 1986 edition Note: This chart is based on European Datum)""","COLREG.2/Circ.39 annex, page 121","TSS-0126 lies between 27°57'N and 28°01'N, 34°25.9'E to 34°29.2'E in the Strait of Tiran, about 7 to 8 nm from Sharm El-Sheikh"
SRC-2244,"Order No. 26 of 24.01.2017 'On approval of the Compulsory Regulations in the seaport of Sevastopol', Chapter V para 47 and Annex 5",Ministry of Transport of the Russian Federation (instrument of one party; area disputed).,https://legalacts.ru/doc/prikaz-mintransa-rossii-ot-24012017-n-26-ob-utverzhdenii/,Tier 1,"24.01.2017, no amendments shown on legalacts.ru (accessed 2026-09-30)",2026-09-30,"Opened during the decision 7 double-check on 2026-09-30. Passage: ""47. В акватории морского порта и на подходах к нему действует СУДС, зоной действия которой является акватория, которая ограничивается:""",Chapter V para 47; Annex 5,"Defines the Sevastopol VTS (SUDS) zone limits and the VTS call sign 'Sevastopol-trafik-kontrol' (VHF 14, 12, 74, 16)"
SRC-2245,ФГУП «Росморпорт» завершило работы по переводу СУДС Азово-Черноморского бассейнового филиала на отечественное ПО,FSUE Rosmorport (VTS operator under the Russian Federation instrument).,https://www.rosmorport.ru/news/company/59878/,Tier 2,10.09.2025,2026-09-30,"Opened during the decision 7 double-check on 2026-09-30. Passage: ""5 сентября успешно перевело системы управления движением судов Азово-Черноморского бассейнового филиала предприятия на российское программное обеспечение и оборудование. В частности, обновлены СУДС Керченского пролива, а также СУДС Севастополь""","Company news, 10.09.2025, paragraph 1","Operator's own statement that the Sevastopol VTS (СУДС Севастополь) was in operation and upgraded on 5 September 2025, within 3 years of 30.09.2026; closes the decision 4 currency gap"
SRC-2246,"Rosmorport site search results for 'СУДС Севастополь' (procurement notices), incl. No. КФ 09-25",FSUE Rosmorport.,https://www.rosmorport.ru/search/?q=%D0%A1%D0%A3%D0%94%D0%A1+%D0%A1%D0%B5%D0%B2%D0%B0%D1%81%D1%82%D0%BE%D0%BF%D0%BE%D0%BB%D1%8C,Tier 2,Notice КФ 09-25 (2025; zakupki regNumber 32514699944); listing viewed 2026-09-30,2026-09-30,"Opened during the decision 7 double-check on 2026-09-30. Passage: ""№ КФ 09-25 по выбору организации на право заключения договора на оснащение радиотехнического поста (РТП) Фиолент СУДС Севастополь""",Search listing item 'Аукцион ... № КФ 09-25',Sevastopol VTS includes a radar engineering post at Cape Fiolent being equipped in 2024 to 2025 (relevant to possible monitoring of Part two; coverage of Part two not established)
SRC-2247,COLREG.2/Circ.61 Annex 5: New traffic separation scheme 'In the area off the south-western coast of the Crimea',International Maritime Organization.,,Tier 1,COLREG.2/Circ.61 (2010); WGS 84,2026-09-30,"Opened during the decision 7 double-check on 2026-09-30. Passage: ""The traffic separation scheme consists of two parts: Part one, Routeing System No.9 ""Sevastopol Harbour Approach""; and Part two, Routeing System No.3 ""From Cape Khersones to Cape Aitodor"".""","Annex 5, pages 1 to 4",Coordinates of Part one (elements I to V) and Part two used for the zone comparison
SRC-2248,Order No. 255 of 16.06.2014 'On closure of seaports' (document z0690-14),Ministry of Infrastructure of Ukraine.,https://zakon.rada.gov.ua/laws/show/z0690-14,Tier 1,"16.06.2014, in force ('чинний, поточна редакція') on 2026-09-30",2026-09-30,"Opened during the decision 7 double-check on 2026-09-30. Passage: ""До відновлення конституційного ладу України на тимчасово окупованій території Автономної Республіки Крим та міста Севастополя закрити морські порти Керч, Севастополь, Феодосія, Ялта, Євпаторія""",Para 1,Ukraine's position: the port of Sevastopol is closed pending restoration of Ukrainian constitutional order in the temporarily occupied territory
SRC-2249,Sistem Monitoring Publik VTS / VTS Public Monitoring System,"Distrik Navigasi Tipe A Kelas II Benoa (DGST, Kemenhub).",https://app.disnavbenoa.id/vtsdashboard,Tier 1,"live page, data period 2026-09-01 to 2026-09-30; accessed 2026-09-30",2026-09-30,"Opened during the decision 7 double-check on 2026-09-30. Passage: ""Passing TSS 1297 ... Crossing TSS 2414 ... Analisis Distribusi Lalu Lintas: Wilayah Kerja Benoa VTS / Traffic Distribution Analysis: Benoa VTS Sector 2026-09-01 — 2026-09-30""",headline tiles and 'Traffic Distribution Analysis' panel,Benoa VTS currently records ships passing and crossing the TSS in its sector
SRC-2250,"Jelang Implementasi TSS Selat Sunda dan Selat Lombok pada 1 Juli 2020, Ditjen Hubla Gencar Optimalkan Layanan Kenavigasian","Directorate General of Sea Transportation (Ditjen Hubla), Kemenhub.",https://hubla.dephub.go.id/home/post/read/7587/jelang-implementasi-tss-selat-sunda-dan-selat-lombok-pada-1-juli-2020-ditjen-hubla-gencar-optimalkan-layanan-kenavigasian,Tier 1,June 2020 (before 1 July 2020); accessed 2026-09-30,2026-09-30,"Opened during the decision 7 double-check on 2026-09-30. Passage: ""Stasiun Vessel Traffic Services (VTS) Merak pada Distrik Navigasi Kelas I Tanjung Priok dan VTS Benoa pada Distrik Navigasi Kelas II Benoa berupaya optimal untuk mempersiapkan layanan Kenavigasian untuk kapal-kapal yang melintasi Traffic Separation Scheme di Selat Sunda dan Selat Lombok""",article body,VTS Merak and VTS Benoa assigned to ships transiting the Sunda and Lombok TSS (companion to SRC-107/SRC-108)
SRC-2251,The Role of Merak Vessel Traffic Service (VTS) in the Implementation of Traffic Separation Scheme (TSS) in Sunda Strait,"International Journal of Offshore and Coastal Engineering (ITS Surabaya); Purnama, Umaroh, Nugroho.",https://iptek.its.ac.id/index.php/ijoce/article/view/22074,Tier 3,Vol 8 No 2 (2024); accessed 2026-09-30,2026-09-30,"Opened during the decision 7 double-check on 2026-09-30. Passage: ""Despite three years of TSS implementation, concerns persist regarding compliance and safety within the Sunda Strait. This research employs qualitative methods ... chiefly in-depth interviews with VTS operators.""",abstract,Merak VTS operators work the Sunda Strait TSS three years after it came into force
SRC-2252,Enam orang diselamatkan dari kapal yang tenggelam di Selat Sunda,"ANTARA (state news agency), reporting an official Bakamla RI press release.",https://www.antaranews.com/berita/4621258/enam-orang-diselamatkan-dari-kapal-yang-tenggelam-di-selat-sunda,Tier 3,2025-02-02; accessed 2026-09-30,2026-09-30,"Opened during the decision 7 double-check on 2026-09-30. Passage: ""penyelamatan dilakukan setelah KN Tanjung Datu-301 menerima informasi dari Vessel Traffic Service (VTS) Merak mengenai insiden yang dialami TB Mega 09 dan tongkang Penata Besar""",article body,VTS Merak operating in the Sunda Strait in 2025
SRC-2253,"Pencarian nihil, Tim SAR Banten tutup operasi penumpang KMP Kirana II","ANTARA, quoting Basarnas Banten.",https://www.antaranews.com/berita/5679936/pencarian-nihil-tim-sar-banten-tutup-operasi-penumpang-kmp-kirana-ii,Tier 3,2026-08-04; accessed 2026-09-30,2026-09-30,"Opened during the decision 7 double-check on 2026-09-30. Passage: ""tim juga telah memastikan penyebaran informasi (pemapelan) kepada Kantor SAR Lampung, VTS Merak, ASDP, Polair, dan Lanal Banten""",article body,VTS Merak operating in 2026
SRC-2254,"SN.1/Circ.336 Routeing measures other than traffic separation schemes, annex 2: precautionary area 'Dangan Channel No. 2'",IMO.,http://www.transportation.gov.lb/sites/default/files/2018-07/SN.1-Circ.336%20-%20Routeing%20Measures%20Other%20Than%20Traffic%20Separation%20Schemes%20(Secretariat).pdf,Tier 1,2018 (implemented 1 December 2018); copy hosted by the Lebanese Ministry of Public Works and Transport; accessed 2026-09-30,2026-09-30,"Opened during the decision 7 double-check on 2026-09-30. Passage: ""(6) 22°08′.31N, 114°15′.31E (13) 22°08′.51N, 114°11′.77E (19) 22°08′.91N, 114°14′.16E (16) 22°06′.80N, 114°11′.77E (20) 22°08′.91N, 114°12′.04E (7) 22°06′.60N, 114°15′.31E""","Annex 2, page 1",WGS 84 coordinates of precautionary area No. 2 of the Dangan Channel TSS
SRC-2255,Guidance Bulletin No. 19: Revised Guidance on Depiction of Hong Kong S.A.R.,"US Department of State, Office of the Geographer, reproducing China State Council coordinates.",https://data.geodata.state.gov/guidance/DoS_Bulletin_19-Hong-Kong-1997.pdf,Tier 2,1997-08-07; accessed 2026-09-30,2026-09-30,"Opened during the decision 7 double-check on 2026-09-30. Passage: ""These coordinates are based on the WGS 84 datum. ... 22 08 54.5 / 22 08 54.5 / 22 08 18.8 / 22 08 54.5 / 22 08 54.5 ... 113 56 22.4 / 114 14 09.6 / 114 15 18.6 / 114 17 02.4 / 114 30 08.8""","coordinate table, points 17 to 21","HKSAR boundary points 17 to 21 (WGS 84), southern limit along 22°08'54.5""N with a notch at point 19"
SRC-2256,Hong Kong Vessel Traffic Service pamphlet (VHF sectors and calling-in points),"Marine Department, HKSAR Government.",https://www.mardep.gov.hk/filemanager/en/share/publications/pdf/materials/vtc_pamphlet.pdf,Tier 1,April 2025; accessed 2026-09-30,2026-09-30,"Opened during the decision 7 double-check on 2026-09-30. Passage: ""Entering into Hong Kong Waters ... Eastern Approaches Channel 12 ... Waglan Lighthouse ... Lamma Patch""",VHF report format and sector table,HK VTS participation is keyed to entering Hong Kong waters; Eastern Approaches sector calling-in points include Waglan Lighthouse and Lamma Patch
SRC-2257,"Hong Kong Vessel Traffic Service – VHF Sectors and Calling-in Points, Drawing 2025MAR032","Marine Department, HKSAR Government (Hydrographic Office).",https://www.mardep.gov.hk/filemanager/en/share/pub-services/pdf/vts_vscp.pdf,Tier 1,September 2025; accessed 2026-09-30,2026-09-30,"Opened during the decision 7 double-check on 2026-09-30. Passage: ""Boundary of the Hong Kong Special Administrative Region ... Hong Kong Vessel Traffic Service – VHF Sectors and Calling-in Points""",chart legend,HK VTS sectors drawn to the HKSAR boundary
SRC-2258,PLVAC Paper No. 6/2003: Establishment of Zhujiang Estuary Traffic Separation System,"Marine Department, HKSAR Government.",https://mardep.gov.hk/filemanager/en/share/aboutus/pdf/plvac/plvacp6_03.pdf,Tier 2,August 2003 (historical); accessed 2026-09-30,2026-09-30,"Opened during the decision 7 double-check on 2026-09-30. Passage: ""Parts of No.1 Precautionary area, No.1 Traffic lanes and the No.2 Precautionary area lie within the Hong Kong waters.""",paras 4.2 and 4.5,The HK authority's reading that parts of the Dangan TSS lie in HK waters and are served by the HK VTC
SRC-2259,“担杆”监管台投入运行 广州国产VTS再扩容,"China News Service (chinanews.com.cn), reporting Guangzhou MSA.",https://www.chinanews.com.cn/dwq/2026/04-08/10600653.shtml,Tier 3,2026-04-08; accessed 2026-09-30,2026-09-30,"Opened during the decision 7 double-check on 2026-09-30. Passage: ""此次“担杆”监控台启用，将对担杆水道分道通航制、广东沿海主要公共航路、担杆水域渔船推荐航路等水域开展常态化VTS管控""",article body paras 1 and 3,Guangzhou VTS 'Dangan' station in trial operation to bring the Dangan Channel TSS under routine VTS control; precautionary area No. 2 connects to the East Lamma Channel TSS
SRC-2260,航经担杆水道分道通航制及周围水域的船舶请注意！,"Guangdong MSA ('广东海事' government account on The Paper), article supplied by Guangzhou MSA.",https://m.thepaper.cn/newsDetail_forward_30326627,Tier 2,2025-03-06; accessed 2026-09-30,2026-09-30,"Opened during the decision 7 double-check on 2026-09-30. Passage: ""图源：广州海事局VTS雷达截图 ... 如遇紧急情况可在VHF08\09频道上向广州交管中心请求协助""",figure 12 caption; 'Tips' paragraph,Guangzhou VTS radar imaging of the Dangan TSS waters; TSS traffic directed to Guangzhou VTS on VHF 08/09
SRC-2261,"33 CFR Part 161, s.161.12 Table 1 (VTS, VTS Special Areas and monitoring areas), entry (4) Los Angeles-Long Beach",US Government (eCFR; USCG rule).,https://www.ecfr.gov/api/versioner/v1/full/2026-09-01/title-33.xml?part=161,Tier 1,eCFR point-in-time 2026-09-01; accessed 2026-09-30,2026-09-30,"Opened during the decision 7 double-check on 2026-09-30. Passage: ""San Pedro Traffic 03660465 156.700 MHz (Ch. 14) Vessel Movement Reporting System Area: The navigable waters within a 25 nautical mile radius of Point Fermin Light (33°42.30′ N., 118°17.60′ W.).""","s.161.12(c) Table 1, entry (4) Los Angeles-Long Beach",TSS-0173: statutory VTS LA-LB (San Pedro Traffic) area is a 25 nm radius of Point Fermin Light
SRC-2262,"33 CFR Part 167, ss.167.450-452 (Santa Barbara Channel TSS) and 167.502 (LA-LB Western approach)",US Government (eCFR; USCG rule).,https://www.ecfr.gov/api/versioner/v1/full/2026-09-01/title-33.xml?part=167,Tier 1,eCFR point-in-time 2026-09-01; accessed 2026-09-30,2026-09-30,"Opened during the decision 7 double-check on 2026-09-30. Passage: ""§ 167.451 In the Santa Barbara Channel: Between Point Vicente and Point Conception. (a) A separation zone is bounded by a line connecting the following geographical positions""",s.167.451(a)-(c); s.167.502(a)-(c),"TSS-0173: US regulation places the south-east end of the Santa Barbara Channel TSS at about 33°43.2'-33°45.8'N 118°35.2'-118°37.6'W, the same junction as the IMO text and the LA-LB Western approach"
SRC-2263,"COLREG.2/Circ.64, Annex 6 (amended TSS In the Santa Barbara Channel) and Annex 8 (amended TSS In the Approaches to Los Angeles-Long Beach)",IMO (MSC).,https://fma.fo/wp-content/uploads/2016/09/2013_02_Nautical_COLREG.2-Circ.64_New-and-amended-Existing-Traffic-Separation-Schemes.pdf,Tier 1,4 December 2012; implemented 1 June 2013,2026-09-30,"Opened during the decision 7 double-check on 2026-09-30. Passage: ""(A continuation of the Santa Barbara Channel scheme)""",Annex 6 Part I (a)-(c); Annex 8 Western approach (a)-(c). Text read from project compilation /tmp/claude-0/-home-user/8ae1a22f-e22b-5949-9052-1b98ee3518d6/scratchpad/s2/ck/colreg2.txt (URL as in project SOURCE_REGISTER SRC-060),"TSS-0173: Part I south-east end points (3),(4),(9),(10) at 33°43.18'-33°45.80'N; LA-LB scheme described as a continuation of the Santa Barbara scheme sharing those points"
SRC-2264,Vessel Traffic Service Los Angeles-Long Beach User Manual,USCG and Marine Exchange of Southern California (VTS LA-LB).,https://www.navcen.uscg.gov/sites/default/files/pdf/VTS%20User%20Guides/VTS_LALB_UserManual_210331.pdf,Tier 2,"Revised 1 April 2021 (current edition linked from NAVCEN, accessed 2026-09-30)",2026-09-30,"Opened during the decision 7 double-check on 2026-09-30. Passage: ""Portions of the Traffic Separation Scheme in the Northern and Southern approaches to Los Angeles and Long Beach are within the VTS area.""",Introduction pp. i-ii; Appendix A.3 (Santa Barbara TSS amendment) and A.4 item a (Northern Approach) and item c,"TSS-0173: San Pedro Traffic monitors, informs, recommends and directs to 25 nm; describes the 'Northern Approach (from Santa Barbara Channel)' TSS clipped at the VTS AOR (points iv, v, ix all 25.08-25.14 nm from Point Fermin), and states portions of the TSS are within the VTS area"
SRC-2265,"Texto refundido del Reglamento del Decreto Legislativo No. 1147 (Autoridad Marítima Nacional, DICAPI)","Peru, Ministerio de Defensa (Decreto Supremo No. 015-2014-DE, consolidated text to D.S. No. 001-2024-DE), hosted by DICAPI.",https://www.dicapi.mil.pe/storage/rules/1DRokKOJ1732114031.pdf,Tier 1,Consolidated text including D.S. 001-2024-DE (24 January 2024); file posted by DICAPI November 2024,2026-09-30,"Opened during the decision 7 double-check on 2026-09-30. Passage: ""TRAMAR.- Servicio de Control del Tráfico Marítimo establecido por la Autoridad Marítima Nacional y brindado a través de la capitanía de puerto""","Art. 3 definitions item 145 (TRAMAR); Chapter IV Subchapter I, arts. 159, 160, 162, 164, 170 (PDF pp. 49-50)","TSS-0183: defines TRAMAR as the Maritime Traffic Control Service with capacity to interact with ships in the area under control; arts. 159-171 make approach notices at 20 nm from the first or outer buoys and a 4 nm report for instructions mandatory, 24 h operation"
SRC-2266,Ministro Pérez Reyes supervisa nuevo Centro de Control de Tráfico Marítimo del puerto del Callao,"Peru, Ministerio de Transportes y Comunicaciones (gob.pe).",https://www.gob.pe/institucion/mtc/noticias/1022528-ministro-perez-reyes-supervisa-nuevo-centro-de-control-de-trafico-maritimo-del-puerto-del-callao,Tier 2,15 September 2024,2026-09-30,"Opened during the decision 7 double-check on 2026-09-30. Passage: ""denominado Sistema de Tráfico Marítimo (VTS - Vessel Traffic Service)""","Press note, paragraphs 1 and 3-4","TSS-0183: the Callao maritime traffic control centre operates a VTS (three coastal radars, seven optronic cameras) administered by DICAPI"
SRC-2267,Ministro de Defensa inaugura el Sistema de Tráfico Marítimo VTS Callao,Marina de Guerra del Perú (gob.pe).,https://www.gob.pe/institucion/marina/noticias/1025108-ministro-de-defensa-inaugura-el-sistema-de-trafico-maritimo-vts-callao,Tier 2,19 September 2024,2026-09-30,"Opened during the decision 7 double-check on 2026-09-30. Passage: ""El VTS Callao, simboliza un avance tecnológico, para garantizar la seguridad, la eficiencia y la excelencia de las operaciones""","Nota informativa, paragraphs 1 and 3",TSS-0183: official naming 'VTS Callao' and its inauguration under the National Maritime Authority
SRC-2268,Entra en funcionamiento nuevo centro de control de tráfico marítimo en el Callao,Diario Oficial El Peruano (Editora Perú).,https://elperuano.pe/noticia/253367-entra-en-funcionamiento-nuevo-centro-de-control-de-trafico-maritimo-en-el-callao,Lead only,19 September 2024,2026-09-30,"Opened during the decision 7 double-check on 2026-09-30. Passage: ""Dicho centro de control es administrado por la Dirección General de Capitanía y Guardacostas (DICAPI) de la Marina de Guerra y fue implementado con el Sistema de Tráfico Marítimo (VTS - Vessel Traffic Service).""",Article paragraph 2,TSS-0183: corroborates that the Callao traffic control centre is administered by DICAPI and implemented with a VTS
SRC-2269,"Pub. 125 Sailing Directions (Enroute) West Coast of South America, 17th edition",US National Geospatial-Intelligence Agency.,https://msi.nga.mil/api/publications/download?type=view&key=16694491/SFH00000/Pub125bk.pdf,Lead only,"2025, updated to 27 August 2026",2026-09-30,"Opened during the decision 7 double-check on 2026-09-30. Passage: ""An IMO-adopted Traffic Separation Scheme (TRAMAR), best seen on the chart, has been established in the approaches to Callao. All vessels must report to TRAMAR on VHF channel 16""","Sector 3, p.77 (Callao); Sector 5, Bahia Concepcion/Boca Grande and Talcahuano 'Signals' paragraphs","TSS-0183: names the Callao TSS with TRAMAR and gives reports at 20, 10 and 4 miles and at the Outer Fairway Lighted Buoy. TSS-0192: Boca Grande TSS; Talcahuano VHF 16 information service listed under 'Signals', not called a VTS and with no area"
SRC-2270,"COLREG.2/Circ.48, Annex 4: Approaches to Puerto Callao (new scheme)",IMO (MSC).,,Tier 1,Implemented 1 December 2000 (per project record),2026-09-30,"Opened during the decision 7 double-check on 2026-09-30. Passage: ""A precautionary area of 1 mile in radius, centred on the following geographical position:""","Annex 4, Parts I-III, positions (1)-(24). Text read from project compilation /tmp/claude-0/-home-user/8ae1a22f-e22b-5949-9052-1b98ee3518d6/scratchpad/s2/ck/colreg2.txt","TSS-0183: all three parts, precautionary area and ATBA lie within 3.7 nm of position (24) 12°02.05'S 077°14.64'W (WGS 84)"
SRC-2271,"C.P. Talcahuano Ord. No. 12.600/491 Vrs.: Establece condiciones de operación para la Bahía de Concepción, jurisdicción de la Capitanía de Puerto de Talcahuano","DIRECTEMAR, Capitanía de Puerto de Talcahuano.",https://www.directemar.cl/directemar/site/docs/20220818/20220818103212/12600_491_261223_cp_talcahuano.pdf,Tier 2,26 December 2023,2026-09-30,"Opened during the decision 7 double-check on 2026-09-30. Passage: ""La Boca Grande, cuenta con un esquema de separación de tráfico para la entrada y salida de naves hacia y desde la bahía de Talcahuano, establecido en la carta SHOA 6110""","Section I.a.2 (Boca Grande TSS); I.d (TSS coordinates, chart SHOA 6110); I.j (Comunicaciones); II.1-3","TSS-0192: the current local operating conditions place the Boca Grande TSS within the harbour master's jurisdiction and give full operating and communications arrangements (agency coordination, pilotage, 'Talcahuano Capuerto Radio' CBT28 on VHF 16, anchorage reports) without any VTS, traffic control centre or monitoring service"
SRC-2272,Informaciones Operacionales,DIRECTEMAR.,https://www.directemar.cl/directemar/informaciones-operacionales,Tier 2,Web page accessed 2026-09-30,2026-09-30,"Opened during the decision 7 double-check on 2026-09-30. Passage: ""La Estación de Prácticos de Punta Delgada tiene un radar de última generación con capacidad de manejo de cartas S-57, integración AIS y sistema ARPA (VTS Básico)""",Informaciones generales item 1; restrictions table (Estrecho de Magallanes and channels),"TSS-0192 (context): DIRECTEMAR's operational information page names the Chilean traffic control stations it relies on (Punta Delgada 'VTS Básico', Bahía Félix, Paso Tortuoso, Evangelistas, Puerto Williams) and none for Talcahuano or Concepción"
SRC-2273,Reglamento para la Navegación en Aguas del Canal de Panamá (compiled text),"Panama Canal Authority (Acuerdo No. 13 of 3 June 1999, as amended); copy hosted by ARMCOL.",https://armcol.org/wp-content/uploads/2024/08/3372.-Reglamento-para-la-Navegacion-en-Aguas-del-Canal-de-Panama.pdf,Lead only,"Compiled text including amendments to at least 2007; the official ACP file (Acuerdo No. 360, pancanal.com) is a scanned image and was not machine-readable",2026-09-30,"Opened during the decision 7 double-check on 2026-09-30. Passage: ""El canal 12 se usará para notificar a los buques de su hora de tránsito y para la coordinación del tráfico en la Bahía de Limón.""","Art. 8 (definitions); art. 36 (Entrada del Atlántico, Comunicaciones); art. 37.1.a-b (outer anchorage and extension)","TSS-0213: 'Aguas del Canal' are the waters of the Canal compatibility area; the Atlantic outer anchorage extends north only to 9°26'20""N (sea buoy at 9°26'20""N 79°54'30""W); art. 36 requires contact with the Cristobal station at least 6 miles before the breakwater and uses Ch 12 for traffic coordination in Limon Bay"
SRC-2274,"Pub. 148 Sailing Directions (Enroute) Caribbean Sea Volume II, 19th edition",US National Geospatial-Intelligence Agency.,https://msi.nga.mil/api/publications/download?key=16694491/SFH00000/Pub148bk.pdf&type=view,Lead only,"2025, file updated 4 September 2026",2026-09-30,"Opened during the decision 7 double-check on 2026-09-30. Passage: ""The Panama Canal Vessel Traffic Management System (VTMS) covers the approaches to Colon and its terminals.""","Sector 4, para 4.40 (Colon, Regulations, p.123); para 4.44 (Panama Canal VTMS, pp.127-128)",TSS-0213: states the Panama Canal VTMS covers the approaches to Colon (no boundary); para 4.44 describes the VTMS as ETA/advance reporting to the Marine Traffic Control Unit and gives the Cristobal call at 12 miles
SRC-2275,"COLREG.2/Circ.65, Annex 2: At the approaches to Puerto Cristobal",IMO (MSC).,https://www.panamashipregistry.com/wp-content/uploads/2019/08/COLREG-2-Circ-65.pdf,Tier 1,23 May 2014; implemented 1 December 2014,2026-09-30,"Opened during the decision 7 double-check on 2026-09-30. Passage: ""Reference chart: British Admiralty 1400, 2000 edition Note: This chart is based on World Geodetic System 1984 (WGS 84) datum""",Annex 2 paras (a)-(h). Text read from project compilation /tmp/claude-0/-home-user/8ae1a22f-e22b-5949-9052-1b98ee3518d6/scratchpad/s2/ck/colreg2.txt (URL as in project SOURCE_REGISTER SRC-114),"TSS-0213: TSS geometry (WGS 84), inner ends at 09°28.0'-09°33.9'N, outer ends to 09°43.0'N"
SRC-2276,OP Notice to Shipping N-1-2026: Vessel Requirements,"Panama Canal Authority (ACP), Vice Presidency for Operations.",https://pancanal.com/wp-content/uploads/2021/08/N01-2026-Vessel-Requirements_BMV.pdf,Tier 2,1 January 2026,2026-09-30,"Opened during the decision 7 double-check on 2026-09-30. Passage: ""Northbound vessels, at least three nautical miles from the Sea Buoy at the Pacific Entrance.""",Section 32 'Maneuvering Fuel' para d.2 (printed p. 79); section 4.d; tanker pressure relief paragraph (printed p. 67),"TSS-0176 (against extent): the fuel changeover must be completed before arriving in Canal waters, northbound at least 3 nm from the Pacific Sea Buoy. This implies that Canal waters begin within about 3 nm of the buoy, 4.6-4.9 nm north of the TSS inner end. Contact points are the Traffic Management Unit and 'the Signal Stations at Flamenco or Cristobal'. The notice has no VTS or service-area statement."
SRC-2277,Reglamento para la Navegacion en Aguas del Canal de Panama (compiled text),"Panama Canal Authority (Acuerdo No. 13 of 3 June 1999, as amended); copy hosted by ARMCOL.",https://armcol.org/wp-content/uploads/2024/08/3372.-Reglamento-para-la-Navegacion-en-Aguas-del-Canal-de-Panama.pdf,Lead only,Compiled text including amendments to at least 2007; the official ACP file (Acuerdo No. 360) is a scanned image and was not machine-readable,2026-09-30,"Opened during the decision 7 double-check on 2026-09-30. Passage: ""Se describe a continuación:  partiendo del punto en posición 8°51’45” N, 79°29’50” O; marcado por la Boya de Mar de Silbato""","Art. 30 (additional information, item 1); art. 36 'Entrada del Pacifico' items 1-2; art. 37.3.a-c; art. 146","TSS-0176: Pacific Sea Buoy position 8°51'45""N 79°29'50""W (WGS 84, DMA chart 21603). The merchant anchorage extension runs south only to 8°49'55""N. Under art. 36 (Pacific entrance) all vessels must call the Flamenco station on Ch 12 when approaching, and need its approval to move in the anchorages or between the Sea Buoy and Buoys 1 and 2. Art. 30 asks Pacific arrivals for their Punta Mala passing time. Art. 146 requires yachts to report to Flamenco or Cristobal at not less than 12 nm from the sea buoys."
SRC-2278,"Pub. 153 Sailing Directions (Enroute) West Coasts of Mexico and Central America, 20th edition",US National Geospatial-Intelligence Agency.,https://msi.nga.mil/api/publications/download?key=16694491/SFH00000/Pub153bk.pdf&type=view,Lead only,2024 (file downloaded from NGA MSI 30 September 2026),2026-09-30,"Opened during the decision 7 double-check on 2026-09-30. Passage: ""Vessels must report to the Traffic Operations Division when passing the latitude of Punta Mala (7°28'N), giving time and vessel speed, then must report to the signal station at Flamenco Island upon arrival""","Sector 9, para 9.1 (TSS); Panama Canal, 'Pilotage' and 'Vessel Traffic Management System (VTMS)' (printed p. 157); contact table and Pacific anchorage text (printed p. 161)","TSS-0176: under the heading 'Vessel Traffic Management System (VTMS)', arrivals report at the latitude of Punta Mala (7°28'N, south of all of Part 1), then to Flamenco on arrival. The Pacific call is at least 8 miles before the Sea Buoy (8°51'45.0""N 79°29'49.8""W). The PEC is in 'the corresponding Signal Station', one per entrance. The Signal Station informs Marine Traffic Control. Flamenco Island Signal Station call sign WHC. The Gulf of Panama TSS is described (para 9.1) with no link to the VTMS. There is no statement of a VTMS area on the Pacific side."
SRC-2279,"COLREG.2/Circ.65, Annex 1: On the Pacific coast of Panama, Part 1 'Gulf of Panama'",IMO (MSC).,https://www.panamashipregistry.com/wp-content/uploads/2019/08/COLREG-2-Circ-65.pdf,Tier 1,23 May 2014; implemented 1 December 2014,2026-09-30,"Opened during the decision 7 double-check on 2026-09-30. Passage: ""Part 1 ""Gulf of Panama"" Reference chart: British Admiralty 1929, 1998 edition Note: This chart is based on World Geodetic System 1984 (WGS 84) datum""","Annex 1, Part 1 paras (a)-(c). Text read from project compilation /tmp/claude-0/-home-user/8ae1a22f-e22b-5949-9052-1b98ee3518d6/scratchpad/s2/ck/colreg2.txt (URL as in project SOURCE_REGISTER SRC-114)","TSS-0176: TSS geometry (WGS 84). Inner (northern) ends at points (3) 08°44.00'N 079°28.00'W, (4) 08°44.70'N 079°27.00'W, (9) 08°45.42'N 079°25.44'W and (10) 08°46.00'N 079°24.62'W. Outer ends at 07°45'N."
SRC-2280,"Обязательные постановления в морском порту Находка (Mintrans Order No. 169 of 23 June 2011, as amended 1 Apr 2015, 7 Aug 2015, 15 Dec 2017)","Ministry of Transport of the Russian Federation (text on Garant legal database, current consolidated edition).",https://base.garant.ru/12187883/53f89421bbdaf741eb2d1ecc4ddb4c33/,Tier 1,Consolidated to amendment of 15 December 2017; Garant page shows no replacement ('Взамен') note as of access 30 Sep 2026,2026-09-30,"Opened during the decision 7 double-check on 2026-09-30. Passage: ""54. На подходах к заливу Находка в секторе N 1 Б, который ограничен с юга границей территориального моря, с запада меридианом 132°28,00' восточной долготы, с востока меридианом 133°43,00' восточной долготы""","Section V, paras 52-55","Currently in force Nakhodka port rules: regional VTS of Peter the Great Gulf; Sector 2 (Nakhodka Gulf north of Cape Povorotny - Cape Likhachev line, VTS acts as port VTS, call sign Nakhodka-Traffic, VHF 13/16); Sector 1B on the approaches (S: territorial-sea limit; W: 132°28.00'E; E: 133°43.00'E; VHF 9). Same text in the Rosmorport-hosted RG original (https://www.rosmorport.ru/media/File/new2/Nakhodka_Compulsory.pdf)."
SRC-2281,Search of officially published acts: 'морском порту Находка' and 'морском порту Восточный',"Official Internet Portal of Legal Information (publication.pravo.gov.ru), Government of the Russian Federation.",http://publication.pravo.gov.ru/document/0001202609020003,Tier 1,"Listing retrieved 30 Sep 2026 (latest Nakhodka act: Order No. 522 of 15.12.2017, published 28.12.2017; Vostochny: Order No. 62 of 13.02.2026 and Order No. 337 of 17.07.2026, published 02.09.2026)",2026-09-30,"Opened during the decision 7 double-check on 2026-09-30. Passage: ""Приказ Министерства транспорта Российской Федерации от 17.07.2026 № 337 ""Об утверждении Обязательных постановлений в морском порту Восточный""""","Portal API listing, eoNumber 0001202609020003, 0001202603240010, 0001201712280062",No replacement or later amendment of the Nakhodka rules has been officially published after 2017 (supports currency of Order No. 169 in 2026); Vostochny rules were amended in Feb 2026 and replaced by Order No. 337 of 17 Jul 2026 (in force 1 Mar 2027).
SRC-2282,"Order No. 337 of 17 July 2026 'Об утверждении Обязательных постановлений в морском порту Восточный' (registered by Minjust 1 Sep 2026, No. 88098)",Ministry of Transport of the Russian Federation.,http://publication.pravo.gov.ru/file/pdf?eoNumber=0001202609020003,Tier 1,Signed 17 July 2026; published 2 Sep 2026; in force 1 March 2027 to 1 March 2033,2026-09-30,"Opened during the decision 7 double-check on 2026-09-30. Passage: ""47. Сектор 1Б ограничен с юга границей территориального моря Российской Федерации, с запада – меридианом 132°28,00' восточной долготы, с востока – меридианом 133°43,00' восточной долготы.""","Order para 3 (PDF p.2); Rules Section V paras 46-54 (printed pp.7-8, PDF pp.9-10); scanned image, read visually","2026 official restatement of the same VTS zone: VTS zone divided into Sector 1B and Sector 2; Sector 1B limits unchanged (territorial-sea limit, 132°28.00'E, 133°43.00'E); call sign Nakhodka-Traffic on VHF 9 and 16 in 1B and VHF 13 in Sector 2; Vostochny harbour master 'Vostochny-5' is port captain, not a separate VTS."
SRC-2283,"Обязательные постановления в морском порту Восточный (Mintrans Order No. 10 of 11 Jan 2011, as amended to 13 Feb 2026)",Ministry of Transport of the Russian Federation (text on Garant legal database).,https://base.garant.ru/12185244/53f89421bbdaf741eb2d1ecc4ddb4c33/,Tier 1,Consolidated to 13 February 2026; currently in force until replaced by Order No. 337 on 1 Mar 2027,2026-09-30,"Opened during the decision 7 double-check on 2026-09-30. Passage: ""На остальной акватории морского порта СУДС осуществляет связь с судами на каналах 16 и 13 ОВЧ, позывной ""Находка-Трафик"".""","Paras 24, 50-56; header 'Взамен см.'",Vostochny port lies in the same regional VTS Sector 2; VTS call sign Nakhodka-Traffic in Wrangel Bay and Kozmino; identical Sector 1B limits (para 53); Section V unamended by the 2015 and 2026 changes.
SRC-2284,Навигационные услуги с использованием СУДС (Far-Eastern Basin Branch VTS page),"FSUE Rosmorport, Far-Eastern Basin Branch (VTS operator).",https://www.rosmorport.ru/filials/vlf_serv_vts/,Tier 1,Undated web page (site copyright 2008-2026); cites VTS certificates of 14.03.2023; accessed 30 Sep 2026,2026-09-30,"Opened during the decision 7 double-check on 2026-09-30. Passage: ""в районе акватории северо-западной части Японского моря, ограниченном береговой линией и прямыми линиями, соединяющими по порядку точки с координатами: № 1 Ш=42°40,0' N Д=133°02,0' E""",Section 1 (Общая информация); Section 2 'Зона действия СУДС Находка',"Operator treats 'СУДС Находка' (centre at Cape Kamenskogo; radar posts incl. Cape Povorotny and Cape Krylova; certificate VTS-3/1-3289-2023) as a service distinct from 'СУДС Владивосток', serving ports Nakhodka and Vostochny; zone = Sectors 1B and 2 with the limits above; lists areas where no VTS service is provided, including a coastal area between Cape Povorotny and Cape Ostrovnoy bounded by 42°40.0'N 133°02.0'E, 42°42.1'N 133°31.4'E, 42°38.5'N 133°31.3'E, 42°34.9'N 133°30.2'E, 42°36.4'N 133°43.2'E, 42°48.4'N 133°43.2'E."
SRC-2285,COLREG.2/Circ.38 Amended traffic separation schemes: 'In the approaches to the Gulf of Nakhodka' (amended inshore traffic zone),"IMO (COLREG.2/Circ.38, compilation hosted by Transportstyrelsen).",https://www.transportstyrelsen.se/globalassets/global/sjofart/dokument/sjotrafik_dok/imo_colreg.2_cirkular.pdf?id=58526,Tier 1,29 April 1992; amended schemes implemented 8 Oct 1992,2026-09-30,"Opened during the decision 7 double-check on 2026-09-30. Passage: ""The area between the north-eastern landward boundary of the roundabout and the northern boundary of the separation zone and the Russian Federation coast""",Annex page 10 (compilation PDF page 115),"Only published B-X/4 coordinates obtained: inshore traffic zone between the roundabout's NE boundary, the separation zone's northern boundary and the coast, limits 42°41.3'N 133°07.3'E - 42°39.0'N 133°07.3'E and 42°40.8'N 132°58.5'E - 42°43.5'N 132°57.2'E - 42°42.5'N 132°59.9'E; fixes the roundabout/separation zone next to Cape Povorotny."
SRC-2286,"Схемы разделения движения в территориальном море Российской Федерации, Scheme No. 3 'Между мысами Поворотный и Островной'",Government of the Russian Federation (Directive No. 1226-r; third-party host meganorm.ru).,https://meganorm.ru/Data2/1/4293849/4293849842.htm,Lead only,2 September 2006,2026-09-30,"Opened during the decision 7 double-check on 2026-09-30. Passage: ""Схема разделения движения № 3. Между мысами Поворотный и Островной (от залива Петра Великого до мыса Белкина).""","Section IV Японское море, Scheme No. 3","Coordinates of the national scheme matching IMO B-X/5 (parts I-III separation zones; lanes 2 NM (I, II) and 3 NM (III) each side; foreign ships prohibited in the lane NW of the Part II separation zone). The Nakhodka roundabout scheme (B-X/4) is not in this territorial-sea directive."
SRC-2287,"List of geographical co-ordinates of points defining the straight baselines ... Pacific Ocean, Sea of Japan, Sea of Okhotsk and Bering Sea","USSR Council of Ministers decree of 7 Feb 1984 (UN DOALOS national legislation, Declaration 4604).",https://www.un.org/depts/los/LEGISLATIONANDTREATIES/PDFFILES/RUS_1984_Declaration.pdf,Tier 1,7 February 1984,2026-09-30,"Opened during the decision 7 double-check on 2026-09-30. Passage: ""5        Ostrovno Point                                                                      42 48 22                                              133 43 24""","Page 1, points 1-6","Baseline points used to plot the 12 NM territorial-sea limit (southern limit of Sector 1B): Tumen mid-point, Cape Povorotny 42°40'20.40""N 133°02'19.80""E, Cape Lisuchenko, Cape Korevo, Ostrovno Point 42°48'22""N 133°43'24""E, Cape Olarovsky."
SRC-2288,Приказ Минтранса России от 23.06.2011 N 169 (ред. от 15.12.2017),ConsultantPlus legal database.,https://www.consultant.ru/document/cons_doc_LAW_116506/,Tier 2,Current consolidated edition as displayed 30 Sep 2026,2026-09-30,"Opened during the decision 7 double-check on 2026-09-30. Passage: ""Приказ Минтранса России от 23.06.2011 N 169 (ред. от 15.12.2017) ""Об утверждении Обязательных постановлений в морском порту Находка""""",Page title,"Order No. 169 is carried as current in the latest edition 15.12.2017, with no 'утратил силу' marking."
SRC-2289,Reglas de Operación del Puerto de Salina Cruz,Administración del Sistema Portuario Nacional Salina Cruz (ASIPONA Salina Cruz),https://www.puertosalinacruz.com.mx/web/upl/sec/Documentos/Reglas_de_Operacion_ASIPONA%20Salina%20Cruz.pdf,Tier 2,Document currently published by ASIPONA on 27 November 2025; embedded operating rules dated 2014,2026-09-30,Reopened during FC-C. ASIPONA's current rules page republishes the document as the port's applicable operating rules.,"Appendix XII, pp. 102-115; especially paras 5, 16, 19 and 28",Confirms an H24 Port and Coastal Maritime Traffic Service from the Salina Cruz CCTM. Direct CCTM-vessel communication applies when a ship enters the traffic separation scheme; use of the service is mandatory for SOLAS ships navigating in the CCTM service zone or TSS to call at Salina Cruz.
SRC-2290,Audit 2024-0006: ASIPONA Salina Cruz CCTM equipment,"Auditoría Superior de la Federación, Mexico",https://www.asf.gob.mx/Trans/Informes/IR2024b/Documentos/Auditorias/2024_0006_a.pdf,Tier 2,2025 audit of 2024 expenditure,2026-09-30,Reopened during FC-C.,Programme for acquisition of equipment for the Centro de Control de Tráfico Marítimo del Puerto de Salina Cruz,"Records the 2024 CCTM equipment programme and its completion, providing current corroboration for the operating-centre identity in SRC-2289."
SRC-2291,AMP manages acquisition of Maritime Traffic Control System,Autoridad Marítima de Panamá,https://www.amp.gob.pa/noticias/notas-de-prensa/amp-gestiona-adquisicion-de-sistema-de-control-de-trafico-maritimo/,Tier 2,4 April 2025,2026-09-30,Reopened during FC-C.,National STM/VTS procurement,"States that AMP authorised a public tender for the study, design, supply, installation, training and maintenance of a national maritime traffic control system; useful negative-context evidence for remote Panamanian TSS, but not proof of absence of every local service."
SRC-2292,Memoria Institucional 2025-2026,Autoridad Marítima de Panamá,https://www.amp.gob.pa/wp-content/uploads/2026/04/MEMORIA-2025-2026-GR-RF-3-WEB.pdf,Tier 2,2026,2026-09-30,Checked during FC-C.,Maritime Traffic System project,Lists the national maritime traffic system as an implementation/procurement project in 2025-2026. Used with SRC-2291; does not by itself certify absence of a local service.
SRC-2293,DICAPI and FONDEPES: maritime safety and VTS rollout,"Fondo Nacional de Desarrollo Pesquero / Government of Peru, describing DICAPI systems",https://www.gob.pe/institucion/fondepes/noticias/1143483-dicapi-y-fondepes-como-promueven-la-seguridad-de-los-pescadores-artesanales-en-el-mar,Tier 2,10 April 2025,2026-09-30,Reopened during FC-C.,National VTS rollout,"States that VTS operates at Callao, described as the first port, and that installation at other Peruvian ports is planned. Supports keeping non-Callao Peruvian TSS unresolved unless later commissioning evidence is found."
SRC-2294,Strengthening maritime safety: traffic-separation buoys at Chimbote and Paita,Marina de Guerra del Perú,https://www.gob.pe/institucion/marina/noticias/1386526-fortaleciendo-la-seguridad-maritima-en-nuestro-dominio-maritimo,Tier 2,3 May 2026,2026-09-30,Checked during FC-C.,Paita and Chimbote routeing aids,"Records installation of traffic-separation buoys at Chimbote and Paita in 2026; no VTS commissioning is stated. Used as current corroboration, not as proof of absence."
SRC-2295,Guardafronteras where land ends and sea begins,"Granma, Cuba",https://www.granma.cu/granmad/2012/06/06/pdf/todas.pdf,Lead only,6 June 2012,2026-09-30,Reopened during FC-C.,Cabo San Antonio border radar post,Historical Cuban state-media evidence of a radiotechnical border post monitoring international maritime traffic. It is not evidence of a VTS and cannot resolve the seven Cuban TSS.
SRC-2296,Salvamento Marítimo presenta la nueva Salvamar Aldebarán en su base de Valencia,"Sociedad de Salvamento y Seguridad Marítima (SASEMAR), Ministerio de Transportes y Movilidad Sostenible, Spain.",https://www.salvamentomaritimo.es/sala-de-comunicacion/sala-de-prensa/salvamento-maritimo-presenta-la-nueva-salvamar-aldebaran-en-su-base-de-valencia,Tier 2.,9 April 2026.,2026-10-01.,Reopened during the FC-A recheck on 2026-10-01.,Section “Medios de SASEMAR en la Comunidad Valenciana”.,Current SASEMAR statement that CCS Valencia controls the Cabo de la Nao traffic separation scheme. This directly resolves the TSS-0101 service-presence question. No formal VTS polygon or separate ship-facing call sign is published on the page.
SRC-2297,Damietta Port profile,"Maritime Transport and Logistics Sector, Ministry of Transport, Egypt.",https://www.mts.gov.eg/ar/port/%D9%85%D9%8A%D9%86%D8%A7%D8%A1-%D8%AF%D9%85%D9%8A%D8%A7%D8%B7/,Tier 2.,Undated live port profile.,2026-10-01.,Opened during the FC-A recheck on 2026-10-01.,"Port data, entrance channel, pilotage and marine station.","Confirms Damietta Port, its entrance channel, compulsory pilotage, VHF 14/16 and a marine station on channel 14. It does not identify an operating VTS or define a VTS/TSS service area."
SRC-2298,Ministry of Transport: normal operations at Damietta Port,"Maritime Transport and Logistics Sector, Ministry of Transport, Egypt.",https://www.mts.gov.eg/ar/%D9%88%D8%B2%D8%A7%D8%B1%D8%A9-%D8%A7%D9%84%D9%86%D9%82%D9%84-%D8%A7%D9%86%D8%AA%D8%B8%D8%A7%D9%85-%D9%83%D8%A7%D9%85%D9%84-%D9%81%D9%8A-%D8%AD%D8%B1%D9%83%D8%A9-%D8%A7%D9%84%D8%AA%D8%B4%D8%BA%D9%8A/,Tier 2.,30 July 2026.,2026-10-01.,Opened during the FC-A recheck on 2026-10-01.,Ministry statement on 24-hour port operations and integrated operating systems.,Current official confirmation that Damietta Port is operating normally 24 hours a day with integrated operating systems. It does not name a VTS or define coverage of the Mina Dumyat TSS.
SRC-2299,Ports and Terminals 2025: Jazan Primary and Downstream Industries Port,Saudi Aramco.,https://www.aramco.com/-/media/downloads/working-with-us/ports-and-terminals-2025/port-of-jazan-primary-and-downstream-industries.pdf,Tier 2.,2025 rules and regulations guidebook.,2026-10-01.,Reopened during unresolved-TSS resolution review on 2026-10-01.,"sections 2.4.1, 4.1 to 4.3 and 5.","The main arrival/departure channel is the IMO-developed 90 NM approach channel. Inbound vessels using the deep-water approach channel must call Jazan Commercial Port Control Center on VHF 16 for instructions to proceed, with JPDI Port Control on VHF 09; vessels maintain both watches during channel passage. Supports a Decision-5 traffic-service association with TSS-0127."
SRC-2300,Pub. 160 Sailing Directions (Planning Guide) South Atlantic Ocean and Indian Ocean,US National Geospatial-Intelligence Agency.,https://msi.nga.mil/api/publications/download?key=16694492/SFH00000/Pub160bk.pdf&type=view,Tier 3.,"Fifteenth Edition, 2026; corrected to 31 January 2026.",2026-10-01.,Reopened during unresolved-TSS resolution review on 2026-10-01.,"country chapters for Djibouti, Eritrea, Iran, Oman, Saudi Arabia, Sri Lanka and Yemen.","Current country-level screen. Iran lists the three relevant IMO TSS and only Bandar-e Imam Khomeyni as a VTS. Oman lists the Hormuz and Ras al Hadd TSS but no VTS. Saudi Arabia lists the current VTS services, which exclude Khafji and Marjan/Zuluf. Djibouti and Eritrea list the southern Red Sea TSS without a VTS service; Yemen's Bab al Mandeb notification applies to vessels calling at Yemeni ports. Sri Lanka lists the Dondra Head TSS, SAR/coast-radio arrangements and no VTS."
SRC-2301,Aniva Bay VTS services and coverage,"FSUE Rosmorport, Sakhalin Branch.",https://www.rosmorport.com/filials/shl_serv_vts/,Tier 2.,Current live operator page; 2025 traffic statistics and 2024 compliance certificate shown.,2026-10-01.,Reopened during unresolved-TSS resolution review on 2026-10-01.,"sections 1 and 2, Aniva Bay VTS coverage.","Current Aniva Bay VTS polygon is bounded by 46°37.5'N 142°26.0'E, 46°25.0'N 142°30.0'E, 46°25.0'N 143°04.0'E and 46°35.7'N 143°04.0'E. The IMO TSS off Cape Aniva lies materially south/east of this polygon, resolving TSS-0216 as outside the VTS."
SRC-2302,"Pub. 172 Sailing Directions (Enroute) Red Sea and the Persian Gulf, current online edition",US National Geospatial-Intelligence Agency.,https://msi.nga.mil/api/publications/download?key=16694491/SFH00000/Pub172bk.pdf,Tier 3.,Current online edition accessed 2026-10-01.,2026-10-01.,Reopened during unresolved-TSS resolution review on 2026-10-01.,"Sector 16, Ras al Khafji, Marjan/Zuluf and Kuwait oil-port approaches.",Khafji Port Control requirements are terminal/anchorage formalities and do not define a service area over the IMO TSS. Marjan/Zuluf is described as a TSS between oil fields without a through-traffic VTS. Mina al Ahmadi security/port-control arrangements are distinct from the IMO TSS used by through traffic.
