Record ID,Region,Candidate source label,Record type,Baseline status,VTS screening,Reporting screening,Related service IDs,Related reporting IDs,Grouping / reconciliation note,Source ID,Source URL,Source locator,Source limitation,Additional evidence IDs,Additional evidence URLs,Batch,Review stage,Last record check
TSS-0001,British Isles and southern North Sea,In the approaches to the River Humber,Source entry; component check pending,Provisional: official baseline reconciliation pending,Not researched,Not researched,,,,SRC-001,https://www.scribd.com/document/1014775753/1-1-IMO-Adopted-Traffic-Separation-Schemes-on-the-ADMIRALTY-Chart-Series,Notice 17; scheme label: In the approaches to the River Humber,UKHO-labelled document on third-party host; edition and currency unverified.,,,B01,Candidate recorded,Not established
TSS-0002,British Isles and southern North Sea,In the Sunk area and northern Approaches to the Thames Estuary,Source entry; component check pending,Provisional: official baseline reconciliation pending,Not researched,Not researched,,,,SRC-001,https://www.scribd.com/document/1014775753/1-1-IMO-Adopted-Traffic-Separation-Schemes-on-the-ADMIRALTY-Chart-Series,Notice 17; scheme label: In the Sunk area and northern Approaches to the Thames Estuary,UKHO-labelled document on third-party host; edition and currency unverified.,,,B01,Candidate recorded,Not established
TSS-0003,British Isles and southern North Sea,In the Approaches to Hook of Holland and at North Hinder,Source entry; component check pending,Provisional: official baseline reconciliation pending,Not researched,Not researched,,,Combined label. Check whether separate scheme records are required.,SRC-001,https://www.scribd.com/document/1014775753/1-1-IMO-Adopted-Traffic-Separation-Schemes-on-the-ADMIRALTY-Chart-Series,Notice 17; scheme label: In the Approaches to Hook of Holland and at North Hinder,UKHO-labelled document on third-party host; edition and currency unverified.,,,B01,Candidate recorded,Not established
TSS-0004,British Isles and southern North Sea,At West Hinder,Source entry; component check pending,Provisional: official baseline reconciliation pending,Not researched,Not researched,,,,SRC-001,https://www.scribd.com/document/1014775753/1-1-IMO-Adopted-Traffic-Separation-Schemes-on-the-ADMIRALTY-Chart-Series,Notice 17; scheme label: At West Hinder,UKHO-labelled document on third-party host; edition and currency unverified.,,,B01,Candidate recorded,Not established
TSS-0005,British Isles and southern North Sea,In the Strait of Dover and adjacent waters,Source entry; component check pending,Provisional: official baseline reconciliation pending,Authority evidence found,Authority evidence found,VTS-001,SRS-001,,SRC-001,https://www.scribd.com/document/1014775753/1-1-IMO-Adopted-Traffic-Separation-Schemes-on-the-ADMIRALTY-Chart-Series,Notice 17; scheme label: In the Strait of Dover and adjacent waters,UKHO-labelled document on third-party host; edition and currency unverified.,SRC-004; SRC-005,"https://www.gov.uk/government/publications/dover-strait-crossings-channel-navigation-information-service/dover-strait-crossings-channel-navigation-information-service-cnis
https://www.gov.uk/government/publications/mgn-364-mf-amendment-2-navigation-safety-traffic-separation-schemes-application-of-rule-10-and-navigation-in-the-dover-strait/mgn-364-mf-amendment-2-navigation-safety-traffic-separation-schemes-application-of-rule-10-and-navigation-in-the-dover-strait",B01,Initial association evidenced,Identification screening only
TSS-0006,British Isles and southern North Sea,Off Casquets,Source entry; component check pending,Provisional: official baseline reconciliation pending,Not researched,Not researched,,,,SRC-001,https://www.scribd.com/document/1014775753/1-1-IMO-Adopted-Traffic-Separation-Schemes-on-the-ADMIRALTY-Chart-Series,Notice 17; scheme label: Off Casquets,UKHO-labelled document on third-party host; edition and currency unverified.,,,B02,Candidate recorded,Not established
TSS-0007,British Isles and southern North Sea,"Off Land's End, between Seven Stones and Longships",Source entry; component check pending,Provisional: official baseline reconciliation pending,Not researched,Not researched,,,,SRC-001,https://www.scribd.com/document/1014775753/1-1-IMO-Adopted-Traffic-Separation-Schemes-on-the-ADMIRALTY-Chart-Series,"Notice 17; scheme label: Off Land's End, between Seven Stones and Longships",UKHO-labelled document on third-party host; edition and currency unverified.,,,B02,Candidate recorded,Not established
TSS-0008,British Isles and southern North Sea,South of the Isles of Scilly,Source entry; component check pending,Provisional: official baseline reconciliation pending,Not researched,Not researched,,,,SRC-001,https://www.scribd.com/document/1014775753/1-1-IMO-Adopted-Traffic-Separation-Schemes-on-the-ADMIRALTY-Chart-Series,Notice 17; scheme label: South of the Isles of Scilly,UKHO-labelled document on third-party host; edition and currency unverified.,,,B02,Candidate recorded,Not established
TSS-0009,British Isles and southern North Sea,West of the Isles of Scilly,Source entry; component check pending,Provisional: official baseline reconciliation pending,Not researched,Not researched,,,,SRC-001,https://www.scribd.com/document/1014775753/1-1-IMO-Adopted-Traffic-Separation-Schemes-on-the-ADMIRALTY-Chart-Series,Notice 17; scheme label: West of the Isles of Scilly,UKHO-labelled document on third-party host; edition and currency unverified.,,,B02,Candidate recorded,Not established
TSS-0010,British Isles and southern North Sea,Off Fastnet Rock,Source entry; component check pending,Provisional: official baseline reconciliation pending,Not researched,Not researched,,,,SRC-001,https://www.scribd.com/document/1014775753/1-1-IMO-Adopted-Traffic-Separation-Schemes-on-the-ADMIRALTY-Chart-Series,Notice 17; scheme label: Off Fastnet Rock,UKHO-labelled document on third-party host; edition and currency unverified.,,,B02,Candidate recorded,Not established
TSS-0011,British Isles and southern North Sea,Off Smalls,Source entry; component check pending,Provisional: official baseline reconciliation pending,Not researched,Not researched,,,,SRC-001,https://www.scribd.com/document/1014775753/1-1-IMO-Adopted-Traffic-Separation-Schemes-on-the-ADMIRALTY-Chart-Series,Notice 17; scheme label: Off Smalls,UKHO-labelled document on third-party host; edition and currency unverified.,,,B03,Candidate recorded,Not established
TSS-0012,British Isles and southern North Sea,Off Tuskar Rock,Source entry; component check pending,Provisional: official baseline reconciliation pending,Not researched,Not researched,,,,SRC-001,https://www.scribd.com/document/1014775753/1-1-IMO-Adopted-Traffic-Separation-Schemes-on-the-ADMIRALTY-Chart-Series,Notice 17; scheme label: Off Tuskar Rock,UKHO-labelled document on third-party host; edition and currency unverified.,,,B03,Candidate recorded,Not established
TSS-0013,British Isles and southern North Sea,Off Skerries,Source entry; component check pending,Provisional: official baseline reconciliation pending,Not researched,Not researched,,,,SRC-001,https://www.scribd.com/document/1014775753/1-1-IMO-Adopted-Traffic-Separation-Schemes-on-the-ADMIRALTY-Chart-Series,Notice 17; scheme label: Off Skerries,UKHO-labelled document on third-party host; edition and currency unverified.,,,B03,Candidate recorded,Not established
TSS-0014,British Isles and southern North Sea,In Liverpool Bay,Source entry; component check pending,Provisional: official baseline reconciliation pending,Not researched,Not researched,,,,SRC-001,https://www.scribd.com/document/1014775753/1-1-IMO-Adopted-Traffic-Separation-Schemes-on-the-ADMIRALTY-Chart-Series,Notice 17; scheme label: In Liverpool Bay,UKHO-labelled document on third-party host; edition and currency unverified.,,,B03,Candidate recorded,Not established
TSS-0015,British Isles and southern North Sea,In the North Channel,Source entry; component check pending,Provisional: official baseline reconciliation pending,Not researched,Not researched,,,,SRC-001,https://www.scribd.com/document/1014775753/1-1-IMO-Adopted-Traffic-Separation-Schemes-on-the-ADMIRALTY-Chart-Series,Notice 17; scheme label: In the North Channel,UKHO-labelled document on third-party host; edition and currency unverified.,,,B03,Candidate recorded,Not established
TSS-0016,British Isles and southern North Sea,Off Neist Point,Source entry; component check pending,Provisional: official baseline reconciliation pending,Not researched,Not researched,,,,SRC-001,https://www.scribd.com/document/1014775753/1-1-IMO-Adopted-Traffic-Separation-Schemes-on-the-ADMIRALTY-Chart-Series,Notice 17; scheme label: Off Neist Point,UKHO-labelled document on third-party host; edition and currency unverified.,,,B04,Candidate recorded,Not established
TSS-0017,Norway and Iceland,Off the coast of Norway,Source entry; component check pending,Provisional: official baseline reconciliation pending,Not researched,Not researched,,,Grouped coastline label. Expand into named component schemes before counting.,SRC-001,https://www.scribd.com/document/1014775753/1-1-IMO-Adopted-Traffic-Separation-Schemes-on-the-ADMIRALTY-Chart-Series,Notice 17; scheme label: Off the coast of Norway,UKHO-labelled document on third-party host; edition and currency unverified.,,,B04,Candidate recorded,Not established
TSS-0018,Norway and Iceland,Off the south-west coast of Iceland: North-west of Garoskagi Point,Source entry; component check pending,Provisional: official baseline reconciliation pending,Not researched,Not researched,,,Check official Icelandic spelling against the primary publication.,SRC-001,https://www.scribd.com/document/1014775753/1-1-IMO-Adopted-Traffic-Separation-Schemes-on-the-ADMIRALTY-Chart-Series,Notice 17; scheme label: Off the south-west coast of Iceland: North-west of Garoskagi Point,UKHO-labelled document on third-party host; edition and currency unverified.,,,B04,Candidate recorded,Not established
TSS-0019,Norway and Iceland,Off the south-west coast of Iceland: South-west of the Reykjanes Peninsula,Source entry; component check pending,Provisional: official baseline reconciliation pending,Not researched,Not researched,,,,SRC-001,https://www.scribd.com/document/1014775753/1-1-IMO-Adopted-Traffic-Separation-Schemes-on-the-ADMIRALTY-Chart-Series,Notice 17; scheme label: Off the south-west coast of Iceland: South-west of the Reykjanes Peninsula,UKHO-labelled document on third-party host; edition and currency unverified.,,,B04,Candidate recorded,Not established
TSS-0020,Baltic Sea and approaches,"The Åland Sea: North Åland Sea, South Åland Sea",Source entry; component check pending,Provisional: official baseline reconciliation pending,Not researched,Not researched,,,Two named components appear within one source entry. Retain parent; reconcile component IDs.,SRC-001,https://www.scribd.com/document/1014775753/1-1-IMO-Adopted-Traffic-Separation-Schemes-on-the-ADMIRALTY-Chart-Series,"Notice 17; scheme label: The Åland Sea: North Åland Sea, South Åland Sea",UKHO-labelled document on third-party host; edition and currency unverified.,,,B04,Candidate recorded,Not established
TSS-0021,Baltic Sea and approaches,Off Sommers Island (Ostrov Sommers),Source entry; component check pending,Provisional: official baseline reconciliation pending,Not researched,Legacy GOFREP lead; direct association unverified,,SRS-006,Restored from the earlier v0.1 research leads. The checked Fintraffic pages do not identify this TSS by name. Direct authority/boundary verification is still required.,SRC-001,https://www.scribd.com/document/1014775753/1-1-IMO-Adopted-Traffic-Separation-Schemes-on-the-ADMIRALTY-Chart-Series,Notice 17; scheme label: Off Sommers Island (Ostrov Sommers),UKHO-labelled document on third-party host; edition and currency unverified.,SRC-011; SRC-012,"https://mastersguide.fintraffic.fi/en/gofrep-area
https://www.fintraffic.fi/sv/node/254",B05,Association proposed,2026-09-29
TSS-0022,Baltic Sea and approaches,Off Hogland (Gogland) Island (Ostrov Gogland),Source entry; component check pending,Provisional: official baseline reconciliation pending,Not researched,Legacy GOFREP lead; direct association unverified,,SRS-006,Restored from the earlier v0.1 research leads. The checked Fintraffic pages do not identify this TSS by name. Direct authority/boundary verification is still required.,SRC-001,https://www.scribd.com/document/1014775753/1-1-IMO-Adopted-Traffic-Separation-Schemes-on-the-ADMIRALTY-Chart-Series,Notice 17; scheme label: Off Hogland (Gogland) Island (Ostrov Gogland),UKHO-labelled document on third-party host; edition and currency unverified.,SRC-011; SRC-012,"https://mastersguide.fintraffic.fi/en/gofrep-area
https://www.fintraffic.fi/sv/node/254",B05,Association proposed,2026-09-29
TSS-0023,Baltic Sea and approaches,Off Rodsher Island (Ostrov Rodsher),Source entry; component check pending,Provisional: official baseline reconciliation pending,Not researched,Legacy GOFREP lead; direct association unverified,,SRS-006,Restored from the earlier v0.1 research leads. The checked Fintraffic pages do not identify this TSS by name. Direct authority/boundary verification is still required.,SRC-001,https://www.scribd.com/document/1014775753/1-1-IMO-Adopted-Traffic-Separation-Schemes-on-the-ADMIRALTY-Chart-Series,Notice 17; scheme label: Off Rodsher Island (Ostrov Rodsher),UKHO-labelled document on third-party host; edition and currency unverified.,SRC-011; SRC-012,"https://mastersguide.fintraffic.fi/en/gofrep-area
https://www.fintraffic.fi/sv/node/254",B05,Association proposed,2026-09-29
TSS-0024,Baltic Sea and approaches,Off Kalbådagrund Lighthouse,Source entry; component check pending,Provisional: official baseline reconciliation pending,Not established by reporting source,Authority evidence found,,SRS-006,,SRC-001,https://www.scribd.com/document/1014775753/1-1-IMO-Adopted-Traffic-Separation-Schemes-on-the-ADMIRALTY-Chart-Series,Notice 17; scheme label: Off Kalbådagrund Lighthouse,UKHO-labelled document on third-party host; edition and currency unverified.,SRC-011; SRC-012,"https://mastersguide.fintraffic.fi/en/gofrep-area
https://www.fintraffic.fi/sv/node/254",B05,Initial association evidenced,Identification screening only
TSS-0025,Baltic Sea and approaches,Off Porkkala Lighthouse,Source entry; component check pending,Provisional: official baseline reconciliation pending,Not established by reporting source,Authority evidence found,,SRS-006,,SRC-001,https://www.scribd.com/document/1014775753/1-1-IMO-Adopted-Traffic-Separation-Schemes-on-the-ADMIRALTY-Chart-Series,Notice 17; scheme label: Off Porkkala Lighthouse,UKHO-labelled document on third-party host; edition and currency unverified.,SRC-011; SRC-012,"https://mastersguide.fintraffic.fi/en/gofrep-area
https://www.fintraffic.fi/sv/node/254",B05,Initial association evidenced,Identification screening only
TSS-0026,Baltic Sea and approaches,Off Hankoniemi Peninsula (Hanko),Source entry; component check pending,Provisional: official baseline reconciliation pending,Not established by reporting source,Authority evidence found,,SRS-006,,SRC-001,https://www.scribd.com/document/1014775753/1-1-IMO-Adopted-Traffic-Separation-Schemes-on-the-ADMIRALTY-Chart-Series,Notice 17; scheme label: Off Hankoniemi Peninsula (Hanko),UKHO-labelled document on third-party host; edition and currency unverified.,SRC-011; SRC-012,"https://mastersguide.fintraffic.fi/en/gofrep-area
https://www.fintraffic.fi/sv/node/254",B06,Initial association evidenced,Identification screening only
TSS-0027,Baltic Sea and approaches,Off Köpu Peninsula (Hiiumaa Island),Source entry; component check pending,Provisional: official baseline reconciliation pending,Not established by reporting source,Authority evidence found,,SRS-006,,SRC-001,https://www.scribd.com/document/1014775753/1-1-IMO-Adopted-Traffic-Separation-Schemes-on-the-ADMIRALTY-Chart-Series,Notice 17; scheme label: Off Köpu Peninsula (Hiiumaa Island),UKHO-labelled document on third-party host; edition and currency unverified.,SRC-011; SRC-012,"https://mastersguide.fintraffic.fi/en/gofrep-area
https://www.fintraffic.fi/sv/node/254",B06,Initial association evidenced,Identification screening only
TSS-0028,Baltic Sea and approaches,North Hoburgs Bank,Source entry; component check pending,Provisional: official baseline reconciliation pending,Not researched,Not researched,,,,SRC-001,https://www.scribd.com/document/1014775753/1-1-IMO-Adopted-Traffic-Separation-Schemes-on-the-ADMIRALTY-Chart-Series,Notice 17; scheme label: North Hoburgs Bank,UKHO-labelled document on third-party host; edition and currency unverified.,,,B06,Candidate recorded,Not established
TSS-0029,Baltic Sea and approaches,South Hoburgs Bank,Source entry; component check pending,Provisional: official baseline reconciliation pending,Not researched,Not researched,,,,SRC-001,https://www.scribd.com/document/1014775753/1-1-IMO-Adopted-Traffic-Separation-Schemes-on-the-ADMIRALTY-Chart-Series,Notice 17; scheme label: South Hoburgs Bank,UKHO-labelled document on third-party host; edition and currency unverified.,,,B06,Candidate recorded,Not established
TSS-0030,Baltic Sea and approaches,West Klintehamn,Source entry; component check pending,Provisional: official baseline reconciliation pending,Not researched,Not researched,,,,SRC-001,https://www.scribd.com/document/1014775753/1-1-IMO-Adopted-Traffic-Separation-Schemes-on-the-ADMIRALTY-Chart-Series,Notice 17; scheme label: West Klintehamn,UKHO-labelled document on third-party host; edition and currency unverified.,,,B06,Candidate recorded,Not established
TSS-0031,Baltic Sea and approaches,Midsjöbankarna,Source entry; component check pending,Provisional: official baseline reconciliation pending,Not researched,Not researched,,,,SRC-001,https://www.scribd.com/document/1014775753/1-1-IMO-Adopted-Traffic-Separation-Schemes-on-the-ADMIRALTY-Chart-Series,Notice 17; scheme label: Midsjöbankarna,UKHO-labelled document on third-party host; edition and currency unverified.,,,B07,Candidate recorded,Not established
TSS-0032,Baltic Sea and approaches,Adlergrund,Source entry; component check pending,Provisional: official baseline reconciliation pending,Not researched,Not researched,,,,SRC-001,https://www.scribd.com/document/1014775753/1-1-IMO-Adopted-Traffic-Separation-Schemes-on-the-ADMIRALTY-Chart-Series,Notice 17; scheme label: Adlergrund,UKHO-labelled document on third-party host; edition and currency unverified.,,,B07,Candidate recorded,Not established
TSS-0033,Baltic Sea and approaches,Slupska Bank,Source entry; component check pending,Provisional: official baseline reconciliation pending,Not researched,Not researched,,,Check component names and amendments; do not assume this label represents one current scheme.,SRC-001,https://www.scribd.com/document/1014775753/1-1-IMO-Adopted-Traffic-Separation-Schemes-on-the-ADMIRALTY-Chart-Series,Notice 17; scheme label: Slupska Bank,UKHO-labelled document on third-party host; edition and currency unverified.,,,B07,Candidate recorded,Not established
TSS-0034,Baltic Sea and approaches,Off Öland Island,Source entry; component check pending,Provisional: official baseline reconciliation pending,Not researched,Not researched,,,,SRC-001,https://www.scribd.com/document/1014775753/1-1-IMO-Adopted-Traffic-Separation-Schemes-on-the-ADMIRALTY-Chart-Series,Notice 17; scheme label: Off Öland Island,UKHO-labelled document on third-party host; edition and currency unverified.,,,B07,Candidate recorded,Not established
TSS-0035,Baltic Sea and approaches,In Bornholmsgat,Source entry; component check pending,Provisional: official baseline reconciliation pending,Not researched,Not researched,,,,SRC-001,https://www.scribd.com/document/1014775753/1-1-IMO-Adopted-Traffic-Separation-Schemes-on-the-ADMIRALTY-Chart-Series,Notice 17; scheme label: In Bornholmsgat,UKHO-labelled document on third-party host; edition and currency unverified.,,,B07,Candidate recorded,Not established
TSS-0036,Baltic Sea and approaches,North of Rügen,Source entry; component check pending,Provisional: official baseline reconciliation pending,Not researched,Not researched,,,,SRC-001,https://www.scribd.com/document/1014775753/1-1-IMO-Adopted-Traffic-Separation-Schemes-on-the-ADMIRALTY-Chart-Series,Notice 17; scheme label: North of Rügen,UKHO-labelled document on third-party host; edition and currency unverified.,,,B08,Candidate recorded,Not established
TSS-0037,Baltic Sea and approaches,South of Gedser,Source entry; component check pending,Provisional: official baseline reconciliation pending,Not researched,Not researched,,,,SRC-001,https://www.scribd.com/document/1014775753/1-1-IMO-Adopted-Traffic-Separation-Schemes-on-the-ADMIRALTY-Chart-Series,Notice 17; scheme label: South of Gedser,UKHO-labelled document on third-party host; edition and currency unverified.,,,B08,Candidate recorded,Not established
TSS-0038,Baltic Sea and approaches,Between Korsoer and Sprogoe (Korsør and Sprogø),Source entry; component check pending,Provisional: official baseline reconciliation pending,Service association evidenced; boundary audit pending,Mandatory scheme association evidenced; applicability audit pending,VTS-002,SRS-002,"MSC.332(90), annex 2.1–2.2 and 6.2–6.4, explicitly names the relevant TSS. Detailed chart and current rule reconciliation remain pending.",SRC-001,https://www.scribd.com/document/1014775753/1-1-IMO-Adopted-Traffic-Separation-Schemes-on-the-ADMIRALTY-Chart-Series,Notice 17; scheme label: Between Korsoer and Sprogoe (Korsør and Sprogø),UKHO-labelled document on third-party host; edition and currency unverified.,SRC-008; SRC-015; SRC-020,"https://www.forsvaret.dk/da/organisation/soevaernet/civile-opgaver/beltrep/
https://www.forsvaret.dk/da/organisation/soevaernet/nationalt-maritimt-operationscenter/vts/
https://wwwcdn.imo.org/localresources/en/KnowledgeCentre/IndexofIMOResolutions/MSCResolutions/MSC.332(90).pdf",B08,Initial association evidenced,2026-09-29
TSS-0039,Baltic Sea and approaches,At Hatter Barn,Source entry; component check pending,Provisional: official baseline reconciliation pending,Service association evidenced; boundary audit pending,Mandatory scheme association evidenced; applicability audit pending,VTS-002,SRS-002,"MSC.332(90), annex 2.1–2.2 and 6.2–6.4, explicitly names the relevant TSS. Detailed chart and current rule reconciliation remain pending.",SRC-001,https://www.scribd.com/document/1014775753/1-1-IMO-Adopted-Traffic-Separation-Schemes-on-the-ADMIRALTY-Chart-Series,Notice 17; scheme label: At Hatter Barn,UKHO-labelled document on third-party host; edition and currency unverified.,SRC-008; SRC-015; SRC-020,"https://www.forsvaret.dk/da/organisation/soevaernet/civile-opgaver/beltrep/
https://www.forsvaret.dk/da/organisation/soevaernet/nationalt-maritimt-operationscenter/vts/
https://wwwcdn.imo.org/localresources/en/KnowledgeCentre/IndexofIMOResolutions/MSCResolutions/MSC.332(90).pdf",B08,Initial association evidenced,2026-09-29
TSS-0040,Baltic Sea and approaches,In The Sound,Source entry; component check pending,Provisional: official baseline reconciliation pending,Service association evidenced; boundary audit pending,Mandatory scheme association evidenced; applicability audit pending,VTS-003,SRS-003,"MSC.314(88), annex 6.2–6.3, names 'In the Sound' and 'Off Falsterbo'. Preserve the candidate label; formal alias reconciliation remains pending.",SRC-001,https://www.scribd.com/document/1014775753/1-1-IMO-Adopted-Traffic-Separation-Schemes-on-the-ADMIRALTY-Chart-Series,Notice 17; scheme label: In The Sound,UKHO-labelled document on third-party host; edition and currency unverified.,SRC-009; SRC-015; SRC-021,"https://www.sjofartsverket.se/en/services/maritime-traffic-information/soundrep/soundrep-information/about-soundrep/
https://www.forsvaret.dk/da/organisation/soevaernet/nationalt-maritimt-operationscenter/vts/
https://www.sjofartsverket.se/globalassets/tjanster/sjotrafiktjanster/msc.31488.pdf",B08,Initial association evidenced,2026-09-29
TSS-0041,Baltic Sea and approaches,Off Falsterborev,Source entry; component check pending,Provisional: official baseline reconciliation pending,Service association evidenced; boundary audit pending,Mandatory scheme association evidenced; applicability audit pending,VTS-003,SRS-003,"MSC.314(88), annex 6.2–6.3, names 'In the Sound' and 'Off Falsterbo'. Preserve the candidate label; formal alias reconciliation remains pending.",SRC-001,https://www.scribd.com/document/1014775753/1-1-IMO-Adopted-Traffic-Separation-Schemes-on-the-ADMIRALTY-Chart-Series,Notice 17; scheme label: Off Falsterborev,UKHO-labelled document on third-party host; edition and currency unverified.,SRC-009; SRC-015; SRC-021,"https://www.sjofartsverket.se/en/services/maritime-traffic-information/soundrep/soundrep-information/about-soundrep/
https://www.forsvaret.dk/da/organisation/soevaernet/nationalt-maritimt-operationscenter/vts/
https://www.sjofartsverket.se/globalassets/tjanster/sjotrafiktjanster/msc.31488.pdf",B09,Initial association evidenced,2026-09-29
TSS-0042,Baltic Sea and approaches,Off Kiel Lighthouse,Source entry; component check pending,Provisional: official baseline reconciliation pending,Not researched,Not researched,,,,SRC-001,https://www.scribd.com/document/1014775753/1-1-IMO-Adopted-Traffic-Separation-Schemes-on-the-ADMIRALTY-Chart-Series,Notice 17; scheme label: Off Kiel Lighthouse,UKHO-labelled document on third-party host; edition and currency unverified.,,,B09,Candidate recorded,Not established
TSS-0043,Baltic Sea and approaches,Gulf of Gdansk,Grouped source entry; two components identified,Provisional: official baseline reconciliation pending,Service association evidenced; boundary audit pending,Mandatory scheme association evidenced; applicability audit pending,VTS-015,SRS-007,"Authority explicitly identifies TSS East and TSS West within VTS Zatoka Gdańska. Children retained in TSS Components, without changing the parent-row count.",SRC-001,https://www.scribd.com/document/1014775753/1-1-IMO-Adopted-Traffic-Separation-Schemes-on-the-ADMIRALTY-Chart-Series,Notice 17; scheme label: Gulf of Gdansk,UKHO-labelled document on third-party host; edition and currency unverified.,SRC-019; SRC-010,"https://www.umgdy.gov.pl/en/marine-safety/vts-zatoka-gdanska-en/
https://www.transportstyrelsen.se/sv/sjofart/sjotrafik-och-hamnar/sjotrafikrapporteringssystem-srs/",B09,Initial association evidenced,2026-09-29
TSS-0044,Baltic Sea and approaches,In Norra Kvarken,Source entry; component check pending,Provisional: official baseline reconciliation pending,Not researched,Not researched,,,,SRC-001,https://www.scribd.com/document/1014775753/1-1-IMO-Adopted-Traffic-Separation-Schemes-on-the-ADMIRALTY-Chart-Series,Notice 17; scheme label: In Norra Kvarken,UKHO-labelled document on third-party host; edition and currency unverified.,,,B09,Candidate recorded,Not established
TSS-0045,Baltic Sea and approaches,In the vicinity of the Kattegat,Source entry; component check pending,Provisional: official baseline reconciliation pending,Not researched,Not researched,,,Area-level label. Reconcile component schemes and 2020 routeing changes.,SRC-001,https://www.scribd.com/document/1014775753/1-1-IMO-Adopted-Traffic-Separation-Schemes-on-the-ADMIRALTY-Chart-Series,Notice 17; scheme label: In the vicinity of the Kattegat,UKHO-labelled document on third-party host; edition and currency unverified.,,,B09,Candidate recorded,Not established
TSS-0046,North Sea continental coast,German Bight Western Approach,Source entry; single scheme on first-pass evidence,TSS identity confirmed (first pass); operational status: In force. Official baseline reconciliation pending.,Confirmed present: VTS-016,Unresolved,VTS-016,,"Official name found: German Bight western approach. Named in IMO COLREG.2/Circ.59 (MSC 83, 2007) as amended scheme with special provisions for the North Hinder to German Bight tanker route, implemented 1 May 2008 (S1); listed in IMO Ships' Routeing 2008 (S27) and Transportstyrelsen 2017 list (S4). German statute designates it a deep-water route (Tiefwasserweg) mandatory for large tankers (S6 Nr. 6). MSC 109 adopted a revised containership recommendation covering it from 1 July 2025 (lead S5). No evidence of renaming or restructuring by recent IMO amendments was found.",SRC-001,https://www.scribd.com/document/1014775753/1-1-IMO-Adopted-Traffic-Separation-Schemes-on-the-ADMIRALTY-Chart-Series,Notice 17; scheme label: German Bight Western Approach,UKHO-labelled document on third-party host; edition and currency unverified.,SRC-024; SRC-027; SRC-028; SRC-029; SRC-031; SRC-033; SRC-034; SRC-050,"https://cimrc.shmtu.edu.cn/_upload/article/files/63/dc/35c66be74d12873254dc88a2ef00/465d5392-0ba5-4f33-8e61-a48e3499b1b3.pdf
https://transportstyrelsen.se/globalassets/global/sjofart/dokument/sjotrafik_dok/ruttsystem.pdf
https://www.isesassociation.com/wp-content/uploads/2024/12/MSC_109_Summary_Report.pdf
https://www.gesetze-im-internet.de/anlbv_2004/anlage.html
https://www.wsa-weser-jade-nordsee.wsv.de/Webs/WSA/Weser-Jade-Nordsee/DE/Schifffahrt/Verkehrszentralen/verkehrsundrevierzentralen_node.html
https://www.elwis.de/DE/Seeschifffahrt/Verkehrs-und-Sicherheitsmanagement/Verkehrszentralen/Verkehrskanaele.pdf?__blob=publicationFile
https://epflicht.ulb.uni-bonn.de/download/pdf/564811
https://www.fpp.uni-lj.si/mma_bin.php?id=2011032217361737",B10,Initial association evidenced,2026-09-29
TSS-0047,North Sea continental coast,Elbe Approach,Source entry; single scheme on first-pass evidence,TSS identity confirmed (first pass); operational status: In force. Official baseline reconciliation pending.,"Confirmed present: VTS-018, VTS-016",Unresolved,VTS-018; VTS-016,,Official name found: Elbe approach. Listed as 'Elbe approach' in IMO Ships' Routeing 2008 (S27) and the Transportstyrelsen 2017 list of IMO schemes (S4). Adopting and latest amending circular not retrieved.,SRC-001,https://www.scribd.com/document/1014775753/1-1-IMO-Adopted-Traffic-Separation-Schemes-on-the-ADMIRALTY-Chart-Series,Notice 17; scheme label: Elbe Approach,UKHO-labelled document on third-party host; edition and currency unverified.,SRC-027; SRC-029; SRC-030; SRC-032; SRC-033; SRC-050,"https://transportstyrelsen.se/globalassets/global/sjofart/dokument/sjotrafik_dok/ruttsystem.pdf
https://www.gesetze-im-internet.de/anlbv_2004/anlage.html
https://www.elwis.de/DE/Schifffahrtsrecht/Seeschifffahrtsrecht/SeeSchStrO/Achter-Abschnitt/58/58-node.html
https://www.wsa-elbe-nordsee.wsv.de/Webs/WSA/Elbe-Nordsee/DE/2_Schifffahrt/4_Verkehrszentralen/2_Cuxhaven/Cuxhaven_node.html
https://www.elwis.de/DE/Seeschifffahrt/Verkehrs-und-Sicherheitsmanagement/Verkehrszentralen/Verkehrskanaele.pdf?__blob=publicationFile
https://www.fpp.uni-lj.si/mma_bin.php?id=2011032217361737",B10,Initial association evidenced,2026-09-29
TSS-0048,North Sea continental coast,Jade Approach,Source entry; single scheme on first-pass evidence,TSS identity confirmed (first pass); operational status: In force. Official baseline reconciliation pending.,Confirmed present: VTS-016,Unresolved,VTS-016,,Official name found: Jade approach. Listed as 'Jade approach' in IMO Ships' Routeing 2008 (S27) and Transportstyrelsen 2017 list (S4). WSV describes it as the link between Terschelling-German Bight and the Western Approach giving access to Weser and Jade from the north (S11). German statute places a pilot transfer position 'im Verkehrstrennungsgebiet Jade Approach' within the Inner German Bight (S6 Nr. 8).,SRC-001,https://www.scribd.com/document/1014775753/1-1-IMO-Adopted-Traffic-Separation-Schemes-on-the-ADMIRALTY-Chart-Series,Notice 17; scheme label: Jade Approach,UKHO-labelled document on third-party host; edition and currency unverified.,SRC-027; SRC-029; SRC-030; SRC-031; SRC-034; SRC-050,"https://transportstyrelsen.se/globalassets/global/sjofart/dokument/sjotrafik_dok/ruttsystem.pdf
https://www.gesetze-im-internet.de/anlbv_2004/anlage.html
https://www.elwis.de/DE/Schifffahrtsrecht/Seeschifffahrtsrecht/SeeSchStrO/Achter-Abschnitt/58/58-node.html
https://www.wsa-weser-jade-nordsee.wsv.de/Webs/WSA/Weser-Jade-Nordsee/DE/Schifffahrt/Verkehrszentralen/verkehrsundrevierzentralen_node.html
https://epflicht.ulb.uni-bonn.de/download/pdf/564811
https://www.fpp.uni-lj.si/mma_bin.php?id=2011032217361737",B10,Initial association evidenced,2026-09-29
TSS-0049,North Sea continental coast,Terschelling - German Bight,Source entry; single scheme on first-pass evidence,TSS identity confirmed (first pass); operational status: In force. Official baseline reconciliation pending.,Confirmed present: VTS-016,Unresolved,VTS-016,,"Official name found: Terschelling-German Bight. Amended by COLREG.2/Circ.59 (MSC 83, implemented 1 May 2008) (S1); listed in Ships' Routeing 2008 (S27) and Transportstyrelsen 2017 list (S4). MSC 109 containership recommendation from 1 July 2025 (lead S5).",SRC-001,https://www.scribd.com/document/1014775753/1-1-IMO-Adopted-Traffic-Separation-Schemes-on-the-ADMIRALTY-Chart-Series,Notice 17; scheme label: Terschelling - German Bight,UKHO-labelled document on third-party host; edition and currency unverified.,SRC-024; SRC-027; SRC-028; SRC-029; SRC-030; SRC-031; SRC-034; SRC-036; SRC-037; SRC-038; SRC-050,"https://cimrc.shmtu.edu.cn/_upload/article/files/63/dc/35c66be74d12873254dc88a2ef00/465d5392-0ba5-4f33-8e61-a48e3499b1b3.pdf
https://transportstyrelsen.se/globalassets/global/sjofart/dokument/sjotrafik_dok/ruttsystem.pdf
https://www.isesassociation.com/wp-content/uploads/2024/12/MSC_109_Summary_Report.pdf
https://www.gesetze-im-internet.de/anlbv_2004/anlage.html
https://www.elwis.de/DE/Schifffahrtsrecht/Seeschifffahrtsrecht/SeeSchStrO/Achter-Abschnitt/58/58-node.html
https://www.wsa-weser-jade-nordsee.wsv.de/Webs/WSA/Weser-Jade-Nordsee/DE/Schifffahrt/Verkehrszentralen/verkehrsundrevierzentralen_node.html
https://epflicht.ulb.uni-bonn.de/download/pdf/564811
https://kustwacht.nl/en/merchant-shipping/advice-for-container-ships-near-west-frisian-islands/
https://kustwacht.nl/hulpverlening/vtm/
https://kustwacht.nl/maritieme-organisaties/verkeerscentrales/
https://www.fpp.uni-lj.si/mma_bin.php?id=2011032217361737",B10,Initial association evidenced,2026-09-29
TSS-0050,North Sea continental coast,Vlieland North,"Source entry; 3 parts recorded (structure only, not a scheme count)",TSS identity confirmed (first pass); operational status: In force. Official baseline reconciliation pending.,Unresolved,Unresolved,,,"Official name found: Vlieland North (part of 'Off Vlieland, Vlieland North and Vlieland Junction'). COLREG.2/Circ.59 (MSC 83, implemented 1 May 2008) amended the special provisions of 'Off Vlieland, Vlieland North and Vlieland Junction' (S1). IMO Ships' Routeing 2008 treats these as one routeing system entry (S27). Component of the same system as TSS-0051.",SRC-001,https://www.scribd.com/document/1014775753/1-1-IMO-Adopted-Traffic-Separation-Schemes-on-the-ADMIRALTY-Chart-Series,Notice 17; scheme label: Vlieland North,UKHO-labelled document on third-party host; edition and currency unverified.,SRC-024; SRC-027; SRC-036; SRC-037; SRC-038; SRC-050,"https://cimrc.shmtu.edu.cn/_upload/article/files/63/dc/35c66be74d12873254dc88a2ef00/465d5392-0ba5-4f33-8e61-a48e3499b1b3.pdf
https://transportstyrelsen.se/globalassets/global/sjofart/dokument/sjotrafik_dok/ruttsystem.pdf
https://kustwacht.nl/en/merchant-shipping/advice-for-container-ships-near-west-frisian-islands/
https://kustwacht.nl/hulpverlening/vtm/
https://kustwacht.nl/maritieme-organisaties/verkeerscentrales/
https://www.fpp.uni-lj.si/mma_bin.php?id=2011032217361737",B10,Researched; unresolved,2026-09-29
TSS-0051,North Sea continental coast,Off Vlieland,"Source entry; 3 parts recorded (structure only, not a scheme count)",TSS identity confirmed (first pass); operational status: In force. Official baseline reconciliation pending.,Unresolved,Unresolved,,,"Official name found: Off Vlieland (part of 'Off Vlieland, Vlieland North and Vlieland Junction'). As TSS-0050: amended by COLREG.2/Circ.59, implemented 1 May 2008 (S1); single entry in Ships' Routeing 2008 (S27). MSC 109 containership recommendation covers 'Off Vlieland' from 1 July 2025 (lead S5).",SRC-001,https://www.scribd.com/document/1014775753/1-1-IMO-Adopted-Traffic-Separation-Schemes-on-the-ADMIRALTY-Chart-Series,Notice 17; scheme label: Off Vlieland,UKHO-labelled document on third-party host; edition and currency unverified.,SRC-024; SRC-027; SRC-028; SRC-036; SRC-037; SRC-038; SRC-050,"https://cimrc.shmtu.edu.cn/_upload/article/files/63/dc/35c66be74d12873254dc88a2ef00/465d5392-0ba5-4f33-8e61-a48e3499b1b3.pdf
https://transportstyrelsen.se/globalassets/global/sjofart/dokument/sjotrafik_dok/ruttsystem.pdf
https://www.isesassociation.com/wp-content/uploads/2024/12/MSC_109_Summary_Report.pdf
https://kustwacht.nl/en/merchant-shipping/advice-for-container-ships-near-west-frisian-islands/
https://kustwacht.nl/hulpverlening/vtm/
https://kustwacht.nl/maritieme-organisaties/verkeerscentrales/
https://www.fpp.uni-lj.si/mma_bin.php?id=2011032217361737",B11,Researched; unresolved,2026-09-29
TSS-0052,North Sea continental coast,Off Texel,Source entry; single scheme on first-pass evidence,TSS identity confirmed (first pass); operational status: In force. Official baseline reconciliation pending.,Unresolved,Unresolved,,,"Amended by COLREG.2/Circ.59 (implemented 1 May 2008) (S1); further amended by COLREG.2/Circ.64 (MSC 91, 2012), implemented 1 August 2013, per the Transportstyrelsen list (S4); Circ.64 text itself not retrieved.",SRC-001,https://www.scribd.com/document/1014775753/1-1-IMO-Adopted-Traffic-Separation-Schemes-on-the-ADMIRALTY-Chart-Series,Notice 17; scheme label: Off Texel,UKHO-labelled document on third-party host; edition and currency unverified.,SRC-024; SRC-027; SRC-037; SRC-038,"https://cimrc.shmtu.edu.cn/_upload/article/files/63/dc/35c66be74d12873254dc88a2ef00/465d5392-0ba5-4f33-8e61-a48e3499b1b3.pdf
https://transportstyrelsen.se/globalassets/global/sjofart/dokument/sjotrafik_dok/ruttsystem.pdf
https://kustwacht.nl/hulpverlening/vtm/
https://kustwacht.nl/maritieme-organisaties/verkeerscentrales/",B11,Researched; unresolved,2026-09-29
TSS-0053,North Sea continental coast,In the Approaches to IJmuiden,Source entry; single scheme on first-pass evidence,TSS identity confirmed (first pass); operational status: In force. Official baseline reconciliation pending.,Unresolved (lead: VTS-019),Unresolved,,,"Official name found: In the approaches to IJmuiden. New scheme adopted by MSC 91 and circulated as COLREG.2/Circ.64 (2012), implemented 1 August 2013, per Transportstyrelsen list (S4); associated precautionary areas in SN.1/Circ.317 (S4). Separate IMO deep-water route leading to IJmuiden listed in Ships' Routeing 2008 (S27). Circ.64 text not retrieved.",SRC-001,https://www.scribd.com/document/1014775753/1-1-IMO-Adopted-Traffic-Separation-Schemes-on-the-ADMIRALTY-Chart-Series,Notice 17; scheme label: In the Approaches to IJmuiden,UKHO-labelled document on third-party host; edition and currency unverified.,SRC-027; SRC-035; SRC-050,"https://transportstyrelsen.se/globalassets/global/sjofart/dokument/sjotrafik_dok/ruttsystem.pdf
https://www.portofamsterdam.com/sites/default/files/2025-09/2025-479_VTS%20communicatieregeling%202.0%20def_NLEN_rev.pdf
https://www.fpp.uni-lj.si/mma_bin.php?id=2011032217361737",B11,Association proposed,2026-09-29
TSS-0054,North Sea continental coast,Off Brown Ridge,Source entry; single scheme on first-pass evidence,TSS identity provisional (first pass); operational status: Not established. Official baseline reconciliation pending.,Unresolved,Unresolved,,,Existence of a TSS 'Off Brown Ridge' is indicated only by leads: Wikipedia list 'Brown Ridge' (S30) and search snippets describing a deep-water route linking TSS Off Brown Ridge to TSS West Friesland and the 1 August 2013 Dutch re-routeing. Not found in Ships' Routeing 2008 contents (S27) or Transportstyrelsen 2017 list (S4) as a separate entry; may be a component of 'Off Friesland' or of the 2013 Dutch routeing package. Adopting instrument not retrieved.,SRC-001,https://www.scribd.com/document/1014775753/1-1-IMO-Adopted-Traffic-Separation-Schemes-on-the-ADMIRALTY-Chart-Series,Notice 17; scheme label: Off Brown Ridge,UKHO-labelled document on third-party host; edition and currency unverified.,SRC-027; SRC-050; SRC-053,"https://transportstyrelsen.se/globalassets/global/sjofart/dokument/sjotrafik_dok/ruttsystem.pdf
https://www.fpp.uni-lj.si/mma_bin.php?id=2011032217361737
https://en.wikipedia.org/wiki/List_of_traffic_separation_schemes",B11,Researched; unresolved,2026-09-29
TSS-0055,North Sea continental coast,West Friesland,"Source entry; 5 parts recorded (structure only, not a scheme count)",TSS identity confirmed (first pass); operational status: In force. Official baseline reconciliation pending.,Unresolved,Unresolved,,,"Official name found: West Friesland scheme (part of routeing system 'Off Friesland'). Component of the 'Off Friesland' routeing system; amended by COLREG.2/Circ.66 (MSC 94, 21 November 2014), implemented 1 June 2015 (S2), corrected by COLREG.2/Circ.66/Corr.1 (MSC 96, 2016, immediate effect) (S3). MSC 109 containership recommendation covers 'Off Friesland' from 1 July 2025 (lead S5).",SRC-001,https://www.scribd.com/document/1014775753/1-1-IMO-Adopted-Traffic-Separation-Schemes-on-the-ADMIRALTY-Chart-Series,Notice 17; scheme label: West Friesland,UKHO-labelled document on third-party host; edition and currency unverified.,SRC-024; SRC-025; SRC-026; SRC-028; SRC-037; SRC-038,"https://cimrc.shmtu.edu.cn/_upload/article/files/63/dc/35c66be74d12873254dc88a2ef00/465d5392-0ba5-4f33-8e61-a48e3499b1b3.pdf
https://www.vimawa.gov.vn/f/Circ%2066.pdf
https://mindev.gov.ua/storage/app/sites/1/uploaded-files/colreg2-circ66-corr1-corrigendum-secretariat.pdf
https://www.isesassociation.com/wp-content/uploads/2024/12/MSC_109_Summary_Report.pdf
https://kustwacht.nl/hulpverlening/vtm/
https://kustwacht.nl/maritieme-organisaties/verkeerscentrales/",B11,Researched; unresolved,2026-09-29
TSS-0056,North Sea continental coast,North Friesland,"Source entry; 3 parts recorded (structure only, not a scheme count)",TSS identity confirmed (first pass); operational status: In force. Official baseline reconciliation pending.,Unresolved,Unresolved,,,"Official name found: North Friesland scheme (part of routeing system 'Off Friesland'). Established within 'Off Friesland' by COLREG.2/Circ.66 (implemented 1 June 2015), with separation zones around 54° 00' to 54° 05' N, 004° 40' to 005° 06' E (S2, S3). Dutch offshore scheme, not the German North Frisian coast. Lead (search summary) says it replaced the Friesland Junction precautionary area; not verified in retrieved text.",SRC-001,https://www.scribd.com/document/1014775753/1-1-IMO-Adopted-Traffic-Separation-Schemes-on-the-ADMIRALTY-Chart-Series,Notice 17; scheme label: North Friesland,UKHO-labelled document on third-party host; edition and currency unverified.,SRC-025; SRC-026; SRC-037; SRC-038,"https://www.vimawa.gov.vn/f/Circ%2066.pdf
https://mindev.gov.ua/storage/app/sites/1/uploaded-files/colreg2-circ66-corr1-corrigendum-secretariat.pdf
https://kustwacht.nl/hulpverlening/vtm/
https://kustwacht.nl/maritieme-organisaties/verkeerscentrales/",B12,Researched; unresolved,2026-09-29
TSS-0057,North Sea continental coast,East Friesland,"Source entry; 3 parts recorded (structure only, not a scheme count)",TSS identity confirmed (first pass); operational status: In force. Official baseline reconciliation pending.,Unresolved,Unresolved,,,"Official name found: East Friesland scheme (part of routeing system 'Off Friesland'). Amended within 'Off Friesland' by COLREG.2/Circ.66 (implemented 1 June 2015) and Corr.1 (2016) (S2, S3). Dutch offshore scheme around 54° 02' to 54° 06' N, 005° 08' to 005° 10' E at its western boundary; not the German East Frisian coast.",SRC-001,https://www.scribd.com/document/1014775753/1-1-IMO-Adopted-Traffic-Separation-Schemes-on-the-ADMIRALTY-Chart-Series,Notice 17; scheme label: East Friesland,UKHO-labelled document on third-party host; edition and currency unverified.,SRC-025; SRC-026; SRC-037; SRC-038,"https://www.vimawa.gov.vn/f/Circ%2066.pdf
https://mindev.gov.ua/storage/app/sites/1/uploaded-files/colreg2-circ66-corr1-corrigendum-secretariat.pdf
https://kustwacht.nl/hulpverlening/vtm/
https://kustwacht.nl/maritieme-organisaties/verkeerscentrales/",B12,Researched; unresolved,2026-09-29
TSS-0058,North Sea continental coast,Off Botney Ground,Source entry; single scheme on first-pass evidence,TSS identity confirmed (first pass); operational status: In force. Official baseline reconciliation pending.,Unresolved,Unresolved,,,Official name found: Off Botney Ground (part of western route of routeing system 'Off Friesland'). COLREG.2/Circ.59 names 'TSS Off Botney Ground' as part of the alternative western route of the routeing system 'Off Friesland' for deep-draught tankers (S1). Not a separate entry in Ships' Routeing 2008 contents (S27). Currency after 2015 not separately verified.,SRC-001,https://www.scribd.com/document/1014775753/1-1-IMO-Adopted-Traffic-Separation-Schemes-on-the-ADMIRALTY-Chart-Series,Notice 17; scheme label: Off Botney Ground,UKHO-labelled document on third-party host; edition and currency unverified.,SRC-024; SRC-050; SRC-053,"https://cimrc.shmtu.edu.cn/_upload/article/files/63/dc/35c66be74d12873254dc88a2ef00/465d5392-0ba5-4f33-8e61-a48e3499b1b3.pdf
https://www.fpp.uni-lj.si/mma_bin.php?id=2011032217361737
https://en.wikipedia.org/wiki/List_of_traffic_separation_schemes",B12,Researched; unresolved,2026-09-29
TSS-0059,"France, Iberia and Canary Islands",Off Ushant (Île d'Ouessant),Source entry; single scheme on first-pass evidence,TSS identity confirmed (first pass); operational status: In force. Official baseline reconciliation pending.,Confirmed present: VTS-021,Confirmed present: SRS-009,VTS-021,SRS-009,"Official name found: Off Ushant. Amended by COLREG.2/Circ.51 (MSC 75), implemented 1 May 2003 (S18); further amended by COLREG.2/Circ.64 (MSC 91), implemented 1 June 2013 per search result (Circ.64 text not retrieved). French ministry 2024 confirms DST Ouessant under CROSS Corsen (S19).",SRC-001,https://www.scribd.com/document/1014775753/1-1-IMO-Adopted-Traffic-Separation-Schemes-on-the-ADMIRALTY-Chart-Series,Notice 17; scheme label: Off Ushant (Île d'Ouessant),UKHO-labelled document on third-party host; edition and currency unverified.,SRC-039; SRC-040; SRC-041; SRC-042,"https://wwwcdn.imo.org/localresources/en/KnowledgeCentre/IndexofIMOResolutions/MSCResolutions/MSC.52(66).pdf
https://wwwcdn.imo.org/localresources/en/KnowledgeCentre/IndexofIMOResolutions/MSCResolutions/MSC.251(83).pdf
https://cimrc.shmtu.edu.cn/_upload/article/files/63/dc/35c66be74d12873254dc88a2ef00/a4f3f58b-c400-41cb-858b-89dccee63151.pdf
https://www.statistiques.developpement-durable.gouv.fr/edition-numerique/chiffres-cles-mer-littoral/18-surveillance-de-la-navigation-maritime",B12,Initial association evidenced,2026-09-29
TSS-0060,"France, Iberia and Canary Islands",Off Finisterre,Source entry; single scheme on first-pass evidence,TSS identity confirmed (first pass); operational status: In force. Official baseline reconciliation pending.,Confirmed present: VTS-022,Confirmed present: SRS-010,VTS-022,SRS-010,"Originally adopted by A.767(18) (cited in S20); amended by A.957(23), implemented 1 June 2004, adding lanes for ships carrying dangerous or pollutant cargoes in bulk (S21). Listed in Ships' Routeing 2008 (S27).",SRC-001,https://www.scribd.com/document/1014775753/1-1-IMO-Adopted-Traffic-Separation-Schemes-on-the-ADMIRALTY-Chart-Series,Notice 17; scheme label: Off Finisterre,UKHO-labelled document on third-party host; edition and currency unverified.,SRC-043; SRC-044; SRC-045; SRC-050,"https://wwwcdn.imo.org/localresources/en/KnowledgeCentre/IndexofIMOResolutions/MSCResolutions/MSC.63(67).pdf
https://wwwcdn.imo.org/localresources/en/KnowledgeCentre/IndexofIMOResolutions/AssemblyDocuments/A.957(23).pdf
https://metropolitano.gal/extra/el-centro-de-coordinacion-de-salvamento-maritimo-de-vigo-rescato-a-316-personas-en-el-2024
https://www.fpp.uni-lj.si/mma_bin.php?id=2011032217361737",B12,Initial association evidenced,2026-09-29
TSS-0061,"France, Iberia and Canary Islands",Off Cape Roca (Cabo da Roca),Source entry; single scheme on first-pass evidence,TSS identity confirmed (first pass); operational status: In force. Official baseline reconciliation pending.,Confirmed present: VTS-023,Confirmed present: SRS-011,VTS-023,SRS-011,"Official name found: Off Cape Roca. Amended by MSC 79 (December 2004) with entry into force 1 July 2005 (S23 preamble) and again by COLREG.2/Circ.61 (MSC 87), implemented 1 December 2010 (S26). Established in Portuguese law as 'EST do cabo da Roca' (S23 art. 4).",SRC-001,https://www.scribd.com/document/1014775753/1-1-IMO-Adopted-Traffic-Separation-Schemes-on-the-ADMIRALTY-Chart-Series,Notice 17; scheme label: Off Cape Roca (Cabo da Roca),UKHO-labelled document on third-party host; edition and currency unverified.,SRC-046; SRC-047; SRC-048; SRC-049,"https://www.marinha.pt/Conteudos_Externos/LexMar2/PGPAT%20100/PGPAT%201000%20-%20Cap%C3%ADtulos/Capitulo%20K%20EST/Decreto-Lei%20198-2006%20(19OUT2006).pdf
https://www.marinha.pt/Conteudos_Externos/LexMar2/PGPAT%20100/PGPAT%201000%20-%20Cap%C3%ADtulos/Capitulo%20K%20EST/Dec.%20Lei%20263_2009,%20de%2028Set.pdf
https://wwwcdn.imo.org/localresources/en/KnowledgeCentre/IndexofIMOResolutions/MSCResolutions/MSC.278(85).pdf
https://cimrc.shmtu.edu.cn/_upload/article/files/63/dc/35c66be74d12873254dc88a2ef00/25e2ceb4-d2d9-4cf2-b55b-cdb3d56001b5.pdf",B13,Initial association evidenced,2026-09-29
TSS-0062,"France, Iberia and Canary Islands",Off Cape St. Vicente (Cabo de São Vicente),Source entry; single scheme on first-pass evidence,TSS identity confirmed (first pass); operational status: In force. Official baseline reconciliation pending.,Confirmed present: VTS-023,Confirmed present: SRS-011,VTS-023,SRS-011,"Official name found: Off Cape S. Vicente. Amended by MSC 79 (in force 1 July 2005) (S23 preamble) and COLREG.2/Circ.61, implemented 1 December 2010 (S26). 'EST do cabo de São Vicente' in Portuguese law (S23 art. 4).",SRC-001,https://www.scribd.com/document/1014775753/1-1-IMO-Adopted-Traffic-Separation-Schemes-on-the-ADMIRALTY-Chart-Series,Notice 17; scheme label: Off Cape St. Vicente (Cabo de São Vicente),UKHO-labelled document on third-party host; edition and currency unverified.,SRC-046; SRC-047; SRC-048; SRC-049,"https://www.marinha.pt/Conteudos_Externos/LexMar2/PGPAT%20100/PGPAT%201000%20-%20Cap%C3%ADtulos/Capitulo%20K%20EST/Decreto-Lei%20198-2006%20(19OUT2006).pdf
https://www.marinha.pt/Conteudos_Externos/LexMar2/PGPAT%20100/PGPAT%201000%20-%20Cap%C3%ADtulos/Capitulo%20K%20EST/Dec.%20Lei%20263_2009,%20de%2028Set.pdf
https://wwwcdn.imo.org/localresources/en/KnowledgeCentre/IndexofIMOResolutions/MSCResolutions/MSC.278(85).pdf
https://cimrc.shmtu.edu.cn/_upload/article/files/63/dc/35c66be74d12873254dc88a2ef00/25e2ceb4-d2d9-4cf2-b55b-cdb3d56001b5.pdf",B13,Initial association evidenced,2026-09-29
TSS-0063,"France, Iberia and Canary Islands",At Banco del Hoyo,Source entry; single scheme on first-pass evidence,TSS identity provisional (first pass); operational status: In force. Official baseline reconciliation pending.,Unresolved,Unresolved,,,"Listed in IMO Ships' Routeing 2008 contents, Section II Western European waters, page II/32, after Off Cape S. Vicente (S27), and in Transportstyrelsen 2017 list as adopted by A.284(VIII) 1973 with no later amendment (S4). Location, coordinates and responsible State not retrieved.",SRC-001,https://www.scribd.com/document/1014775753/1-1-IMO-Adopted-Traffic-Separation-Schemes-on-the-ADMIRALTY-Chart-Series,Notice 17; scheme label: At Banco del Hoyo,UKHO-labelled document on third-party host; edition and currency unverified.,SRC-027; SRC-043; SRC-050; SRC-053,"https://transportstyrelsen.se/globalassets/global/sjofart/dokument/sjotrafik_dok/ruttsystem.pdf
https://wwwcdn.imo.org/localresources/en/KnowledgeCentre/IndexofIMOResolutions/MSCResolutions/MSC.63(67).pdf
https://www.fpp.uni-lj.si/mma_bin.php?id=2011032217361737
https://en.wikipedia.org/wiki/List_of_traffic_separation_schemes",B13,Researched; unresolved,2026-09-29
TSS-0064,"France, Iberia and Canary Islands",Between Grand Canary and Tenerife,Source entry; single scheme on first-pass evidence,TSS identity confirmed (first pass); operational status: In force. Official baseline reconciliation pending.,Unresolved,Confirmed present: SRS-012,,SRS-012,"Official name found: Western Traffic Separation Scheme (between Grand Canary and Tenerife), part of the Canary Islands schemes. New scheme adopted by MSC 81 in COLREG.2/Circ.57 (26 May 2006), implemented 1 December 2006 (S28). Listed as 'Between Grand Canary and Tenerife' in Ships' Routeing 2008 (S27).",SRC-001,https://www.scribd.com/document/1014775753/1-1-IMO-Adopted-Traffic-Separation-Schemes-on-the-ADMIRALTY-Chart-Series,Notice 17; scheme label: Between Grand Canary and Tenerife,UKHO-labelled document on third-party host; edition and currency unverified.,SRC-050; SRC-051; SRC-052,"https://www.fpp.uni-lj.si/mma_bin.php?id=2011032217361737
https://cimrc.shmtu.edu.cn/_upload/article/files/63/dc/35c66be74d12873254dc88a2ef00/8c6a3c5f-5a85-4450-980a-5534de9fcd0a.pdf
https://wwwcdn.imo.org/localresources/en/KnowledgeCentre/IndexofIMOResolutions/MSCResolutions/MSC.213(81).pdf",B13,Initial association evidenced,2026-09-29
TSS-0065,"France, Iberia and Canary Islands",Between Grand Canary and Fuerteventura,Source entry; single scheme on first-pass evidence,TSS identity confirmed (first pass); operational status: In force. Official baseline reconciliation pending.,Unresolved,Confirmed present: SRS-012,,SRS-012,"Official name found: Eastern Traffic Separation Scheme (between Grand Canary and Fuerteventura), part of the Canary Islands schemes. New scheme in COLREG.2/Circ.57, implemented 1 December 2006 (S28); includes a precautionary area and inshore traffic zone. Listed in Ships' Routeing 2008 (S27).",SRC-001,https://www.scribd.com/document/1014775753/1-1-IMO-Adopted-Traffic-Separation-Schemes-on-the-ADMIRALTY-Chart-Series,Notice 17; scheme label: Between Grand Canary and Fuerteventura,UKHO-labelled document on third-party host; edition and currency unverified.,SRC-050; SRC-051; SRC-052,"https://www.fpp.uni-lj.si/mma_bin.php?id=2011032217361737
https://cimrc.shmtu.edu.cn/_upload/article/files/63/dc/35c66be74d12873254dc88a2ef00/8c6a3c5f-5a85-4450-980a-5534de9fcd0a.pdf
https://wwwcdn.imo.org/localresources/en/KnowledgeCentre/IndexofIMOResolutions/MSCResolutions/MSC.213(81).pdf",B13,Initial association evidenced,2026-09-29
TSS-0066,Mediterranean and Black Seas,In the Strait of Gibraltar,Source entry; single scheme on first-pass evidence,TSS identity confirmed (first pass); operational status: In force. Official baseline reconciliation pending.,"Confirmed present: VTS-025, VTS-026",Confirmed present: SRS-015,VTS-025; VTS-026,SRS-015,"Listed as amended scheme in COLREG.2/Circ.40 (implemented 24 Nov 1994) and COLREG.2/Circ.58 (MSC 82, implemented 1 July 2007); MSC.300(87) (2010) refers to the amended TSS within the GIBREP area. Earlier original adoption not traced.",SRC-001,https://www.scribd.com/document/1014775753/1-1-IMO-Adopted-Traffic-Separation-Schemes-on-the-ADMIRALTY-Chart-Series,Notice 17; scheme label: In the Strait of Gibraltar,UKHO-labelled document on third-party host; edition and currency unverified.,SRC-054; SRC-055; SRC-056; SRC-059,"https://www.transportstyrelsen.se/globalassets/global/sjofart/dokument/sjotrafik_dok/imo_colreg.2_cirkular.pdf?id=58526
https://wwwcdn.imo.org/localresources/en/KnowledgeCentre/IndexofIMOResolutions/MSCResolutions/MSC.300(87).pdf
https://www.transportes.gob.es/recursos_mfom/comodin/recursos/06_los_dst_autopistas_del_mar.pdf
https://transportstyrelsen.se/globalassets/global/sjofart/dokument/sjotrafik_dok/mandatory-and-recommended-srs.pdf",B14,Initial association evidenced,2026-09-29
TSS-0067,Mediterranean and Black Seas,Off Cabo de Gata,Source entry; single scheme on first-pass evidence,TSS identity confirmed (first pass); operational status: In force. Official baseline reconciliation pending.,Confirmed present: VTS-027,Unresolved,VTS-027,,"New scheme in COLREG.2/Circ.44 (MSC 69, implemented 1 Dec 1998); amended by COLREG.2/Circ.57 (MSC 81, implemented 1 Dec 2006). Amended scheme includes an inshore traffic zone.",SRC-001,https://www.scribd.com/document/1014775753/1-1-IMO-Adopted-Traffic-Separation-Schemes-on-the-ADMIRALTY-Chart-Series,Notice 17; scheme label: Off Cabo de Gata,UKHO-labelled document on third-party host; edition and currency unverified.,SRC-054; SRC-056; SRC-057,"https://www.transportstyrelsen.se/globalassets/global/sjofart/dokument/sjotrafik_dok/imo_colreg.2_cirkular.pdf?id=58526
https://www.transportes.gob.es/recursos_mfom/comodin/recursos/06_los_dst_autopistas_del_mar.pdf
https://www.lamoncloa.gob.es/serviciosdeprensa/notasprensa/mfom/Paginas/2015/140115-tarifa.aspx",B14,Initial association evidenced,2026-09-29
TSS-0068,Mediterranean and Black Seas,Off Cape Palos (Cabo de Palos),Source entry; single scheme on first-pass evidence,TSS identity confirmed (first pass); operational status: In force. Official baseline reconciliation pending.,Unresolved (lead: VTS-028),Unresolved,,,"Official name found: Off Cape Palos. New scheme in COLREG.2/Circ.52 (MSC 76, implemented 1 July 2003). S11 (2025) lists cabo de Palos among Spain's existing DSTs.",SRC-001,https://www.scribd.com/document/1014775753/1-1-IMO-Adopted-Traffic-Separation-Schemes-on-the-ADMIRALTY-Chart-Series,Notice 17; scheme label: Off Cape Palos (Cabo de Palos),UKHO-labelled document on third-party host; edition and currency unverified.,SRC-054; SRC-056,"https://www.transportstyrelsen.se/globalassets/global/sjofart/dokument/sjotrafik_dok/imo_colreg.2_cirkular.pdf?id=58526
https://www.transportes.gob.es/recursos_mfom/comodin/recursos/06_los_dst_autopistas_del_mar.pdf",B14,Association proposed,2026-09-29
TSS-0069,Mediterranean and Black Seas,Off Cape la Nao (Cabo de la Nao),Source entry; single scheme on first-pass evidence,TSS identity confirmed (first pass); operational status: In force. Official baseline reconciliation pending.,Unresolved (lead: VTS-029),Unresolved,,,"Official name found: Off Cape La Nao. New scheme in COLREG.2/Circ.52 (MSC 76, implemented 1 July 2003); reference chart Spanish IHM chart 47. S11 (2025) lists cabo de la Nao among Spain's DSTs.",SRC-001,https://www.scribd.com/document/1014775753/1-1-IMO-Adopted-Traffic-Separation-Schemes-on-the-ADMIRALTY-Chart-Series,Notice 17; scheme label: Off Cape la Nao (Cabo de la Nao),UKHO-labelled document on third-party host; edition and currency unverified.,SRC-054; SRC-056,"https://www.transportstyrelsen.se/globalassets/global/sjofart/dokument/sjotrafik_dok/imo_colreg.2_cirkular.pdf?id=58526
https://www.transportes.gob.es/recursos_mfom/comodin/recursos/06_los_dst_autopistas_del_mar.pdf",B14,Association proposed,2026-09-29
TSS-0070,Mediterranean and Black Seas,Off Cani Island (Îles Cani),Source entry; single scheme on first-pass evidence,TSS identity confirmed (first pass); operational status: In force. Official baseline reconciliation pending.,Unresolved,Unresolved,,,"Official name found: North of Cani Island (Off Cani Island). Tunisian scheme (Îles Cani, off Bizerte coast), not the Bonifacio Strait. Amended by COLREG.2/Circ.58 (MSC 82, implemented 1 July 2007) together with Off Cape Bon; reference chart 150-DST of the Tunisian Hydrographic and Oceanographic Service. Original scheme reported operating since 1 Aug 1970 (search snippet from NOAA document, lead only).",SRC-001,https://www.scribd.com/document/1014775753/1-1-IMO-Adopted-Traffic-Separation-Schemes-on-the-ADMIRALTY-Chart-Series,Notice 17; scheme label: Off Cani Island (Îles Cani),UKHO-labelled document on third-party host; edition and currency unverified.,SRC-054; SRC-059,"https://www.transportstyrelsen.se/globalassets/global/sjofart/dokument/sjotrafik_dok/imo_colreg.2_cirkular.pdf?id=58526
https://transportstyrelsen.se/globalassets/global/sjofart/dokument/sjotrafik_dok/mandatory-and-recommended-srs.pdf",B14,Researched; unresolved,2026-09-29
TSS-0071,Mediterranean and Black Seas,Off Cape Bon (Cap Bon),Source entry; single scheme on first-pass evidence,TSS identity confirmed (first pass); operational status: In force. Official baseline reconciliation pending.,Unresolved,Unresolved,,,"Official name found: North of Cape Bon (Off Cape Bon). Amended by COLREG.2/Circ.58 (MSC 82, implemented 1 July 2007) with Off Cani Island; reference chart 150-DST (Tunisia). Original scheme reported operating since 1 Aug 1970 (lead only).",SRC-001,https://www.scribd.com/document/1014775753/1-1-IMO-Adopted-Traffic-Separation-Schemes-on-the-ADMIRALTY-Chart-Series,Notice 17; scheme label: Off Cape Bon (Cap Bon),UKHO-labelled document on third-party host; edition and currency unverified.,SRC-054; SRC-059,"https://www.transportstyrelsen.se/globalassets/global/sjofart/dokument/sjotrafik_dok/imo_colreg.2_cirkular.pdf?id=58526
https://transportstyrelsen.se/globalassets/global/sjofart/dokument/sjotrafik_dok/mandatory-and-recommended-srs.pdf",B15,Researched; unresolved,2026-09-29
TSS-0072,Mediterranean and Black Seas,In the Corsica Channel,Source entry; single scheme on first-pass evidence,TSS identity confirmed (first pass); operational status: In force. Official baseline reconciliation pending.,Unresolved,Unresolved,,,"New scheme in COLREG.2/Circ.67 (MSC 96, implemented 1 Dec 2016), between Cap Corse and Isola Capraia, with ITZ along the Corsican coast; reference charts SHOM 7013 and IIM 40.",SRC-001,https://www.scribd.com/document/1014775753/1-1-IMO-Adopted-Traffic-Separation-Schemes-on-the-ADMIRALTY-Chart-Series,Notice 17; scheme label: In the Corsica Channel,UKHO-labelled document on third-party host; edition and currency unverified.,SRC-054; SRC-063; SRC-064; SRC-059,"https://www.transportstyrelsen.se/globalassets/global/sjofart/dokument/sjotrafik_dok/imo_colreg.2_cirkular.pdf?id=58526
https://www.guardiacostiera.gov.it/portale/vessel-traffic-service
https://documenti.camera.it/leg19/documentiAcquisiti/COM08/Audizioni/leg19.com08.Audizioni.Memoria.PUBBLICO.ideGes.7923.15-06-2023-16-25-26.360.pdf
https://transportstyrelsen.se/globalassets/global/sjofart/dokument/sjotrafik_dok/mandatory-and-recommended-srs.pdf",B15,Researched; unresolved,2026-09-29
TSS-0073,Mediterranean and Black Seas,In the Adriatic Sea: In the North Adriatic Sea,"Source entry; 3 parts recorded (structure only, not a scheme count)",TSS identity confirmed (first pass); operational status: In force. Official baseline reconciliation pending.,Unresolved (lead: VTS-033),Confirmed present: SRS-016,,SRS-016,"Official name found: In the North Adriatic Sea (eastern part and western part), part of 'In the Adriatic Sea'. Adopted in COLREG.2/Circ.54 annex 3 (MSC 78, implemented 1 Dec 2004); western part amended by COLREG.2/Circ.58 (implemented 1 July 2007). Includes precautionary area at southern limits.",SRC-001,https://www.scribd.com/document/1014775753/1-1-IMO-Adopted-Traffic-Separation-Schemes-on-the-ADMIRALTY-Chart-Series,Notice 17; scheme label: In the Adriatic Sea: In the North Adriatic Sea,UKHO-labelled document on third-party host; edition and currency unverified.,SRC-054; SRC-058; SRC-065,"https://www.transportstyrelsen.se/globalassets/global/sjofart/dokument/sjotrafik_dok/imo_colreg.2_cirkular.pdf?id=58526
https://wwwcdn.imo.org/localresources/en/KnowledgeCentre/IndexofIMOResolutions/MSCResolutions/MSC.598(111).pdf
https://www.hhi.hr/Portals/0/adam/HHI/a14_Qn4yJECeVbpwF_KLag/CouponFiles/VTS_RS_2015.pdf",B15,Initial association evidenced,2026-09-29
TSS-0074,Mediterranean and Black Seas,In the Adriatic Sea: Approaches to the Gulf of Trieste,Source entry; single scheme on first-pass evidence,TSS identity confirmed (first pass); operational status: In force. Official baseline reconciliation pending.,Unresolved (lead: VTS-033),Confirmed present: SRS-016,,SRS-016,"Official name found: Approaches to Gulf of Trieste. Component of 'In the Adriatic Sea', COLREG.2/Circ.54 annex 3 (implemented 1 Dec 2004); separation line 45°07'.50N 013°00'.37E to 45°19'.00N 012°56'.87E.",SRC-001,https://www.scribd.com/document/1014775753/1-1-IMO-Adopted-Traffic-Separation-Schemes-on-the-ADMIRALTY-Chart-Series,Notice 17; scheme label: In the Adriatic Sea: Approaches to the Gulf of Trieste,UKHO-labelled document on third-party host; edition and currency unverified.,SRC-054; SRC-058; SRC-065,"https://www.transportstyrelsen.se/globalassets/global/sjofart/dokument/sjotrafik_dok/imo_colreg.2_cirkular.pdf?id=58526
https://wwwcdn.imo.org/localresources/en/KnowledgeCentre/IndexofIMOResolutions/MSCResolutions/MSC.598(111).pdf
https://www.hhi.hr/Portals/0/adam/HHI/a14_Qn4yJECeVbpwF_KLag/CouponFiles/VTS_RS_2015.pdf",B15,Initial association evidenced,2026-09-29
TSS-0075,Mediterranean and Black Seas,In the Adriatic Sea: Approaches to the Gulf of Venice,Source entry; single scheme on first-pass evidence,TSS identity confirmed (first pass); operational status: In force. Official baseline reconciliation pending.,Confirmed present: VTS-032,Confirmed present: SRS-016,VTS-032,SRS-016,"Official name found: Approaches to Gulf of Venice. Component of 'In the Adriatic Sea', COLREG.2/Circ.54 annex 3 (implemented 1 Dec 2004); separation zone amended by COLREG.2/Circ.58 (implemented 1 July 2007).",SRC-001,https://www.scribd.com/document/1014775753/1-1-IMO-Adopted-Traffic-Separation-Schemes-on-the-ADMIRALTY-Chart-Series,Notice 17; scheme label: In the Adriatic Sea: Approaches to the Gulf of Venice,UKHO-labelled document on third-party host; edition and currency unverified.,SRC-054; SRC-058; SRC-062; SRC-063,"https://www.transportstyrelsen.se/globalassets/global/sjofart/dokument/sjotrafik_dok/imo_colreg.2_cirkular.pdf?id=58526
https://wwwcdn.imo.org/localresources/en/KnowledgeCentre/IndexofIMOResolutions/MSCResolutions/MSC.598(111).pdf
https://www.guardiacostiera.gov.it/portale/documents/d/guest/en_venezia_manuale_utentevts
https://www.guardiacostiera.gov.it/portale/vessel-traffic-service",B15,Initial association evidenced,2026-09-29
TSS-0076,Mediterranean and Black Seas,In the Adriatic Sea: In the Gulf of Trieste and approaches to/from Koper,"Source entry; 3 parts recorded (structure only, not a scheme count)",TSS identity confirmed (first pass); operational status: In force. Official baseline reconciliation pending.,"Confirmed present: VTS-030, VTS-031",Confirmed present: SRS-016,VTS-030; VTS-031,SRS-016,"Official name found: In the Gulf of Trieste; Approaches to/from Koper (with precautionary area in the Gulf of Trieste). Components of 'In the Adriatic Sea', COLREG.2/Circ.54 annex 3 (implemented 1 Dec 2004). Label groups two schemes plus a precautionary area.",SRC-001,https://www.scribd.com/document/1014775753/1-1-IMO-Adopted-Traffic-Separation-Schemes-on-the-ADMIRALTY-Chart-Series,Notice 17; scheme label: In the Adriatic Sea: In the Gulf of Trieste and approaches to/from Koper,UKHO-labelled document on third-party host; edition and currency unverified.,SRC-054; SRC-058; SRC-060; SRC-061,"https://www.transportstyrelsen.se/globalassets/global/sjofart/dokument/sjotrafik_dok/imo_colreg.2_cirkular.pdf?id=58526
https://wwwcdn.imo.org/localresources/en/KnowledgeCentre/IndexofIMOResolutions/MSCResolutions/MSC.598(111).pdf
https://www.gov.si/assets/organi-v-sestavi/URSP/Dokumenti/VTS/Koper-VTS-Users-Manual.pdf
https://www.guardiacostiera.gov.it/portale/documents/d/guest/it_trieste_manuale_utentevts",B16,Initial association evidenced,2026-09-29
TSS-0077,Mediterranean and Black Seas,In the Adriatic Sea: Approaches to/from Monfalcone,Source entry; single scheme on first-pass evidence,TSS identity confirmed (first pass); operational status: In force. Official baseline reconciliation pending.,Confirmed present: VTS-031,Confirmed present: SRS-016,VTS-031,SRS-016,"Official name found: Approaches to/from Monfalcone. Component of 'In the Adriatic Sea', COLREG.2/Circ.54 annex 3 (implemented 1 Dec 2004); amended scheme per COLREG.2/Circ.58 referenced in VTS Trieste manual.",SRC-001,https://www.scribd.com/document/1014775753/1-1-IMO-Adopted-Traffic-Separation-Schemes-on-the-ADMIRALTY-Chart-Series,Notice 17; scheme label: In the Adriatic Sea: Approaches to/from Monfalcone,UKHO-labelled document on third-party host; edition and currency unverified.,SRC-054; SRC-058; SRC-061,"https://www.transportstyrelsen.se/globalassets/global/sjofart/dokument/sjotrafik_dok/imo_colreg.2_cirkular.pdf?id=58526
https://wwwcdn.imo.org/localresources/en/KnowledgeCentre/IndexofIMOResolutions/MSCResolutions/MSC.598(111).pdf
https://www.guardiacostiera.gov.it/portale/documents/d/guest/it_trieste_manuale_utentevts",B16,Initial association evidenced,2026-09-29
TSS-0078,Mediterranean and Black Seas,"Saronicos Gulf (Saronikós Kólpos, in the Approaches to Piraiévs)",Source entry; single scheme on first-pass evidence,TSS identity provisional (first pass); operational status: In force. Official baseline reconciliation pending.,Unresolved (lead: VTS-035),Unresolved,,,Official name found: Saronicos Gulf. Existence as an IMO-adopted TSS evidenced by the 1991 COLREG.2 circular cancelling its inshore traffic zone (implemented 19 April 1991); original adoption instrument and current status not verified.,SRC-001,https://www.scribd.com/document/1014775753/1-1-IMO-Adopted-Traffic-Separation-Schemes-on-the-ADMIRALTY-Chart-Series,"Notice 17; scheme label: Saronicos Gulf (Saronikós Kólpos, in the Approaches to Piraiévs)",UKHO-labelled document on third-party host; edition and currency unverified.,SRC-054; SRC-068; SRC-069,"https://www.transportstyrelsen.se/globalassets/global/sjofart/dokument/sjotrafik_dok/imo_colreg.2_cirkular.pdf?id=58526
https://mitos.gov.gr/index.php/%CE%94%CE%94:%CE%A3%CF%84%CE%B5%CE%BB%CE%AD%CF%87%CF%89%CF%83%CE%B7_%CF%84%CF%89%CE%BD_%CE%9A%CE%AD%CE%BD%CF%84%CF%81%CF%89%CE%BD_%CE%A0%CE%B1%CF%81%CE%B1%CE%BA%CE%BF%CE%BB%CE%BF%CF%8D%CE%B8%CE%B7%CF%83%CE%B7%CF%82_%CE%B8%CE%B1%CE%BB%CE%AC%CF%83%CF%83%CE%B9%CE%B1%CF%82_%CE%9A%CF%85%CE%BA%CE%BB%CE%BF%CF%86%CE%BF%CF%81%CE%AF%CE%B1%CF%82_(VTS)_%CF%84%CE%B7%CF%82_%CE%A7%CF%8E%CF%81%CE%B1%CF%82
https://maredu.hcg.gr/modules/document/file.php/MAK264/%CE%9D%CE%B1%CF%85%CF%84%CE%B9%CE%BA%CE%AD%CF%82%20%CE%95%CF%80%CE%B9%CE%BA%CE%BF%CE%B9%CE%BD%CF%89%CE%BD%CE%AF%CE%B5%CF%82%20-%20%CE%9D%CE%97%CE%9F/%CE%A3%CF%85%CF%83%CF%84%CE%AE%CE%BC%CE%B1%CF%84%CE%B1%20%CF%80%CE%B1%CF%81%CE%B1%CE%BA%CE%BF%CE%BB%CE%BF%CF%8D%CE%B8%CE%B7%CF%83%CE%B7%CF%82%20%CF%80%CE%BB%CE%BF%CE%AF%CF%89%CE%BD%20%CE%B1%CE%BD%CE%AC%20%CF%84%CE%B7%CE%BD%20%CF%85%CF%86%CE%AE%CE%BB%CE%B9%CE%BF%20%CE%BA%CE%B1%CE%B9%20%CE%B5%CE%BE%CE%BF%CF%80%CE%BB%CE%B9%CF%83%CE%BC%CF%8C%CF%82%20%CE%B5%CF%80%CE%AF%20%CF%84%CE%BF%CF%85%20%CF%80%CE%BB%CE%BF%CE%AF%CE%BF%CF%85.pdf",B16,Association proposed,2026-09-29
TSS-0079,Mediterranean and Black Seas,In the approaches to the port of Thessaloníki,Source entry; single scheme on first-pass evidence,TSS identity confirmed (first pass); operational status: In force. Official baseline reconciliation pending.,Unresolved,Unresolved,,,"Official name found: In the approaches to the Port of Thessaloniki. New scheme in COLREG.2/Circ.60 (MSC 85, implemented 1 June 2009).",SRC-001,https://www.scribd.com/document/1014775753/1-1-IMO-Adopted-Traffic-Separation-Schemes-on-the-ADMIRALTY-Chart-Series,Notice 17; scheme label: In the approaches to the port of Thessaloníki,UKHO-labelled document on third-party host; edition and currency unverified.,SRC-054; SRC-068; SRC-069,"https://www.transportstyrelsen.se/globalassets/global/sjofart/dokument/sjotrafik_dok/imo_colreg.2_cirkular.pdf?id=58526
https://mitos.gov.gr/index.php/%CE%94%CE%94:%CE%A3%CF%84%CE%B5%CE%BB%CE%AD%CF%87%CF%89%CF%83%CE%B7_%CF%84%CF%89%CE%BD_%CE%9A%CE%AD%CE%BD%CF%84%CF%81%CF%89%CE%BD_%CE%A0%CE%B1%CF%81%CE%B1%CE%BA%CE%BF%CE%BB%CE%BF%CF%8D%CE%B8%CE%B7%CF%83%CE%B7%CF%82_%CE%B8%CE%B1%CE%BB%CE%AC%CF%83%CF%83%CE%B9%CE%B1%CF%82_%CE%9A%CF%85%CE%BA%CE%BB%CE%BF%CF%86%CE%BF%CF%81%CE%AF%CE%B1%CF%82_(VTS)_%CF%84%CE%B7%CF%82_%CE%A7%CF%8E%CF%81%CE%B1%CF%82
https://maredu.hcg.gr/modules/document/file.php/MAK264/%CE%9D%CE%B1%CF%85%CF%84%CE%B9%CE%BA%CE%AD%CF%82%20%CE%95%CF%80%CE%B9%CE%BA%CE%BF%CE%B9%CE%BD%CF%89%CE%BD%CE%AF%CE%B5%CF%82%20-%20%CE%9D%CE%97%CE%9F/%CE%A3%CF%85%CF%83%CF%84%CE%AE%CE%BC%CE%B1%CF%84%CE%B1%20%CF%80%CE%B1%CF%81%CE%B1%CE%BA%CE%BF%CE%BB%CE%BF%CF%8D%CE%B8%CE%B7%CF%83%CE%B7%CF%82%20%CF%80%CE%BB%CE%BF%CE%AF%CF%89%CE%BD%20%CE%B1%CE%BD%CE%AC%20%CF%84%CE%B7%CE%BD%20%CF%85%CF%86%CE%AE%CE%BB%CE%B9%CE%BF%20%CE%BA%CE%B1%CE%B9%20%CE%B5%CE%BE%CE%BF%CF%80%CE%BB%CE%B9%CF%83%CE%BC%CF%8C%CF%82%20%CE%B5%CF%80%CE%AF%20%CF%84%CE%BF%CF%85%20%CF%80%CE%BB%CE%BF%CE%AF%CE%BF%CF%85.pdf",B16,Researched; unresolved,2026-09-29
TSS-0080,Mediterranean and Black Seas,Strait of Istanbul - North Approach,Source entry; single scheme on first-pass evidence,TSS identity confirmed (first pass); operational status: In force. Official baseline reconciliation pending.,Confirmed present: VTS-034,Confirmed present: SRS-017,VTS-034,SRS-017,"Linked Turkish Straits source segments. Resolve component schemes and VTS areas separately. Adopted by MSC 63, COLREG.2/Circ.40 (implemented 24 Nov 1994), together with 'Strait of Istanbul', 'Strait of Istanbul - South Approach and Sea of Marmara', 'Strait of Canakkale' and its South-West Approach. National regulation (2019) Art. 4 sets the TSS limits in the north at 41°20'.944 N. This record covers the North Approach only; linked components to be resolved in their own records.",SRC-001,https://www.scribd.com/document/1014775753/1-1-IMO-Adopted-Traffic-Separation-Schemes-on-the-ADMIRALTY-Chart-Series,Notice 17; scheme label: Strait of Istanbul - North Approach,UKHO-labelled document on third-party host; edition and currency unverified.,SRC-054; SRC-066; SRC-067; SRC-059,"https://www.transportstyrelsen.se/globalassets/global/sjofart/dokument/sjotrafik_dok/imo_colreg.2_cirkular.pdf?id=58526
https://kiyiemniyeti.gov.tr/vessel_traffic_and_pilotage_services
https://www.resmigazete.gov.tr/eskiler/2019/08/20190815-18.pdf
https://transportstyrelsen.se/globalassets/global/sjofart/dokument/sjotrafik_dok/mandatory-and-recommended-srs.pdf",B16,Initial association evidenced,2026-09-29
TSS-0081,Mediterranean and Black Seas,Strait of Istanbul,"Source entry; 2 parts recorded (structure only, not a scheme count)",TSS identity confirmed (first pass); operational status: In force. Official baseline reconciliation pending.,Confirmed present: VTS-034,Confirmed present: SRS-017,VTS-034,SRS-017,"Linked Turkish Straits source segments. Resolve component schemes and VTS areas separately. Adopted by MSC 63 (May 1994), COLREG.2/Circ.40 item .3, implemented 0000 UTC 24 November 1994; companion schemes 'Strait of Istanbul - North Approach' (item .2) and 'South Approach and Sea of Marmara' (item .4) are separate IMO entries. Associated Rules and Recommendations confirmed by A.827(19). Nationally reproduced in 2019 Turkish Straits Maritime Traffic Regulation Annex 1 (English text lead only).",SRC-001,https://www.scribd.com/document/1014775753/1-1-IMO-Adopted-Traffic-Separation-Schemes-on-the-ADMIRALTY-Chart-Series,Notice 17; scheme label: Strait of Istanbul,UKHO-labelled document on third-party host; edition and currency unverified.,SRC-066; SRC-070; SRC-071; SRC-072; SRC-073; SRC-054,"https://kiyiemniyeti.gov.tr/vessel_traffic_and_pilotage_services
https://www.kiyiemniyeti.gov.tr/gemi_trafik_ve_kilavuzluk_hizmeti
https://denizcilik.uab.gov.tr/uploads/pages/yonerge-talimat/tbdtduy.pdf
https://wwwcdn.imo.org/localresources/en/KnowledgeCentre/IndexofIMOResolutions/AssemblyDocuments/A.827(19).pdf
https://media.ellinikahoaxes.gr/uploads/2021/03/TURK-BOGAZLARI-DENIZ-TRAFIK-DUZENI-YONETMELIGI-INGILIZCE-2019.pdf
https://www.transportstyrelsen.se/globalassets/global/sjofart/dokument/sjotrafik_dok/imo_colreg.2_cirkular.pdf?id=58526",B17,Initial association evidenced,2026-09-29
TSS-0082,Mediterranean and Black Seas,Strait of Istanbul - South Approach and Sea of Marmara,"Source entry; 2 parts recorded (structure only, not a scheme count)",TSS identity confirmed (first pass); operational status: In force. Official baseline reconciliation pending.,Confirmed present: VTS-034,Confirmed present: SRS-017,VTS-034,SRS-017,"Linked Turkish Straits source segments. Resolve component schemes and VTS areas separately. COLREG.2/Circ.40 item .4, implemented 0000 UTC 24 November 1994. 2019 national regulation Annex 1.3 'Istanbul Strait Southern Approach and Marmara Sea' (English text lead only).",SRC-001,https://www.scribd.com/document/1014775753/1-1-IMO-Adopted-Traffic-Separation-Schemes-on-the-ADMIRALTY-Chart-Series,Notice 17; scheme label: Strait of Istanbul - South Approach and Sea of Marmara,UKHO-labelled document on third-party host; edition and currency unverified.,SRC-066; SRC-070; SRC-071; SRC-072; SRC-073; SRC-054,"https://kiyiemniyeti.gov.tr/vessel_traffic_and_pilotage_services
https://www.kiyiemniyeti.gov.tr/gemi_trafik_ve_kilavuzluk_hizmeti
https://denizcilik.uab.gov.tr/uploads/pages/yonerge-talimat/tbdtduy.pdf
https://wwwcdn.imo.org/localresources/en/KnowledgeCentre/IndexofIMOResolutions/AssemblyDocuments/A.827(19).pdf
https://media.ellinikahoaxes.gr/uploads/2021/03/TURK-BOGAZLARI-DENIZ-TRAFIK-DUZENI-YONETMELIGI-INGILIZCE-2019.pdf
https://www.transportstyrelsen.se/globalassets/global/sjofart/dokument/sjotrafik_dok/imo_colreg.2_cirkular.pdf?id=58526",B17,Initial association evidenced,2026-09-29
TSS-0083,Mediterranean and Black Seas,Strait of Canakkale,Source entry; single scheme on first-pass evidence,TSS identity confirmed (first pass); operational status: In force. Official baseline reconciliation pending.,Confirmed present: VTS-034,Confirmed present: SRS-017,VTS-034,SRS-017,"Linked Turkish Straits source segments. Resolve component schemes and VTS areas separately. COLREG.2/Circ.40 item .5, implemented 0000 UTC 24 November 1994; national Annex 1.4 (English text lead only).",SRC-001,https://www.scribd.com/document/1014775753/1-1-IMO-Adopted-Traffic-Separation-Schemes-on-the-ADMIRALTY-Chart-Series,Notice 17; scheme label: Strait of Canakkale,UKHO-labelled document on third-party host; edition and currency unverified.,SRC-066; SRC-071; SRC-072; SRC-073; SRC-054,"https://kiyiemniyeti.gov.tr/vessel_traffic_and_pilotage_services
https://denizcilik.uab.gov.tr/uploads/pages/yonerge-talimat/tbdtduy.pdf
https://wwwcdn.imo.org/localresources/en/KnowledgeCentre/IndexofIMOResolutions/AssemblyDocuments/A.827(19).pdf
https://media.ellinikahoaxes.gr/uploads/2021/03/TURK-BOGAZLARI-DENIZ-TRAFIK-DUZENI-YONETMELIGI-INGILIZCE-2019.pdf
https://www.transportstyrelsen.se/globalassets/global/sjofart/dokument/sjotrafik_dok/imo_colreg.2_cirkular.pdf?id=58526",B17,Initial association evidenced,2026-09-29
TSS-0084,Mediterranean and Black Seas,Strait of Canakkale - South-west Approach,Source entry; single scheme on first-pass evidence,TSS identity confirmed (first pass); operational status: In force. Official baseline reconciliation pending.,Unresolved (lead: VTS-034),Unresolved (lead: SRS-017),,,"Linked Turkish Straits source segments. Resolve component schemes and VTS areas separately. Official name found: Strait of Canakkale - South-West Approach. COLREG.2/Circ.40 item .6, implemented 0000 UTC 24 November 1994; national Annex 1.5 'Canakkale Strait Southwestern Approaches' (English text lead only).",SRC-001,https://www.scribd.com/document/1014775753/1-1-IMO-Adopted-Traffic-Separation-Schemes-on-the-ADMIRALTY-Chart-Series,Notice 17; scheme label: Strait of Canakkale - South-west Approach,UKHO-labelled document on third-party host; edition and currency unverified.,SRC-066; SRC-071; SRC-073; SRC-054,"https://kiyiemniyeti.gov.tr/vessel_traffic_and_pilotage_services
https://denizcilik.uab.gov.tr/uploads/pages/yonerge-talimat/tbdtduy.pdf
https://media.ellinikahoaxes.gr/uploads/2021/03/TURK-BOGAZLARI-DENIZ-TRAFIK-DUZENI-YONETMELIGI-INGILIZCE-2019.pdf
https://www.transportstyrelsen.se/globalassets/global/sjofart/dokument/sjotrafik_dok/imo_colreg.2_cirkular.pdf?id=58526",B17,Association proposed,2026-09-29
TSS-0085,Mediterranean and Black Seas,In the Approaches to the Ports of Odessa and Ilichevsk,Source entry; single scheme on first-pass evidence,TSS identity confirmed (first pass); operational status: Withdrawn/superseded. Official baseline reconciliation pending.,Unresolved (lead: VTS-036),Unresolved,,,"Historical source label retained. Current naming, implementation and service status require authority confirmation. Official name found: In the approaches to the ports of Odessa and Ilichevsk (historical); now part of 'Approaches to the Chornomorsk, Odesa and Pivdennyi ports'. Adopted by IMCO/IMO, COLREG.2/Circ.14 of 22 April 1981 (Marad and scanned circular). Ilichevsk renamed Chornomorsk. Per secondary summary of COLREG.2/Circ.78 (MSC 106, issued 13 December 2022), replaced by the amended scheme 'Approaches to the Chornomorsk, Odesa and Pivdennyi ports', implemented 0000 UTC 1 June 2023. Marad primary confirms Ukraine's proposal to merge the two schemes; IMO circular text not itself retrieved.",SRC-001,https://www.scribd.com/document/1014775753/1-1-IMO-Adopted-Traffic-Separation-Schemes-on-the-ADMIRALTY-Chart-Series,Notice 17; scheme label: In the Approaches to the Ports of Odessa and Ilichevsk,UKHO-labelled document on third-party host; edition and currency unverified.,SRC-075; SRC-076; SRC-077; SRC-054,"https://marad.gov.ua/storage/app/sites/1/international-activities/Propozicii_sistemi_rozpodilu_ryhu_en.pdf
https://hksoa.org/member_circulars/colreg-2-circ-78-new-separation-schemes-and-associated-measures/
https://www.uspa.gov.ua/en/announcements-en/information-for-shipowners-agents-port-operators
https://www.transportstyrelsen.se/globalassets/global/sjofart/dokument/sjotrafik_dok/imo_colreg.2_cirkular.pdf?id=58526",B17,Association proposed,2026-09-29
TSS-0086,Mediterranean and Black Seas,Between the Ports of Odessa and Ilichevsk,Source entry; single scheme on first-pass evidence,TSS identity confirmed (first pass); operational status: Withdrawn/superseded. Official baseline reconciliation pending.,Unresolved (lead: VTS-036),Unresolved,,,"Historical source label retained. Current naming, implementation and service status require authority confirmation. Official name found: Between the ports of Odessa and Ilichevsk (historical); now part of 'Approaches to the Chornomorsk, Odesa and Pivdennyi ports'. Adopted per COLREG.2/Circ.14 (22 April 1981). Replaced with effect from 1 June 2023 by the combined amended scheme under COLREG.2/Circ.78 (secondary summary; Marad primary confirms merger proposal).",SRC-001,https://www.scribd.com/document/1014775753/1-1-IMO-Adopted-Traffic-Separation-Schemes-on-the-ADMIRALTY-Chart-Series,Notice 17; scheme label: Between the Ports of Odessa and Ilichevsk,UKHO-labelled document on third-party host; edition and currency unverified.,SRC-075; SRC-076; SRC-077; SRC-054,"https://marad.gov.ua/storage/app/sites/1/international-activities/Propozicii_sistemi_rozpodilu_ryhu_en.pdf
https://hksoa.org/member_circulars/colreg-2-circ-78-new-separation-schemes-and-associated-measures/
https://www.uspa.gov.ua/en/announcements-en/information-for-shipowners-agents-port-operators
https://www.transportstyrelsen.se/globalassets/global/sjofart/dokument/sjotrafik_dok/imo_colreg.2_cirkular.pdf?id=58526",B18,Association proposed,2026-09-29
TSS-0087,Mediterranean and Black Seas,In the area Off the South-western Coast of the Crimea,"Source entry; 2 parts recorded (structure only, not a scheme count)",TSS identity confirmed (first pass); operational status: Not established. Official baseline reconciliation pending.,Unresolved,Unresolved,,,"Historical source label retained. Current naming, implementation and service status require authority confirmation. Official name found: In the area off the south-western coast of the Crimea. New scheme adopted at MSC 87, COLREG.2/Circ.61 (1 June 2010), implemented 0000 UTC 1 December 2010. Two parts: Routeing System No.9 'Sevastopol Harbour Approach' and No.3 'From Cape Khersones to Cape Aitodor'. No IMO revocation found in retrieved sources.",SRC-001,https://www.scribd.com/document/1014775753/1-1-IMO-Adopted-Traffic-Separation-Schemes-on-the-ADMIRALTY-Chart-Series,Notice 17; scheme label: In the area Off the South-western Coast of the Crimea,UKHO-labelled document on third-party host; edition and currency unverified.,SRC-049; SRC-078; SRC-079,"https://cimrc.shmtu.edu.cn/_upload/article/files/63/dc/35c66be74d12873254dc88a2ef00/25e2ceb4-d2d9-4cf2-b55b-cdb3d56001b5.pdf
https://iho.int/uploads/user/Inter-Regional%20Coordination/RHC/MBSHC/BASWG/BASWG15/StatementOnMSI_Ukraine.pdf
https://marina.gov.ph/wp-content/uploads/2022/03/Circular-Letter-No.4508-Communication-From-The-Government-Of-Ukraine-Secretariat1.pdf",B18,Researched; unresolved,2026-09-29
TSS-0088,Mediterranean and Black Seas,In the Southern Approaches to the Kerch Strait,Source entry; single scheme on first-pass evidence,TSS identity confirmed (first pass); operational status: Not established. Official baseline reconciliation pending.,Unresolved,Unresolved,,,"Historical source label retained. Current naming, implementation and service status require authority confirmation. Official name found: In the southern approaches to the Kerch Strait. New scheme adopted by resolution A.374(X), 14 November 1977 (reference chart USSR No.514). Implementation date 15 May 1978 is a search-snippet lead only. Ukraine's IMO Circular Letter 4508 calls it 'Approaches to the Kerch Strait from the South', approved by IMO. No revocation found.",SRC-001,https://www.scribd.com/document/1014775753/1-1-IMO-Adopted-Traffic-Separation-Schemes-on-the-ADMIRALTY-Chart-Series,Notice 17; scheme label: In the Southern Approaches to the Kerch Strait,UKHO-labelled document on third-party host; edition and currency unverified.,SRC-074; SRC-078; SRC-079,"https://wwwcdn.imo.org/localresources/en/KnowledgeCentre/IndexofIMOResolutions/AssemblyDocuments/A.374(10).pdf
https://iho.int/uploads/user/Inter-Regional%20Coordination/RHC/MBSHC/BASWG/BASWG15/StatementOnMSI_Ukraine.pdf
https://marina.gov.ph/wp-content/uploads/2022/03/Circular-Letter-No.4508-Communication-From-The-Government-Of-Ukraine-Secretariat1.pdf",B18,Researched; unresolved,2026-09-29
TSS-0089,Mediterranean and Black Seas,Off the Mediterranean Coast of Egypt,"Source entry; 6 parts recorded (structure only, not a scheme count)",TSS identity confirmed (first pass); operational status: In force. Official baseline reconciliation pending.,Unresolved,Unresolved,,,"Official name found: Off the Mediterranean coast of Egypt. New scheme adopted at MSC 75, COLREG.2/Circ.51 (31 May 2002), implemented 0000 UTC 1 December 2002. Comprises approach schemes to Damietta (Mina Dumyat) and Port Said (Bur Said) with two precautionary areas.",SRC-001,https://www.scribd.com/document/1014775753/1-1-IMO-Adopted-Traffic-Separation-Schemes-on-the-ADMIRALTY-Chart-Series,Notice 17; scheme label: Off the Mediterranean Coast of Egypt,UKHO-labelled document on third-party host; edition and currency unverified.,SRC-041,https://cimrc.shmtu.edu.cn/_upload/article/files/63/dc/35c66be74d12873254dc88a2ef00/a4f3f58b-c400-41cb-858b-89dccee63151.pdf,B18,Researched; unresolved,2026-09-29
TSS-0090,Southern Africa,"Off Alphard Banks, 34 miles south of Cape Infanta",Source entry; single scheme on first-pass evidence,TSS identity confirmed (first pass); operational status: In force. Official baseline reconciliation pending.,Unresolved,Unresolved,,,"Official name found: Off Alphard Banks 34 miles south of Cape Infanta. New scheme adopted at MSC 69, COLREG.2/Circ.44 (May 1998) Annex 9 'Off the south coast of South Africa', implemented 0000 UTC 1 December 1998. Charts on Cape Datum.",SRC-001,https://www.scribd.com/document/1014775753/1-1-IMO-Adopted-Traffic-Separation-Schemes-on-the-ADMIRALTY-Chart-Series,"Notice 17; scheme label: Off Alphard Banks, 34 miles south of Cape Infanta",UKHO-labelled document on third-party host; edition and currency unverified.,SRC-054; SRC-081; SRC-082,"https://www.transportstyrelsen.se/globalassets/global/sjofart/dokument/sjotrafik_dok/imo_colreg.2_cirkular.pdf?id=58526
https://www.westpandi.com/globalassets/news/mn-13-of-2017.pdf
https://source.acts.co.za/south-african-maritime-and%20aeronautical-search-and-rescue-act-2002/r604_30__ship_reporting_sy.php",B18,Researched; unresolved,2026-09-29
TSS-0091,Southern Africa,"Off the FA Platform, 47 miles south of Mossel Bay",Source entry; single scheme on first-pass evidence,TSS identity confirmed (first pass); operational status: In force. Official baseline reconciliation pending.,Unresolved,Unresolved,,,"Official name found: Off the FA Platform 47 miles south of Mossel Bay. New scheme adopted at MSC 69, COLREG.2/Circ.44 Annex 9, implemented 0000 UTC 1 December 1998.",SRC-001,https://www.scribd.com/document/1014775753/1-1-IMO-Adopted-Traffic-Separation-Schemes-on-the-ADMIRALTY-Chart-Series,"Notice 17; scheme label: Off the FA Platform, 47 miles south of Mossel Bay",UKHO-labelled document on third-party host; edition and currency unverified.,SRC-054; SRC-081; SRC-082,"https://www.transportstyrelsen.se/globalassets/global/sjofart/dokument/sjotrafik_dok/imo_colreg.2_cirkular.pdf?id=58526
https://www.westpandi.com/globalassets/news/mn-13-of-2017.pdf
https://source.acts.co.za/south-african-maritime-and%20aeronautical-search-and-rescue-act-2002/r604_30__ship_reporting_sy.php",B19,Researched; unresolved,2026-09-29
TSS-0092,Red Sea and Arabian region,In the Gulf of Suez,Source entry; single scheme on first-pass evidence,TSS identity confirmed (first pass); operational status: In force. Official baseline reconciliation pending.,Unresolved (lead: VTS-037),Unresolved,,,"New scheme adopted by resolution A.374(X) (14 November 1977); amended scheme adopted at MSC 67, COLREG.2/Circ.42 (2 January 1997), implemented 1 July 1997. Compilation notes associated 'Rules for ships navigating in the Gulf of Suez' (MSC 46/19). Earlier amendments also appear in the compilation.",SRC-001,https://www.scribd.com/document/1014775753/1-1-IMO-Adopted-Traffic-Separation-Schemes-on-the-ADMIRALTY-Chart-Series,Notice 17; scheme label: In the Gulf of Suez,UKHO-labelled document on third-party host; edition and currency unverified.,SRC-054; SRC-074; SRC-080,"https://www.transportstyrelsen.se/globalassets/global/sjofart/dokument/sjotrafik_dok/imo_colreg.2_cirkular.pdf?id=58526
https://wwwcdn.imo.org/localresources/en/KnowledgeCentre/IndexofIMOResolutions/AssemblyDocuments/A.374(10).pdf
https://www.marinelink.com/news/307563",B19,Association proposed,2026-09-29
TSS-0093,Red Sea and Arabian region,In the Entrance to the Gulf of Aqaba,Source entry; single scheme on first-pass evidence,TSS identity confirmed (first pass); operational status: In force. Official baseline reconciliation pending.,Unresolved,Unresolved,,,"Official name found: In the entrance to the Gulf of Aqaba. New scheme adopted at MSC 61 (December 1992), COLREG.2/Circ.39; implemented 0000 UTC 1 October 1993 after Egypt confirmed survey of Grafton Passage and aids (Circ.39/Add.1). Nearby areas to be avoided north of the Strait of Tiran and at Ras Mohammed adopted by A.827(19).",SRC-001,https://www.scribd.com/document/1014775753/1-1-IMO-Adopted-Traffic-Separation-Schemes-on-the-ADMIRALTY-Chart-Series,Notice 17; scheme label: In the Entrance to the Gulf of Aqaba,UKHO-labelled document on third-party host; edition and currency unverified.,SRC-054; SRC-072,"https://www.transportstyrelsen.se/globalassets/global/sjofart/dokument/sjotrafik_dok/imo_colreg.2_cirkular.pdf?id=58526
https://wwwcdn.imo.org/localresources/en/KnowledgeCentre/IndexofIMOResolutions/AssemblyDocuments/A.827(19).pdf",B19,Researched; unresolved,2026-09-29
TSS-0094,Red Sea and Arabian region,In the Southern Red Sea - West and South of Hanish al Kubra,Source entry; single scheme on first-pass evidence,TSS identity confirmed (first pass); operational status: In force. Official baseline reconciliation pending.,Unresolved,Unresolved,,,"Official name found: In the Southern Red Sea: west and south of Hanish al Kubra Island. New scheme adopted at MSC 76, COLREG.2/Circ.52 (6 January 2003) Annex 1, implemented 0000 UTC 1 July 2003. Annex 1 contains two schemes (this and east of Jabal Zuqar, TSS-0095).",SRC-001,https://www.scribd.com/document/1014775753/1-1-IMO-Adopted-Traffic-Separation-Schemes-on-the-ADMIRALTY-Chart-Series,Notice 17; scheme label: In the Southern Red Sea - West and South of Hanish al Kubra,UKHO-labelled document on third-party host; edition and currency unverified.,SRC-054,https://www.transportstyrelsen.se/globalassets/global/sjofart/dokument/sjotrafik_dok/imo_colreg.2_cirkular.pdf?id=58526,B19,Researched; unresolved,2026-09-29
TSS-0095,Red Sea and Arabian region,In the Southern Red Sea - East of Jabal Zuqar Island,Source entry; single scheme on first-pass evidence,TSS identity confirmed (first pass); operational status: In force. Official baseline reconciliation pending.,Unresolved,Unresolved,,,"Official name found: In the Southern Red Sea: east of Jabal Zuqar Island. New scheme adopted at MSC 76, COLREG.2/Circ.52 Annex 1, implemented 0000 UTC 1 July 2003. Southbound lane 140° then 166°, northbound 346° then 320°.",SRC-001,https://www.scribd.com/document/1014775753/1-1-IMO-Adopted-Traffic-Separation-Schemes-on-the-ADMIRALTY-Chart-Series,Notice 17; scheme label: In the Southern Red Sea - East of Jabal Zuqar Island,UKHO-labelled document on third-party host; edition and currency unverified.,SRC-054,https://www.transportstyrelsen.se/globalassets/global/sjofart/dokument/sjotrafik_dok/imo_colreg.2_cirkular.pdf?id=58526,B19,Researched; unresolved,2026-09-29
TSS-0096,Red Sea and Arabian region,In the Strait of Bab-el-Mandeb,Source entry; single scheme on first-pass evidence,TSS identity confirmed (first pass); operational status: In force. Official baseline reconciliation pending.,Unresolved,Unresolved,,,"Official name found: In the Strait of Bab el Mandeb. IMO-adopted by Assembly resolution A.284(VIII) (20 Nov 1973). Amended scheme adopted by MSC 76 and promulgated by COLREG.2/Circ.52, implemented 0000 UTC 1 July 2003 (southbound 155° then 120°, northbound 300° then 335°, turning line off Mayyun Island). Separate from the 'In the Southern Red Sea' TSS adopted in the same circular.",SRC-001,https://www.scribd.com/document/1014775753/1-1-IMO-Adopted-Traffic-Separation-Schemes-on-the-ADMIRALTY-Chart-Series,Notice 17; scheme label: In the Strait of Bab-el-Mandeb,UKHO-labelled document on third-party host; edition and currency unverified.,SRC-086; SRC-054; SRC-091,"https://wwwcdn.imo.org/localresources/en/KnowledgeCentre/IndexofIMOResolutions/AssemblyDocuments/A.284(8).pdf
https://www.transportstyrelsen.se/globalassets/global/sjofart/dokument/sjotrafik_dok/imo_colreg.2_cirkular.pdf?id=58526
https://www.liscr.com/marketing/liscr/media/liscr/online%20library/maritime/msb-14_2026.pdf",B20,Researched; unresolved,2026-09-29
TSS-0097,Red Sea and Arabian region,Off Ras al Hadd,Source entry; single scheme on first-pass evidence,TSS identity confirmed (first pass); operational status: In force. Official baseline reconciliation pending.,Unresolved,Unresolved,,,"New scheme adopted by MSC 41; COLREG.2/Circ.12 (19 Nov 1979), effective 15 Feb 1980. Inshore traffic zone redescribed by COLREG.2/Circ.40 (MSC 63), implemented 24 Nov 1994.",SRC-001,https://www.scribd.com/document/1014775753/1-1-IMO-Adopted-Traffic-Separation-Schemes-on-the-ADMIRALTY-Chart-Series,Notice 17; scheme label: Off Ras al Hadd,UKHO-labelled document on third-party host; edition and currency unverified.,SRC-054; SRC-091,"https://www.transportstyrelsen.se/globalassets/global/sjofart/dokument/sjotrafik_dok/imo_colreg.2_cirkular.pdf?id=58526
https://www.liscr.com/marketing/liscr/media/liscr/online%20library/maritime/msb-14_2026.pdf",B20,Researched; unresolved,2026-09-29
TSS-0098,Red Sea and Arabian region,Off Ra's al Kuh,Source entry; single scheme on first-pass evidence,TSS identity confirmed (first pass); operational status: In force. Official baseline reconciliation pending.,Unresolved,Unresolved,,,"New scheme adopted by MSC 78; COLREG.2/Circ.54 (28 May 2004), implemented 0000 UTC 1 December 2004. Two 2-mile lanes, 2-mile separation zone and an associated inshore traffic zone; lanes lead towards the Strait of Hormuz / Gulf of Oman.",SRC-001,https://www.scribd.com/document/1014775753/1-1-IMO-Adopted-Traffic-Separation-Schemes-on-the-ADMIRALTY-Chart-Series,Notice 17; scheme label: Off Ra's al Kuh,UKHO-labelled document on third-party host; edition and currency unverified.,SRC-054; SRC-091,"https://www.transportstyrelsen.se/globalassets/global/sjofart/dokument/sjotrafik_dok/imo_colreg.2_cirkular.pdf?id=58526
https://www.liscr.com/marketing/liscr/media/liscr/online%20library/maritime/msb-14_2026.pdf",B20,Researched; unresolved,2026-09-29
TSS-0099,Red Sea and Arabian region,In the Strait of Hormuz,Source entry; single scheme on first-pass evidence,TSS identity confirmed (first pass); operational status: In force. Official baseline reconciliation pending.,Unresolved (lead: VTS-039),Unresolved,,,"Proposed by Iran and Oman and adopted by IMO in 1968 (IMO page, 2026); included in A.284(VIII) (1973); amended scheme adopted by MSC 40 (IMCO circular dated 7 June 1979); reference chart changed to BA 3172 (WGS 84) by COLREG.2/Circ.33 (25 Feb 1994); inshore traffic zone off Musandam redescribed by COLREG.2/Circ.40 (implemented 24 Nov 1994). 2026 hostilities: IMO page confirms the TSS as 'existing'; press reports of temporary Omani routes north and south of the lanes are leads only and were not verified from an Omani Notice to Mariners.",SRC-001,https://www.scribd.com/document/1014775753/1-1-IMO-Adopted-Traffic-Separation-Schemes-on-the-ADMIRALTY-Chart-Series,Notice 17; scheme label: In the Strait of Hormuz,UKHO-labelled document on third-party host; edition and currency unverified.,SRC-088; SRC-086; SRC-054; SRC-091,"https://www.imo.org/en/mediacentre/hottopics/pages/middle-east-strait-of-hormuz.aspx
https://wwwcdn.imo.org/localresources/en/KnowledgeCentre/IndexofIMOResolutions/AssemblyDocuments/A.284(8).pdf
https://www.transportstyrelsen.se/globalassets/global/sjofart/dokument/sjotrafik_dok/imo_colreg.2_cirkular.pdf?id=58526
https://www.liscr.com/marketing/liscr/media/liscr/online%20library/maritime/msb-14_2026.pdf",B20,Association proposed,2026-09-29
TSS-0100,Red Sea and Arabian region,Tunb-Farur,"Source entry; 2 parts recorded (structure only, not a scheme count)",TSS identity provisional (first pass); operational status: In force. Official baseline reconciliation pending.,Unresolved,Unresolved,,,"Adopted by Assembly resolution A.284(VIII) (20 Nov 1973): separate westbound (258°/278°) and eastbound (098°/078°) lanes, linking to the Strait of Hormuz scheme. No later amendment or revocation found in the COLREG.2 circular compilation, but current status not verified in the current Ships' Routeing.",SRC-001,https://www.scribd.com/document/1014775753/1-1-IMO-Adopted-Traffic-Separation-Schemes-on-the-ADMIRALTY-Chart-Series,Notice 17; scheme label: Tunb-Farur,UKHO-labelled document on third-party host; edition and currency unverified.,SRC-086; SRC-091,"https://wwwcdn.imo.org/localresources/en/KnowledgeCentre/IndexofIMOResolutions/AssemblyDocuments/A.284(8).pdf
https://www.liscr.com/marketing/liscr/media/liscr/online%20library/maritime/msb-14_2026.pdf",B20,Researched; unresolved,2026-09-29
TSS-0101,Red Sea and Arabian region,Between Zaqqum and Umm Shaif,Source entry; single scheme on first-pass evidence,TSS identity confirmed (first pass); operational status: In force. Official baseline reconciliation pending.,Unresolved (lead: VTS-038),Unresolved,,,"Official name found: Between Zaqqum and Umm Shaif oilfields. New scheme adopted by MSC 46; COLREG.2/Circ.15 (6 April 1982); effective not before 31 Dec 1982 and on notification by the Government concerned. ADNOC Port Marine Notice DZM/MN/019/2023 (14 Mar 2023) refers to the 'Zaqqum Traffic Separation Scheme', indicating it remains in use.",SRC-001,https://www.scribd.com/document/1014775753/1-1-IMO-Adopted-Traffic-Separation-Schemes-on-the-ADMIRALTY-Chart-Series,Notice 17; scheme label: Between Zaqqum and Umm Shaif,UKHO-labelled document on third-party host; edition and currency unverified.,SRC-054; SRC-089; SRC-091,"https://www.transportstyrelsen.se/globalassets/global/sjofart/dokument/sjotrafik_dok/imo_colreg.2_cirkular.pdf?id=58526
https://ppa.adnoc.ae/-/media/ppa/files/marine-notices/local-marine-notices/das/2023/marine-notice-019-2023---pipe-laying-operation---traffic-arrangement-in-zaqqum-tss.ashx
https://www.liscr.com/marketing/liscr/media/liscr/online%20library/maritime/msb-14_2026.pdf",B21,Association proposed,2026-09-29
TSS-0102,Red Sea and Arabian region,In the Approaches to Ras Tanura and Ju'aymah,"Source entry; 3 parts recorded (structure only, not a scheme count)",TSS identity confirmed (first pass); operational status: In force. Official baseline reconciliation pending.,Unresolved (lead: VTS-040),Unresolved,,,"Official name found: In the approaches to Ras Tanura and Ju'aymah. 'In the approach to Ras Tanura' in A.284(VIII) (1973); amended and renamed 'In the approaches to Ras Tanura and Ju'aymah (as amended)' by A.338(IX) (12 Nov 1975), in three parts. Later amendments not checked.",SRC-001,https://www.scribd.com/document/1014775753/1-1-IMO-Adopted-Traffic-Separation-Schemes-on-the-ADMIRALTY-Chart-Series,Notice 17; scheme label: In the Approaches to Ras Tanura and Ju'aymah,UKHO-labelled document on third-party host; edition and currency unverified.,SRC-086; SRC-087; SRC-091,"https://wwwcdn.imo.org/localresources/en/KnowledgeCentre/IndexofIMOResolutions/AssemblyDocuments/A.284(8).pdf
https://wwwcdn.imo.org/localresources/en/KnowledgeCentre/IndexofIMOResolutions/AssemblyDocuments/A.338%289%29.pdf
https://www.liscr.com/marketing/liscr/media/liscr/online%20library/maritime/msb-14_2026.pdf",B21,Association proposed,2026-09-29
TSS-0103,Red Sea and Arabian region,Marjan/Zuluf,Source entry; single scheme on first-pass evidence,TSS identity confirmed (first pass); operational status: In force. Official baseline reconciliation pending.,Unresolved,Unresolved,,,"Official name found: Marjan/Zuluf (originally 'Between the Zuluf and Marjan oil fields'). New scheme adopted by MSC 59; COLREG.2/Circ.37 (19 June 1991), implemented 16 Nov 1991. Amended by MSC 70; COLREG.2/Circ.45 (8 Jan 1999), implemented 1 July 1999, superseding COLREG.2/Circ.43 (10 Feb 1997). Renamed 'Marjan/Zuluf (amended scheme)'.",SRC-001,https://www.scribd.com/document/1014775753/1-1-IMO-Adopted-Traffic-Separation-Schemes-on-the-ADMIRALTY-Chart-Series,Notice 17; scheme label: Marjan/Zuluf,UKHO-labelled document on third-party host; edition and currency unverified.,SRC-054; SRC-091,"https://www.transportstyrelsen.se/globalassets/global/sjofart/dokument/sjotrafik_dok/imo_colreg.2_cirkular.pdf?id=58526
https://www.liscr.com/marketing/liscr/media/liscr/online%20library/maritime/msb-14_2026.pdf",B21,Researched; unresolved,2026-09-29
TSS-0104,Red Sea and Arabian region,Approaches to the Port of Ra's al Khafji,Source entry; single scheme on first-pass evidence,TSS identity confirmed (first pass); operational status: In force. Official baseline reconciliation pending.,Unresolved,Unresolved,,,"New scheme adopted by MSC 78; COLREG.2/Circ.54 (28 May 2004), planned 1 Dec 2004; implementation postponed to 1 June 2005 by COLREG.2/Circ.54/Add.1 (13 Sep 2004, note by Saudi Arabia).",SRC-001,https://www.scribd.com/document/1014775753/1-1-IMO-Adopted-Traffic-Separation-Schemes-on-the-ADMIRALTY-Chart-Series,Notice 17; scheme label: Approaches to the Port of Ra's al Khafji,UKHO-labelled document on third-party host; edition and currency unverified.,SRC-054; SRC-085; SRC-091,"https://www.transportstyrelsen.se/globalassets/global/sjofart/dokument/sjotrafik_dok/imo_colreg.2_cirkular.pdf?id=58526
https://cimrc.shmtu.edu.cn/_upload/article/files/63/dc/35c66be74d12873254dc88a2ef00/aa83707e-76b8-4c8b-b69d-ff9f9a86bd6c.pdf
https://www.liscr.com/marketing/liscr/media/liscr/online%20library/maritime/msb-14_2026.pdf",B21,Researched; unresolved,2026-09-29
TSS-0105,Red Sea and Arabian region,Off Mina'Al Ahmadi,"Source entry; 3 parts recorded (structure only, not a scheme count)",TSS identity confirmed (first pass); operational status: In force. Official baseline reconciliation pending.,Unresolved,Unresolved,,,"Official name found: Off Mina Al-Ahmadi. New scheme adopted by MSC 79; COLREG.2/Circ.55 (15 Dec 2004), implemented 0000 UTC 1 July 2005. The adopted measure comprises three schemes (North Scheme I, North Scheme II, The South Scheme); annex notes the Mina Al-Ahmadi deep departure channel remains in use.",SRC-001,https://www.scribd.com/document/1014775753/1-1-IMO-Adopted-Traffic-Separation-Schemes-on-the-ADMIRALTY-Chart-Series,Notice 17; scheme label: Off Mina'Al Ahmadi,UKHO-labelled document on third-party host; edition and currency unverified.,SRC-054; SRC-091,"https://www.transportstyrelsen.se/globalassets/global/sjofart/dokument/sjotrafik_dok/imo_colreg.2_cirkular.pdf?id=58526
https://www.liscr.com/marketing/liscr/media/liscr/online%20library/maritime/msb-14_2026.pdf",B21,Researched; unresolved,2026-09-29
TSS-0106,Indian Ocean and South Asia,Off Dondra Head,Source entry; single scheme on first-pass evidence,TSS identity provisional (first pass); operational status: In force. Official baseline reconciliation pending.,Unresolved,Unresolved,,,Official name found: Off Dondra Head (TSS south of Dondra Head). MEPC 80/16/3 (28 Apr 2023) states the existing TSS south of Dondra Head is in Ships' Routeing Section IV and was established in 1980; adoption instrument (IMO circular/resolution) not retrieved. 2023 industry/IWC proposal to move the TSS about 15 nm south was opposed by Sri Lanka (press leads); no change evidenced.,SRC-001,https://www.scribd.com/document/1014775753/1-1-IMO-Adopted-Traffic-Separation-Schemes-on-the-ADMIRALTY-Chart-Series,Notice 17; scheme label: Off Dondra Head,UKHO-labelled document on third-party host; edition and currency unverified.,SRC-090,https://www.worldshipping.org/s/MEPC-80-16-3-Call-for-establishment-of-a-new-traffic-separation-scheme-south-of-Sri-Lanka-IWC-ICS-BI.pdf,B22,Researched; unresolved,2026-09-29
TSS-0107,"Malacca, Singapore and Indonesia",At One Fathom Bank,Source entry; single scheme on first-pass evidence,TSS identity confirmed (first pass); operational status: In force. Official baseline reconciliation pending.,Confirmed present: VTS-004,Confirmed present: SRS-004,VTS-004,SRS-004,"Source segment within the Malacca–Singapore routeing system. Do not equate segments with VTS areas. Official name found: At One Fathom Bank (with precautionary area 'Off Port Klang'). Amended scheme adopted by MSC 69 (May 1998); COLREG.2/Circ.44 annex 1, implemented 0000 UTC 1 Dec 1998, with precautionary area 'Off Port Klang'. Segment of the Malacca-Singapore routeing system.",SRC-001,https://www.scribd.com/document/1014775753/1-1-IMO-Adopted-Traffic-Separation-Schemes-on-the-ADMIRALTY-Chart-Series,Notice 17; scheme label: At One Fathom Bank,UKHO-labelled document on third-party host; edition and currency unverified.,SRC-054; SRC-083; SRC-007; SRC-084,"https://www.transportstyrelsen.se/globalassets/global/sjofart/dokument/sjotrafik_dok/imo_colreg.2_cirkular.pdf?id=58526
https://www.mpa.gov.sg/api/media/78c165e3-67e4-4da3-9496-c196739374d2/-pc98-65.pdf
https://www.mpa.gov.sg/port-marine-ops/operations/vessel-traffic-information-system/operational-areas
https://file.go.gov.sg/spi2026apr17.pdf",B22,Initial association evidenced,2026-09-29
TSS-0108,"Malacca, Singapore and Indonesia",Port Klang to Port Dickson,Source entry; single scheme on first-pass evidence,TSS identity confirmed (first pass); operational status: In force. Official baseline reconciliation pending.,Confirmed present: VTS-004,Confirmed present: SRS-004,VTS-004,SRS-004,"Source segment within the Malacca–Singapore routeing system. Do not equate segments with VTS areas. Official name found: Port Klang to Port Dickson (with precautionary area 'Off Port Dickson'). New scheme adopted by MSC 69; COLREG.2/Circ.44 annex 2, implemented 1 Dec 1998, with inshore traffic zone and precautionary area 'Off Port Dickson'.",SRC-001,https://www.scribd.com/document/1014775753/1-1-IMO-Adopted-Traffic-Separation-Schemes-on-the-ADMIRALTY-Chart-Series,Notice 17; scheme label: Port Klang to Port Dickson,UKHO-labelled document on third-party host; edition and currency unverified.,SRC-054; SRC-083; SRC-007; SRC-084,"https://www.transportstyrelsen.se/globalassets/global/sjofart/dokument/sjotrafik_dok/imo_colreg.2_cirkular.pdf?id=58526
https://www.mpa.gov.sg/api/media/78c165e3-67e4-4da3-9496-c196739374d2/-pc98-65.pdf
https://www.mpa.gov.sg/port-marine-ops/operations/vessel-traffic-information-system/operational-areas
https://file.go.gov.sg/spi2026apr17.pdf",B22,Initial association evidenced,2026-09-29
TSS-0109,"Malacca, Singapore and Indonesia",Port Dickson to Tanjung Keling,Source entry; single scheme on first-pass evidence,TSS identity confirmed (first pass); operational status: In force. Official baseline reconciliation pending.,Confirmed present: VTS-004,Confirmed present: SRS-004,VTS-004,SRS-004,"Source segment within the Malacca–Singapore routeing system. Do not equate segments with VTS areas. Official name found: Port Dickson to Tanjung Keling (with precautionary area 'Off Malacca/Dumai'). New scheme adopted by MSC 69; COLREG.2/Circ.44 annex 3, implemented 1 Dec 1998, with inshore traffic zone and precautionary area 'Off Malacca/Dumai'.",SRC-001,https://www.scribd.com/document/1014775753/1-1-IMO-Adopted-Traffic-Separation-Schemes-on-the-ADMIRALTY-Chart-Series,Notice 17; scheme label: Port Dickson to Tanjung Keling,UKHO-labelled document on third-party host; edition and currency unverified.,SRC-054; SRC-083; SRC-007; SRC-084,"https://www.transportstyrelsen.se/globalassets/global/sjofart/dokument/sjotrafik_dok/imo_colreg.2_cirkular.pdf?id=58526
https://www.mpa.gov.sg/api/media/78c165e3-67e4-4da3-9496-c196739374d2/-pc98-65.pdf
https://www.mpa.gov.sg/port-marine-ops/operations/vessel-traffic-information-system/operational-areas
https://file.go.gov.sg/spi2026apr17.pdf",B22,Initial association evidenced,2026-09-29
TSS-0110,"Malacca, Singapore and Indonesia",Malacca to Iyu Kecil,Source entry; single scheme on first-pass evidence,TSS identity confirmed (first pass); operational status: In force. Official baseline reconciliation pending.,"Confirmed present: VTS-004, VTS-005, VTS-006",Confirmed present: SRS-004,VTS-004; VTS-005; VTS-006,SRS-004,"Source segment within the Malacca–Singapore routeing system. Do not equate segments with VTS areas. Official name found: Malacca to Iyu Kecil (with precautionary area 'Off Sultan Shoal Lighthouse'). New scheme adopted by MSC 69; COLREG.2/Circ.44 annex 4, implemented 1 Dec 1998, with precautionary area 'Off Sultan Shoal Lighthouse'. Continues eastward into 'In the Singapore Strait' (amended 2004, COLREG.2/Circ.54 annex 5, implemented 1 Jan 2005).",SRC-001,https://www.scribd.com/document/1014775753/1-1-IMO-Adopted-Traffic-Separation-Schemes-on-the-ADMIRALTY-Chart-Series,Notice 17; scheme label: Malacca to Iyu Kecil,UKHO-labelled document on third-party host; edition and currency unverified.,SRC-054; SRC-083; SRC-007; SRC-084,"https://www.transportstyrelsen.se/globalassets/global/sjofart/dokument/sjotrafik_dok/imo_colreg.2_cirkular.pdf?id=58526
https://www.mpa.gov.sg/api/media/78c165e3-67e4-4da3-9496-c196739374d2/-pc98-65.pdf
https://www.mpa.gov.sg/port-marine-ops/operations/vessel-traffic-information-system/operational-areas
https://file.go.gov.sg/spi2026apr17.pdf",B22,Initial association evidenced,2026-09-29
TSS-0111,"Malacca, Singapore and Indonesia",In the Singapore Strait (Main Strait),Source entry; single scheme on first-pass evidence,TSS identity confirmed (first pass); operational status: In force. Official baseline reconciliation pending.,Confirmed present: VTS-006,Confirmed present: SRS-004,VTS-006,SRS-004,"Source segment within the Malacca–Singapore routeing system. Do not equate segments with VTS areas. Amended scheme adopted MSC 69 (May 1998), implemented 0000 UTC 1 December 1998 (COLREG.2/Circ.44, amended by COLREG.2/Circ.54 of 28 May 2004), with precautionary area 'Off Pulau Sebarok/Pulau Belakang Padang'. Scheme coordinates run from about 103°32.96'E to about 103°50'E (S4, Annex 5).",SRC-001,https://www.scribd.com/document/1014775753/1-1-IMO-Adopted-Traffic-Separation-Schemes-on-the-ADMIRALTY-Chart-Series,Notice 17; scheme label: In the Singapore Strait (Main Strait),UKHO-labelled document on third-party host; edition and currency unverified.,SRC-007; SRC-006; SRC-092; SRC-093; SRC-094,"https://www.mpa.gov.sg/port-marine-ops/operations/vessel-traffic-information-system/operational-areas
https://www.mpa.gov.sg/port-marine-ops/operations/vessel-traffic-information-system
https://www.mpa.gov.sg/port-marine-ops/arrivals-and-departures/vessels-arriving-in-singapore
https://file.go.gov.sg/spi2025feb01.pdf
https://wwwcdn.imo.org/localresources/en/KnowledgeCentre/IndexofIMOResolutions/MSCResolutions/MSC.73(69).pdf",B23,Initial association evidenced,2026-09-29
TSS-0112,"Malacca, Singapore and Indonesia",Singapore Strait (Off St. John's Island),Source entry; single scheme on first-pass evidence,TSS identity confirmed (first pass); operational status: In force. Official baseline reconciliation pending.,Confirmed present: VTS-006,Confirmed present: SRS-004,VTS-006,SRS-004,"Source segment within the Malacca–Singapore routeing system. Do not equate segments with VTS areas. New scheme adopted MSC 69 (1998), implemented 1 December 1998, with precautionary area 'Off St. John's Island/Pulau Sambu'; coordinates about 103°50.2'E to 103°52.7'E, deep-water route within eastbound lane (S4, Annex 6).",SRC-001,https://www.scribd.com/document/1014775753/1-1-IMO-Adopted-Traffic-Separation-Schemes-on-the-ADMIRALTY-Chart-Series,Notice 17; scheme label: Singapore Strait (Off St. John's Island),UKHO-labelled document on third-party host; edition and currency unverified.,SRC-007; SRC-006; SRC-092; SRC-093; SRC-094,"https://www.mpa.gov.sg/port-marine-ops/operations/vessel-traffic-information-system/operational-areas
https://www.mpa.gov.sg/port-marine-ops/operations/vessel-traffic-information-system
https://www.mpa.gov.sg/port-marine-ops/arrivals-and-departures/vessels-arriving-in-singapore
https://file.go.gov.sg/spi2025feb01.pdf
https://wwwcdn.imo.org/localresources/en/KnowledgeCentre/IndexofIMOResolutions/MSCResolutions/MSC.73(69).pdf",B23,Initial association evidenced,2026-09-29
TSS-0113,"Malacca, Singapore and Indonesia",Singapore Strait (Off Changi/Pulau Batam),Source entry; single scheme on first-pass evidence,TSS identity confirmed (first pass); operational status: In force. Official baseline reconciliation pending.,Confirmed present: VTS-006,Confirmed present: SRS-004,VTS-006,SRS-004,"Source segment within the Malacca–Singapore routeing system. Do not equate segments with VTS areas. New scheme adopted MSC 69 (1998), implemented 1 December 1998, with precautionary area 'Off Tanjung Setapa/Pulau Bintan'; coordinates about 103°53.75'E to 104°03.35'E (S4, Annex 7).",SRC-001,https://www.scribd.com/document/1014775753/1-1-IMO-Adopted-Traffic-Separation-Schemes-on-the-ADMIRALTY-Chart-Series,Notice 17; scheme label: Singapore Strait (Off Changi/Pulau Batam),UKHO-labelled document on third-party host; edition and currency unverified.,SRC-007; SRC-006; SRC-092; SRC-093; SRC-094,"https://www.mpa.gov.sg/port-marine-ops/operations/vessel-traffic-information-system/operational-areas
https://www.mpa.gov.sg/port-marine-ops/operations/vessel-traffic-information-system
https://www.mpa.gov.sg/port-marine-ops/arrivals-and-departures/vessels-arriving-in-singapore
https://file.go.gov.sg/spi2025feb01.pdf
https://wwwcdn.imo.org/localresources/en/KnowledgeCentre/IndexofIMOResolutions/MSCResolutions/MSC.73(69).pdf",B23,Initial association evidenced,2026-09-29
TSS-0114,"Malacca, Singapore and Indonesia",At Horsburgh Lighthouse Area,Source entry; single scheme on first-pass evidence,TSS identity confirmed (first pass); operational status: In force. Official baseline reconciliation pending.,Confirmed present: VTS-006,Confirmed present: SRS-004,VTS-006,SRS-004,"Source segment within the Malacca–Singapore routeing system. Do not equate segments with VTS areas. Amended scheme adopted MSC 69 (1998), implemented 1 December 1998; coordinates 104°14.89'E to about 104°27.84'E (S4, Annex 8).",SRC-001,https://www.scribd.com/document/1014775753/1-1-IMO-Adopted-Traffic-Separation-Schemes-on-the-ADMIRALTY-Chart-Series,Notice 17; scheme label: At Horsburgh Lighthouse Area,UKHO-labelled document on third-party host; edition and currency unverified.,SRC-007; SRC-006; SRC-092; SRC-093; SRC-094,"https://www.mpa.gov.sg/port-marine-ops/operations/vessel-traffic-information-system/operational-areas
https://www.mpa.gov.sg/port-marine-ops/operations/vessel-traffic-information-system
https://www.mpa.gov.sg/port-marine-ops/arrivals-and-departures/vessels-arriving-in-singapore
https://file.go.gov.sg/spi2025feb01.pdf
https://wwwcdn.imo.org/localresources/en/KnowledgeCentre/IndexofIMOResolutions/MSCResolutions/MSC.73(69).pdf",B23,Initial association evidenced,2026-09-29
TSS-0115,"Malacca, Singapore and Indonesia",In the Sunda Strait,Source entry; single scheme on first-pass evidence,TSS identity confirmed (first pass); operational status: In force. Official baseline reconciliation pending.,Confirmed present: VTS-041,Confirmed present: SRS-020,VTS-041,SRS-020,"Adopted MSC 101 (June 2019), COLREG.2/Circ.74 of 14 June 2019, implemented 1 July 2020 (S6); includes inshore traffic zone; national instrument KM 130 Tahun 2020 cited by DGST (S7). Indonesia's first TSS in an archipelagic sea lane (ALKI I).",SRC-001,https://www.scribd.com/document/1014775753/1-1-IMO-Adopted-Traffic-Separation-Schemes-on-the-ADMIRALTY-Chart-Series,Notice 17; scheme label: In the Sunda Strait,UKHO-labelled document on third-party host; edition and currency unverified.,SRC-095; SRC-096; SRC-097,"https://bimco.org/media/gusfhkrc/colreg2circ74-new-traffic-separation-schemes-secretariat.pdf
https://hubla.dephub.go.id/home/post/read/7657/berlaku-1-juli-2020-kemenhub-jelaskan-sistem-pelaporan-kapal-di-tss-selat-sunda-dan-selat-lombok
https://hubla.dephub.go.id/home/post/read/5132/pentingnya-bagan-pemisahan-alur-laut-di-selat-sunda-dan-selat-lombok-bagi-indonesia",B23,Initial association evidenced,2026-09-29
TSS-0116,"Malacca, Singapore and Indonesia",In the Lombok Strait,Source entry; single scheme on first-pass evidence,TSS identity confirmed (first pass); operational status: In force. Official baseline reconciliation pending.,Confirmed present: VTS-042,Confirmed present: SRS-021,VTS-042,SRS-021,"Adopted MSC 101 (June 2019), COLREG.2/Circ.74 of 14 June 2019, implemented 1 July 2020 (S6); national instrument KM 129 Tahun 2020 (S7). ALKI II.",SRC-001,https://www.scribd.com/document/1014775753/1-1-IMO-Adopted-Traffic-Separation-Schemes-on-the-ADMIRALTY-Chart-Series,Notice 17; scheme label: In the Lombok Strait,UKHO-labelled document on third-party host; edition and currency unverified.,SRC-095; SRC-096; SRC-097,"https://bimco.org/media/gusfhkrc/colreg2circ74-new-traffic-separation-schemes-secretariat.pdf
https://hubla.dephub.go.id/home/post/read/7657/berlaku-1-juli-2020-kemenhub-jelaskan-sistem-pelaporan-kapal-di-tss-selat-sunda-dan-selat-lombok
https://hubla.dephub.go.id/home/post/read/5132/pentingnya-bagan-pemisahan-alur-laut-di-selat-sunda-dan-selat-lombok-bagi-indonesia",B24,Initial association evidenced,2026-09-29
TSS-0117,China Sea and China,In the East Lamma Channel,Source entry; single scheme on first-pass evidence,TSS identity confirmed (first pass); operational status: In force. Official baseline reconciliation pending.,Confirmed present: VTS-043,Unresolved,VTS-043,,Official name found: East Lamma Channel Traffic Separation Scheme. Marine Department states it is one of two TSS in Hong Kong waters adopted by IMO (S11); adoption circular and date not retrieved.,SRC-001,https://www.scribd.com/document/1014775753/1-1-IMO-Adopted-Traffic-Separation-Schemes-on-the-ADMIRALTY-Chart-Series,Notice 17; scheme label: In the East Lamma Channel,UKHO-labelled document on third-party host; edition and currency unverified.,SRC-098; SRC-099; SRC-100; SRC-101,"https://www.mardep.gov.hk/en/materials-and-publications/publications/hk-fact-sheet/index.html
https://www.mardep.gov.hk/filemanager/en/share/publications/pdf/materials/vtc_pamphlet.pdf
https://www.mardep.gov.hk/filemanager/en/share/pub-services/pdf/hkwaterlk_guide.pdf
https://www.mardep.gov.hk/filemanager/en/share/pub-services/pdf/vts_vscp.pdf",B24,Initial association evidenced,2026-09-29
TSS-0118,China Sea and China,In the Tathong Channel,Source entry; single scheme on first-pass evidence,TSS identity confirmed (first pass); operational status: In force. Official baseline reconciliation pending.,Confirmed present: VTS-043,Unresolved,VTS-043,,Official name found: Tathong Channel Traffic Separation Scheme. IMO-adopted per Marine Department (S11); adoption circular not retrieved.,SRC-001,https://www.scribd.com/document/1014775753/1-1-IMO-Adopted-Traffic-Separation-Schemes-on-the-ADMIRALTY-Chart-Series,Notice 17; scheme label: In the Tathong Channel,UKHO-labelled document on third-party host; edition and currency unverified.,SRC-098; SRC-099; SRC-100; SRC-101,"https://www.mardep.gov.hk/en/materials-and-publications/publications/hk-fact-sheet/index.html
https://www.mardep.gov.hk/filemanager/en/share/publications/pdf/materials/vtc_pamphlet.pdf
https://www.mardep.gov.hk/filemanager/en/share/pub-services/pdf/hkwaterlk_guide.pdf
https://www.mardep.gov.hk/filemanager/en/share/pub-services/pdf/vts_vscp.pdf",B24,Initial association evidenced,2026-09-29
TSS-0119,China Sea and China,In the Dangan Channel,Source entry; single scheme on first-pass evidence,TSS identity confirmed (first pass); operational status: In force. Official baseline reconciliation pending.,Confirmed present: VTS-044,Unresolved,VTS-044,,"Official name found: In Dangan Channel (担杆水道分道通航制). Existence and current use confirmed by Guangzhou MSA (S13) as part of the Pearl River Estuary routeing system (珠江口水域船舶定线制), comprising two traffic lanes, two separation zones, an inshore traffic zone and two precautionary areas. IMO adoption (COLREG.2/Circ.71, 25 May 2018, implemented 1 December 2018) is lead only: circular would not load.",SRC-001,https://www.scribd.com/document/1014775753/1-1-IMO-Adopted-Traffic-Separation-Schemes-on-the-ADMIRALTY-Chart-Series,Notice 17; scheme label: In the Dangan Channel,UKHO-labelled document on third-party host; edition and currency unverified.,SRC-102; SRC-103; SRC-104,"https://m.thepaper.cn/newsDetail_forward_30326627
https://www.chinanews.com.cn/dwq/2026/04-08/10600653.shtml
https://www.gd.msa.gov.cn/288d370277a13952929caab591b72d65/784a5ef27d1d402db548f019c88978b6.jhtml",B24,Initial association evidenced,2026-09-29
TSS-0120,China Sea and China,In the waters off the Chengshan Jiao Promontory,Source entry; single scheme on first-pass evidence,TSS identity confirmed (first pass); operational status: In force. Official baseline reconciliation pending.,Confirmed present: VTS-045,Confirmed present: SRS-022,VTS-045,SRS-022,"Official name found: Off Chengshan Jiao Promontory. IMO resolution MSC.389(94) refers to ships 'at anchor in the TSSs' within the Chengshan Jiao SRS area, confirming the schemes (S16). TSS adoption instrument and dates not retrieved.",SRC-001,https://www.scribd.com/document/1014775753/1-1-IMO-Adopted-Traffic-Separation-Schemes-on-the-ADMIRALTY-Chart-Series,Notice 17; scheme label: In the waters off the Chengshan Jiao Promontory,UKHO-labelled document on third-party host; edition and currency unverified.,SRC-105,https://wwwcdn.imo.org/localresources/en/KnowledgeCentre/IndexofIMOResolutions/MSCResolutions/MSC%20389%2094.pdf,B24,Initial association evidenced,2026-09-29
TSS-0121,North-west Pacific,In the Approaches to the Gulf of Nakhodka,Source entry; single scheme on first-pass evidence,TSS identity provisional (first pass); operational status: Not established. Official baseline reconciliation pending.,Unresolved (lead: VTS-046),Unresolved,,,"Not among the schemes in Government Directive 1226-r of 2006 as originally published (S17); a search snippet (Wikipedia, not fetched) describes an IMO scheme in the approaches to Zaliv Nakhodka (to Kozmino). May have been added by a later amendment of 1226-r (redaction of 15.07.2022 exists) or relate to scheme No. 3.",SRC-001,https://www.scribd.com/document/1014775753/1-1-IMO-Adopted-Traffic-Separation-Schemes-on-the-ADMIRALTY-Chart-Series,Notice 17; scheme label: In the Approaches to the Gulf of Nakhodka,UKHO-labelled document on third-party host; edition and currency unverified.,SRC-106; SRC-107; SRC-108,"https://meganorm.ru/Data2/1/4293849/4293849842.htm
https://rg.ru/documents/2011/07/05/naxodka-site-dok.html
https://www.consultant.ru/document/cons_doc_LAW_116506/dfe493850a134ba391cd60a9ae6bf84ebb6f7aa9/",B25,Association proposed,2026-09-29
TSS-0122,North-west Pacific,Off the Ostrovnoi Point,Source entry; single scheme on first-pass evidence,TSS identity confirmed (first pass); operational status: In force. Official baseline reconciliation pending.,Confirmed present: VTS-046,Unresolved,VTS-046,,"Official name found: Схема разделения движения № 3: Между мысами Поворотный и Островной (from Peter the Great Gulf to Cape Belkina). Established by Russian Government Directive 1226-r of 2 September 2006 as scheme No. 3 (three parts, about 133°17.5'E to 133°46.8'E); foreign ships prohibited in the lane north-west of part II separation zone (S17). IMO adoption not verified.",SRC-001,https://www.scribd.com/document/1014775753/1-1-IMO-Adopted-Traffic-Separation-Schemes-on-the-ADMIRALTY-Chart-Series,Notice 17; scheme label: Off the Ostrovnoi Point,UKHO-labelled document on third-party host; edition and currency unverified.,SRC-106; SRC-107; SRC-108,"https://meganorm.ru/Data2/1/4293849/4293849842.htm
https://rg.ru/documents/2011/07/05/naxodka-site-dok.html
https://www.consultant.ru/document/cons_doc_LAW_116506/dfe493850a134ba391cd60a9ae6bf84ebb6f7aa9/",B25,Initial association evidenced,2026-09-29
TSS-0123,North-west Pacific,Off Mys Aniva (Off the Aniwa Cape),Source entry; single scheme on first-pass evidence,TSS identity confirmed (first pass); operational status: In force. Official baseline reconciliation pending.,Unresolved (lead: VTS-047),Unresolved,,,"Official name found: Схема разделения движения № 6: Район мыса Анива (пролив Лаперуза). Scheme No. 6 in Government Directive 1226-r (2006): separation zone 4 miles wide, axis about 45°54'N 143°20'E to 45°58.8'N 143°40'E, plus inshore traffic zone (S17). IMO adoption not verified.",SRC-001,https://www.scribd.com/document/1014775753/1-1-IMO-Adopted-Traffic-Separation-Schemes-on-the-ADMIRALTY-Chart-Series,Notice 17; scheme label: Off Mys Aniva (Off the Aniwa Cape),UKHO-labelled document on third-party host; edition and currency unverified.,SRC-106,https://meganorm.ru/Data2/1/4293849/4293849842.htm,B25,Association proposed,2026-09-29
TSS-0124,North-west Pacific,In the Proliv Bussol',Source entry; single scheme on first-pass evidence,TSS identity confirmed (first pass); operational status: In force. Official baseline reconciliation pending.,Unresolved,Unresolved,,,"Official name found: Схема разделения движения № 12: Пролив Буссоль (Курильские острова). Scheme No. 12 in Government Directive 1226-r (2006), lanes 4 miles either side, directions 150°-330° (S17). IMO adoption not verified.",SRC-001,https://www.scribd.com/document/1014775753/1-1-IMO-Adopted-Traffic-Separation-Schemes-on-the-ADMIRALTY-Chart-Series,Notice 17; scheme label: In the Proliv Bussol',UKHO-labelled document on third-party host; edition and currency unverified.,SRC-106,https://meganorm.ru/Data2/1/4293849/4293849842.htm,B25,Researched; unresolved,2026-09-29
TSS-0125,North-west Pacific,Chetvertyy Kuril'skiy Proliv (In the Fourth Kuril Strait),Source entry; single scheme on first-pass evidence,TSS identity confirmed (first pass); operational status: In force. Official baseline reconciliation pending.,Unresolved,Unresolved,,,"Official name found: Схема разделения движения № 13: Четвертый Курильский пролив. Scheme No. 13 in Government Directive 1226-r (2006), lanes 2 miles either side, directions 126°-306° (S17). IMO adoption not verified.",SRC-001,https://www.scribd.com/document/1014775753/1-1-IMO-Adopted-Traffic-Separation-Schemes-on-the-ADMIRALTY-Chart-Series,Notice 17; scheme label: Chetvertyy Kuril'skiy Proliv (In the Fourth Kuril Strait),UKHO-labelled document on third-party host; edition and currency unverified.,SRC-106,https://meganorm.ru/Data2/1/4293849/4293849842.htm,B25,Researched; unresolved,2026-09-29
TSS-0126,Australia,Off Southwest Australia,"Source entry; 2 parts recorded (structure only, not a scheme count)",TSS identity confirmed (first pass); operational status: In force. Official baseline reconciliation pending.,Unresolved,Confirmed present: SRS-023,,SRS-023,"Official name found: Off the south-west coast of Australia (Cape Leeuwin TSS and Chatham Island TSS). AMSA lists the 'Cape Leeuwin Traffic Separation Scheme' among IMO-adopted TSS (S20). Grouped label: news/secondary leads say two schemes (off Cape Leeuwin and off Chatham Island) adopted MSC May 2016, effective 1 December 2016, use recommended; not confirmed from a primary source fetched.",SRC-001,https://www.scribd.com/document/1014775753/1-1-IMO-Adopted-Traffic-Separation-Schemes-on-the-ADMIRALTY-Chart-Series,Notice 17; scheme label: Off Southwest Australia,UKHO-labelled document on third-party host; edition and currency unverified.,SRC-109; SRC-110,"https://www.amsa.gov.au/safety-navigation/navigating-coastal-waters/offshore-oil-and-gas-exploration
https://www.amsa.gov.au/safety-navigation/navigation-systems/modernised-australian-ship-tracking-and-reporting-system",B26,Initial association evidenced,2026-09-29
TSS-0127,Australia,South of Wilsons Promontory in the Bass Strait,Source entry; single scheme on first-pass evidence,TSS identity confirmed (first pass); operational status: In force. Official baseline reconciliation pending.,Unresolved,Confirmed present: SRS-023,,SRS-023,Official name found: South of Wilsons Promontory. AMSA lists 'Gippsland and Wilsons Promontory TSS' among IMO-adopted TSS (S20); adoption date not retrieved.,SRC-001,https://www.scribd.com/document/1014775753/1-1-IMO-Adopted-Traffic-Separation-Schemes-on-the-ADMIRALTY-Chart-Series,Notice 17; scheme label: South of Wilsons Promontory in the Bass Strait,UKHO-labelled document on third-party host; edition and currency unverified.,SRC-109; SRC-110,"https://www.amsa.gov.au/safety-navigation/navigating-coastal-waters/offshore-oil-and-gas-exploration
https://www.amsa.gov.au/safety-navigation/navigation-systems/modernised-australian-ship-tracking-and-reporting-system",B26,Initial association evidenced,2026-09-29
TSS-0128,Australia,In the Bass Strait,Source entry; single scheme on first-pass evidence,TSS identity provisional (first pass); operational status: In force. Official baseline reconciliation pending.,Unresolved,Confirmed present: SRS-023,,SRS-023,AMSA refers to 'Gippsland and Wilsons Promontory TSS' and the Gippsland ATBA (S20); whether 'In the Bass Strait' denotes the Gippsland (off Gippsland oil and gas fields) scheme or another scheme could not be confirmed. Possible overlap with TSS-0127.,SRC-001,https://www.scribd.com/document/1014775753/1-1-IMO-Adopted-Traffic-Separation-Schemes-on-the-ADMIRALTY-Chart-Series,Notice 17; scheme label: In the Bass Strait,UKHO-labelled document on third-party host; edition and currency unverified.,SRC-109; SRC-110,"https://www.amsa.gov.au/safety-navigation/navigating-coastal-waters/offshore-oil-and-gas-exploration
https://www.amsa.gov.au/safety-navigation/navigation-systems/modernised-australian-ship-tracking-and-reporting-system",B26,Initial association evidenced,2026-09-29
TSS-0129,North America Pacific coast,In Prince William Sound,"Source entry; 4 parts recorded (structure only, not a scheme count)",TSS identity confirmed (first pass); operational status: In force. Official baseline reconciliation pending.,Confirmed present: VTS-009,Unresolved,VTS-009,,"Verify the exact approach-TSS relationship and participation boundaries. 33 CFR 167.1700-167.1703: four parts (Prince William Sound TSS, Valdez Arm TSS, Cape Hinchinbrook and Bligh Reef precautionary areas) (S23). IMO adoption circular not retrieved.",SRC-001,https://www.scribd.com/document/1014775753/1-1-IMO-Adopted-Traffic-Separation-Schemes-on-the-ADMIRALTY-Chart-Series,Notice 17; scheme label: In Prince William Sound,UKHO-labelled document on third-party host; edition and currency unverified.,SRC-111; SRC-112; SRC-113,"https://www.ecfr.gov/current/title-33/part-161/section-161.60
https://www.ecfr.gov/current/title-33/part-167/section-167.1700
https://www.ecfr.gov/current/title-33/part-161/section-161.12",B26,Initial association evidenced,2026-09-29
TSS-0130,North America Pacific coast,In the Strait of Juan de Fuca and its Approaches,"Source entry; 2 parts recorded (structure only, not a scheme count)",TSS identity confirmed (first pass); operational status: In force. Official baseline reconciliation pending.,"Confirmed present: VTS-010, VTS-048",Unresolved,VTS-010; VTS-048,,"This US service is not the whole cross-border corridor. Canadian service areas require separate records and boundary checks. Official name found: In the Strait of Juan de Fuca and its approaches. Grouped label. 33 CFR 167.1300-167.1303 (approaches: western approach, southwestern approach, precautionary area 'JF') and 167.1310-167.1315 (Strait: western, southern, northern, eastern lanes and precautionary area 'PA') (S26). IMO adoption circular not retrieved.",SRC-001,https://www.scribd.com/document/1014775753/1-1-IMO-Adopted-Traffic-Separation-Schemes-on-the-ADMIRALTY-Chart-Series,Notice 17; scheme label: In the Strait of Juan de Fuca and its Approaches,UKHO-labelled document on third-party host; edition and currency unverified.,SRC-113; SRC-114; SRC-115; SRC-116,"https://www.ecfr.gov/current/title-33/part-161/section-161.12
https://www.ecfr.gov/current/title-33/part-161/section-161.55
https://www.ecfr.gov/current/title-33/part-167/section-167.1300
https://laws-lois.justice.gc.ca/eng/regulations/SOR-2025-275/FullText.html",B26,Initial association evidenced,2026-09-29
TSS-0131,North America Pacific coast,"In Puget Sound and approaches in Haro Strait, Boundary Pass and in the Strait of Georgia","Source entry; 5 parts recorded (structure only, not a scheme count)",TSS identity confirmed (first pass); operational status: In force. Official baseline reconciliation pending.,"Confirmed present: VTS-010, VTS-048",Unresolved,VTS-010; VTS-048,,"This US service is not the whole cross-border corridor. Canadian service areas require separate records and boundary checks. Official name found: In Puget Sound and its approaches in Haro Strait, Boundary Pass and in the Strait of Georgia. IMO name as amended by COLREG.2/Circ.55 (MSC 79, 15 December 2004; amendments implemented 1 July 2005). US statutory text splits it into 33 CFR 167.1320-1323 (Puget Sound and its approaches) and 167.1330-1332 (Haro Strait, Boundary Pass, Strait of Georgia). Grouped heading; the separate Strait of Juan de Fuca and approaches schemes (33 CFR 167.1300/1310) are not part of this label.",SRC-001,https://www.scribd.com/document/1014775753/1-1-IMO-Adopted-Traffic-Separation-Schemes-on-the-ADMIRALTY-Chart-Series,"Notice 17; scheme label: In Puget Sound and approaches in Haro Strait, Boundary Pass and in the Strait of Georgia",UKHO-labelled document on third-party host; edition and currency unverified.,SRC-117; SRC-118; SRC-119; SRC-054; SRC-017; SRC-123,"https://www.ecfr.gov/api/versioner/v1/full/2026-09-01/title-33.xml?part=161
https://www.ecfr.gov/api/versioner/v1/full/2026-09-01/title-33.xml?part=167
https://www.canada.ca/content/dam/ccg-gcc/documents/publications/mcts-sctm/ramn-arnm-2026-eng.pdf
https://www.transportstyrelsen.se/globalassets/global/sjofart/dokument/sjotrafik_dok/imo_colreg.2_cirkular.pdf?id=58526
https://www.navcen.uscg.gov/vessel-traffic-services-locations
https://laws-lois.justice.gc.ca/eng/regulations/SOR-89-98/FullText.html",B27,Initial association evidenced,2026-09-29
TSS-0132,North America Pacific coast,Off San Francisco,"Source entry; 6 parts recorded (structure only, not a scheme count)",TSS identity confirmed (first pass); operational status: In force. Official baseline reconciliation pending.,Confirmed present: VTS-011,Unresolved (lead: SRS-008),VTS-011,,"Separate VTS requirements from voluntary offshore OVMRS. Offshore TSS coverage remains a research lead. 33 CFR 167.400-406: six parts (Precautionary Area, Northern, Southern and Western Approaches, Main Ship Channel, Area To Be Avoided). IMO adoption circular not separately retrieved.",SRC-001,https://www.scribd.com/document/1014775753/1-1-IMO-Adopted-Traffic-Separation-Schemes-on-the-ADMIRALTY-Chart-Series,Notice 17; scheme label: Off San Francisco,UKHO-labelled document on third-party host; edition and currency unverified.,SRC-017; SRC-117; SRC-118,"https://www.navcen.uscg.gov/vessel-traffic-services-locations
https://www.ecfr.gov/api/versioner/v1/full/2026-09-01/title-33.xml?part=161
https://www.ecfr.gov/api/versioner/v1/full/2026-09-01/title-33.xml?part=167",B27,Initial association evidenced,2026-09-29
TSS-0133,North America Pacific coast,In the Santa Barbara Channel and in the Approaches to Los Angeles - Long Beach,"Source entry; 2 parts recorded (structure only, not a scheme count)",TSS identity confirmed (first pass); operational status: In force. Official baseline reconciliation pending.,Confirmed present: VTS-012,Unresolved,VTS-012,,"The source TSS heading also includes Santa Barbara Channel. Do not infer whole-heading coverage. Official name found: In the Santa Barbara Channel; In the approaches to Los Angeles-Long Beach. Grouped heading of two schemes: Santa Barbara Channel (33 CFR 167.450-452, Point Vicente to Point Arguello) and approaches to Los Angeles-Long Beach (33 CFR 167.500-503: precautionary area, western and southern approaches). IMO compilation shows later amendments to both (Santa Barbara Channel amended scheme; 'Approaches to Los Angeles - Long Beach' amended scheme), circular numbers not extracted.",SRC-001,https://www.scribd.com/document/1014775753/1-1-IMO-Adopted-Traffic-Separation-Schemes-on-the-ADMIRALTY-Chart-Series,Notice 17; scheme label: In the Santa Barbara Channel and in the Approaches to Los Angeles - Long Beach,UKHO-labelled document on third-party host; edition and currency unverified.,SRC-017; SRC-117; SRC-118; SRC-054,"https://www.navcen.uscg.gov/vessel-traffic-services-locations
https://www.ecfr.gov/api/versioner/v1/full/2026-09-01/title-33.xml?part=161
https://www.ecfr.gov/api/versioner/v1/full/2026-09-01/title-33.xml?part=167
https://www.transportstyrelsen.se/globalassets/global/sjofart/dokument/sjotrafik_dok/imo_colreg.2_cirkular.pdf?id=58526",B27,Initial association evidenced,2026-09-29
TSS-0134,North America Pacific coast,In the Approaches to Salina Cruz,"Source entry; 3 parts recorded (structure only, not a scheme count)",TSS identity provisional (first pass); operational status: In force. Official baseline reconciliation pending.,Unresolved (lead: VTS-049),Unresolved,,,"Official name found: In the approaches to Salina Cruz. New scheme adopted by MSC 63 (COLREG.2/Circ.40, 9 June 1994), implemented 24 November 1994: two parts (south-western approach for tankers to the SPMs/oil terminal; southern approach for ships over 500 GT). A.827(19) (1995) added a precautionary area and three circular areas to be avoided. Current status not checked in GISIS.",SRC-001,https://www.scribd.com/document/1014775753/1-1-IMO-Adopted-Traffic-Separation-Schemes-on-the-ADMIRALTY-Chart-Series,Notice 17; scheme label: In the Approaches to Salina Cruz,UKHO-labelled document on third-party host; edition and currency unverified.,SRC-054; SRC-072,"https://www.transportstyrelsen.se/globalassets/global/sjofart/dokument/sjotrafik_dok/imo_colreg.2_cirkular.pdf?id=58526
https://wwwcdn.imo.org/localresources/en/KnowledgeCentre/IndexofIMOResolutions/AssemblyDocuments/A.827(19).pdf",B27,Association proposed,2026-09-29
TSS-0135,Central and South America Pacific coast,Landfall and Approaches to Talara Bay,Source entry; single scheme on first-pass evidence,TSS identity provisional (first pass); operational status: In force. Official baseline reconciliation pending.,Unresolved,Unresolved,,,"Official name found: Landfall and approaches to Talara Bay. New scheme adopted by MSC 73, COLREG.2/Circ.49 (19 January 2001), implemented 1 June 2001. Adopted by IMO MSC; implementation date as stated. Current status after later circulars (post COLREG.2/Circ.69) not checked in GISIS; treated as provisional pending a current Peruvian (HIDRONAV/DICAPI) or IMO Ships' Routeing check.",SRC-001,https://www.scribd.com/document/1014775753/1-1-IMO-Adopted-Traffic-Separation-Schemes-on-the-ADMIRALTY-Chart-Series,Notice 17; scheme label: Landfall and Approaches to Talara Bay,UKHO-labelled document on third-party host; edition and currency unverified.,SRC-120; SRC-054,"https://cimrc.shmtu.edu.cn/_upload/article/files/63/dc/35c66be74d12873254dc88a2ef00/4e997831-d3e8-440e-962a-5d1aaac44e37.pdf
https://www.transportstyrelsen.se/globalassets/global/sjofart/dokument/sjotrafik_dok/imo_colreg.2_cirkular.pdf?id=58526",B27,Researched; unresolved,2026-09-29
TSS-0136,Central and South America Pacific coast,Landfall and Approaches to Bahía de Paita,Source entry; single scheme on first-pass evidence,TSS identity provisional (first pass); operational status: In force. Official baseline reconciliation pending.,Unresolved,Unresolved,,,"Official name found: Landfall and approaches to Paita Bay. New scheme adopted by MSC 72, COLREG.2/Circ.48 (1 June 2000), implemented 1 December 2000. Adopted by IMO MSC; implementation date as stated. Current status after later circulars (post COLREG.2/Circ.69) not checked in GISIS; treated as provisional pending a current Peruvian (HIDRONAV/DICAPI) or IMO Ships' Routeing check.",SRC-001,https://www.scribd.com/document/1014775753/1-1-IMO-Adopted-Traffic-Separation-Schemes-on-the-ADMIRALTY-Chart-Series,Notice 17; scheme label: Landfall and Approaches to Bahía de Paita,UKHO-labelled document on third-party host; edition and currency unverified.,SRC-054; SRC-126,"https://www.transportstyrelsen.se/globalassets/global/sjofart/dokument/sjotrafik_dok/imo_colreg.2_cirkular.pdf?id=58526
https://nippon.zaidan.info/seikabutsu/1999/00484/contents/225.htm",B28,Researched; unresolved,2026-09-29
TSS-0137,Central and South America Pacific coast,Landfall off Puerto Salaverry,Source entry; single scheme on first-pass evidence,TSS identity provisional (first pass); operational status: In force. Official baseline reconciliation pending.,Unresolved,Unresolved,,,"Official name found: Landfall Off Puerto Salaverry. New scheme adopted by MSC 73, COLREG.2/Circ.49 (19 January 2001), implemented 1 June 2001. Adopted by IMO MSC; implementation date as stated. Current status after later circulars (post COLREG.2/Circ.69) not checked in GISIS; treated as provisional pending a current Peruvian (HIDRONAV/DICAPI) or IMO Ships' Routeing check.",SRC-001,https://www.scribd.com/document/1014775753/1-1-IMO-Adopted-Traffic-Separation-Schemes-on-the-ADMIRALTY-Chart-Series,Notice 17; scheme label: Landfall off Puerto Salaverry,UKHO-labelled document on third-party host; edition and currency unverified.,SRC-120; SRC-054,"https://cimrc.shmtu.edu.cn/_upload/article/files/63/dc/35c66be74d12873254dc88a2ef00/4e997831-d3e8-440e-962a-5d1aaac44e37.pdf
https://www.transportstyrelsen.se/globalassets/global/sjofart/dokument/sjotrafik_dok/imo_colreg.2_cirkular.pdf?id=58526",B28,Researched; unresolved,2026-09-29
TSS-0138,Central and South America Pacific coast,Landfall and Approaches to Ferrol Bay (Puerto Chimbote),Source entry; single scheme on first-pass evidence,TSS identity provisional (first pass); operational status: In force. Official baseline reconciliation pending.,Unresolved,Unresolved,,,"Official name found: Landfall and approaches to Ferrol Bay (Puerto Chimbote). New scheme adopted by MSC 73, COLREG.2/Circ.49 (19 January 2001), implemented 1 June 2001 (circular list misspells 'Puerto Chimbotu'; annex heading reads Puerto Chimbote). Adopted by IMO MSC; implementation date as stated. Current status after later circulars (post COLREG.2/Circ.69) not checked in GISIS; treated as provisional pending a current Peruvian (HIDRONAV/DICAPI) or IMO Ships' Routeing check.",SRC-001,https://www.scribd.com/document/1014775753/1-1-IMO-Adopted-Traffic-Separation-Schemes-on-the-ADMIRALTY-Chart-Series,Notice 17; scheme label: Landfall and Approaches to Ferrol Bay (Puerto Chimbote),UKHO-labelled document on third-party host; edition and currency unverified.,SRC-120; SRC-054,"https://cimrc.shmtu.edu.cn/_upload/article/files/63/dc/35c66be74d12873254dc88a2ef00/4e997831-d3e8-440e-962a-5d1aaac44e37.pdf
https://www.transportstyrelsen.se/globalassets/global/sjofart/dokument/sjotrafik_dok/imo_colreg.2_cirkular.pdf?id=58526",B28,Researched; unresolved,2026-09-29
TSS-0139,Central and South America Pacific coast,Approaches to Puerto Callao,Source entry; single scheme on first-pass evidence,TSS identity provisional (first pass); operational status: In force. Official baseline reconciliation pending.,Unresolved (lead: VTS-050),Unresolved,,,"New scheme adopted by MSC 72, COLREG.2/Circ.48 (1 June 2000), implemented 1 December 2000; three parts (Part I northwest approaches etc.). Adopted by IMO MSC; implementation date as stated. Current status after later circulars (post COLREG.2/Circ.69) not checked in GISIS; treated as provisional pending a current Peruvian (HIDRONAV/DICAPI) or IMO Ships' Routeing check.",SRC-001,https://www.scribd.com/document/1014775753/1-1-IMO-Adopted-Traffic-Separation-Schemes-on-the-ADMIRALTY-Chart-Series,Notice 17; scheme label: Approaches to Puerto Callao,UKHO-labelled document on third-party host; edition and currency unverified.,SRC-054; SRC-125; SRC-126,"https://www.transportstyrelsen.se/globalassets/global/sjofart/dokument/sjotrafik_dok/imo_colreg.2_cirkular.pdf?id=58526
https://busquedas.elperuano.pe/dispositivo/NL/2458852-1
https://nippon.zaidan.info/seikabutsu/1999/00484/contents/225.htm",B28,Association proposed,2026-09-29
TSS-0140,Central and South America Pacific coast,In the Approaches to Puerto Pisco,Source entry; single scheme on first-pass evidence,TSS identity provisional (first pass); operational status: In force. Official baseline reconciliation pending.,Unresolved,Unresolved,,,"Official name found: In the approaches to Puerto Pisco. Adopted as 'Landfall and approaches to Puerto San Martin' (COLREG.2/Circ.48, 1 June 2000, implemented 1 December 2000); amended and renamed 'In the approaches to Puerto Pisco' by COLREG.2/Circ.55 (15 December 2004), implemented 1 July 2005; two parts. Adopted by IMO MSC; implementation date as stated. Current status after later circulars (post COLREG.2/Circ.69) not checked in GISIS; treated as provisional pending a current Peruvian (HIDRONAV/DICAPI) or IMO Ships' Routeing check.",SRC-001,https://www.scribd.com/document/1014775753/1-1-IMO-Adopted-Traffic-Separation-Schemes-on-the-ADMIRALTY-Chart-Series,Notice 17; scheme label: In the Approaches to Puerto Pisco,UKHO-labelled document on third-party host; edition and currency unverified.,SRC-054,https://www.transportstyrelsen.se/globalassets/global/sjofart/dokument/sjotrafik_dok/imo_colreg.2_cirkular.pdf?id=58526,B28,Researched; unresolved,2026-09-29
TSS-0141,Central and South America Pacific coast,Landfall and Approaches to San Nicolás Bay,Source entry; single scheme on first-pass evidence,TSS identity provisional (first pass); operational status: In force. Official baseline reconciliation pending.,Unresolved,Unresolved,,,"Official name found: Landfall and approaches to San Nicolas Bay. New scheme adopted by MSC 73, COLREG.2/Circ.49 (19 January 2001), implemented 1 June 2001. Adopted by IMO MSC; implementation date as stated. Current status after later circulars (post COLREG.2/Circ.69) not checked in GISIS; treated as provisional pending a current Peruvian (HIDRONAV/DICAPI) or IMO Ships' Routeing check.",SRC-001,https://www.scribd.com/document/1014775753/1-1-IMO-Adopted-Traffic-Separation-Schemes-on-the-ADMIRALTY-Chart-Series,Notice 17; scheme label: Landfall and Approaches to San Nicolás Bay,UKHO-labelled document on third-party host; edition and currency unverified.,SRC-120; SRC-054,"https://cimrc.shmtu.edu.cn/_upload/article/files/63/dc/35c66be74d12873254dc88a2ef00/4e997831-d3e8-440e-962a-5d1aaac44e37.pdf
https://www.transportstyrelsen.se/globalassets/global/sjofart/dokument/sjotrafik_dok/imo_colreg.2_cirkular.pdf?id=58526",B29,Researched; unresolved,2026-09-29
TSS-0142,Central and South America Pacific coast,Landfall and Approaches to Puerto Ilo,Source entry; single scheme on first-pass evidence,TSS identity provisional (first pass); operational status: In force. Official baseline reconciliation pending.,Unresolved,Unresolved,,,"Official name found: Landfall and approaches to Puerto Ilo. New scheme adopted by MSC 72, COLREG.2/Circ.48 (1 June 2000), implemented 1 December 2000. Adopted by IMO MSC; implementation date as stated. Current status after later circulars (post COLREG.2/Circ.69) not checked in GISIS; treated as provisional pending a current Peruvian (HIDRONAV/DICAPI) or IMO Ships' Routeing check.",SRC-001,https://www.scribd.com/document/1014775753/1-1-IMO-Adopted-Traffic-Separation-Schemes-on-the-ADMIRALTY-Chart-Series,Notice 17; scheme label: Landfall and Approaches to Puerto Ilo,UKHO-labelled document on third-party host; edition and currency unverified.,SRC-054,https://www.transportstyrelsen.se/globalassets/global/sjofart/dokument/sjotrafik_dok/imo_colreg.2_cirkular.pdf?id=58526,B29,Researched; unresolved,2026-09-29
TSS-0143,Central and South America Pacific coast,In the Approaches to Arica,Source entry; single scheme on first-pass evidence,TSS identity provisional (first pass); operational status: In force. Official baseline reconciliation pending.,Unresolved,Unresolved (lead: SRS-024),,,"Official name found: In the approaches to Arica. New scheme adopted by MSC 55, COLREG.2/Circ.32 (16 May 1988), implemented 15 October 1988. Current status not checked in GISIS or SHOA publications; treated as provisional.",SRC-001,https://www.scribd.com/document/1014775753/1-1-IMO-Adopted-Traffic-Separation-Schemes-on-the-ADMIRALTY-Chart-Series,Notice 17; scheme label: In the Approaches to Arica,UKHO-labelled document on third-party host; edition and currency unverified.,SRC-054; SRC-121,"https://www.transportstyrelsen.se/globalassets/global/sjofart/dokument/sjotrafik_dok/imo_colreg.2_cirkular.pdf?id=58526
https://www.directemar.cl/directemar/site/docs/20200515/20200515201601/chilrep_v2_espa__ol.pdf",B29,Association proposed,2026-09-29
TSS-0144,Central and South America Pacific coast,In the Approaches to Iquique,Source entry; single scheme on first-pass evidence,TSS identity provisional (first pass); operational status: In force. Official baseline reconciliation pending.,Unresolved,Unresolved (lead: SRS-024),,,"Official name found: In the approaches to Iquique. New scheme adopted by MSC 55 (COLREG.2/Circ.32, 1988, implemented 15 October 1988); amended by MSC 72 (COLREG.2/Circ.48, 1 June 2000, implemented 1 December 2000). Current status not checked in GISIS or SHOA publications; treated as provisional.",SRC-001,https://www.scribd.com/document/1014775753/1-1-IMO-Adopted-Traffic-Separation-Schemes-on-the-ADMIRALTY-Chart-Series,Notice 17; scheme label: In the Approaches to Iquique,UKHO-labelled document on third-party host; edition and currency unverified.,SRC-054; SRC-121,"https://www.transportstyrelsen.se/globalassets/global/sjofart/dokument/sjotrafik_dok/imo_colreg.2_cirkular.pdf?id=58526
https://www.directemar.cl/directemar/site/docs/20200515/20200515201601/chilrep_v2_espa__ol.pdf",B29,Association proposed,2026-09-29
TSS-0145,Central and South America Pacific coast,In the Approaches to Antofagasta,Source entry; single scheme on first-pass evidence,TSS identity provisional (first pass); operational status: In force. Official baseline reconciliation pending.,Unresolved,Unresolved (lead: SRS-024),,,"Official name found: In the approaches to Antofagasta. Listed among schemes implemented 15 May 1978 (COLREG.2/Circ.5, 6 March 1978, OCR copy); amended by MSC 55 (COLREG.2/Circ.32, implemented 15 October 1988). Current status not checked in GISIS or SHOA publications; treated as provisional.",SRC-001,https://www.scribd.com/document/1014775753/1-1-IMO-Adopted-Traffic-Separation-Schemes-on-the-ADMIRALTY-Chart-Series,Notice 17; scheme label: In the Approaches to Antofagasta,UKHO-labelled document on third-party host; edition and currency unverified.,SRC-054; SRC-121,"https://www.transportstyrelsen.se/globalassets/global/sjofart/dokument/sjotrafik_dok/imo_colreg.2_cirkular.pdf?id=58526
https://www.directemar.cl/directemar/site/docs/20200515/20200515201601/chilrep_v2_espa__ol.pdf",B29,Association proposed,2026-09-29
TSS-0146,Central and South America Pacific coast,In the Approaches to Quintero Bay,Source entry; single scheme on first-pass evidence,TSS identity provisional (first pass); operational status: In force. Official baseline reconciliation pending.,Unresolved,Unresolved (lead: SRS-024),,,"Official name found: In the approaches to Quintero Bay. Implemented 15 May 1978 (COLREG.2/Circ.5, OCR copy); amended by MSC 55 (COLREG.2/Circ.32, implemented 15 October 1988). Current status not checked in GISIS or SHOA publications; treated as provisional.",SRC-001,https://www.scribd.com/document/1014775753/1-1-IMO-Adopted-Traffic-Separation-Schemes-on-the-ADMIRALTY-Chart-Series,Notice 17; scheme label: In the Approaches to Quintero Bay,UKHO-labelled document on third-party host; edition and currency unverified.,SRC-054; SRC-121,"https://www.transportstyrelsen.se/globalassets/global/sjofart/dokument/sjotrafik_dok/imo_colreg.2_cirkular.pdf?id=58526
https://www.directemar.cl/directemar/site/docs/20200515/20200515201601/chilrep_v2_espa__ol.pdf",B30,Association proposed,2026-09-29
TSS-0147,Central and South America Pacific coast,In the Approaches to Valparaíso,Source entry; single scheme on first-pass evidence,TSS identity provisional (first pass); operational status: In force. Official baseline reconciliation pending.,Unresolved (lead: VTS-051),Unresolved (lead: SRS-024),,,"Official name found: In the approaches to Valparaiso. Implemented 15 May 1978 (COLREG.2/Circ.5, OCR copy); amended by MSC 55 (COLREG.2/Circ.32, implemented 15 October 1988). Current status not checked in GISIS or SHOA publications; treated as provisional.",SRC-001,https://www.scribd.com/document/1014775753/1-1-IMO-Adopted-Traffic-Separation-Schemes-on-the-ADMIRALTY-Chart-Series,Notice 17; scheme label: In the Approaches to Valparaíso,UKHO-labelled document on third-party host; edition and currency unverified.,SRC-054; SRC-121; SRC-122,"https://www.transportstyrelsen.se/globalassets/global/sjofart/dokument/sjotrafik_dok/imo_colreg.2_cirkular.pdf?id=58526
https://www.directemar.cl/directemar/site/docs/20200515/20200515201601/chilrep_v2_espa__ol.pdf
https://vlex.cl/vid/resolucion-n-12-000-927122110",B30,Association proposed,2026-09-29
TSS-0148,Central and South America Pacific coast,In the Approaches to Concepción Bay (Bahía Concepción),Source entry; single scheme on first-pass evidence,TSS identity provisional (first pass); operational status: In force. Official baseline reconciliation pending.,Unresolved,Unresolved (lead: SRS-024),,,"Official name found: In the approaches to Concepcion Bay. Implemented 15 May 1978 (COLREG.2/Circ.5, OCR copy); amended by MSC 55 (COLREG.2/Circ.32, implemented 15 October 1988). Current status not checked in GISIS or SHOA publications; treated as provisional.",SRC-001,https://www.scribd.com/document/1014775753/1-1-IMO-Adopted-Traffic-Separation-Schemes-on-the-ADMIRALTY-Chart-Series,Notice 17; scheme label: In the Approaches to Concepción Bay (Bahía Concepción),UKHO-labelled document on third-party host; edition and currency unverified.,SRC-054; SRC-121,"https://www.transportstyrelsen.se/globalassets/global/sjofart/dokument/sjotrafik_dok/imo_colreg.2_cirkular.pdf?id=58526
https://www.directemar.cl/directemar/site/docs/20200515/20200515201601/chilrep_v2_espa__ol.pdf",B30,Association proposed,2026-09-29
TSS-0149,Central and South America Pacific coast,In the Approaches to San Vicente Bay (Bahía San Vicente),Source entry; single scheme on first-pass evidence,TSS identity provisional (first pass); operational status: In force. Official baseline reconciliation pending.,Unresolved,Unresolved (lead: SRS-024),,,"Official name found: In the approaches to San Vicente Bay. Implemented 15 May 1978 (COLREG.2/Circ.5, OCR copy); amended by MSC 55 (COLREG.2/Circ.32, implemented 15 October 1988). Current status not checked in GISIS or SHOA publications; treated as provisional.",SRC-001,https://www.scribd.com/document/1014775753/1-1-IMO-Adopted-Traffic-Separation-Schemes-on-the-ADMIRALTY-Chart-Series,Notice 17; scheme label: In the Approaches to San Vicente Bay (Bahía San Vicente),UKHO-labelled document on third-party host; edition and currency unverified.,SRC-054; SRC-121; SRC-124,"https://www.transportstyrelsen.se/globalassets/global/sjofart/dokument/sjotrafik_dok/imo_colreg.2_cirkular.pdf?id=58526
https://www.directemar.cl/directemar/site/docs/20200515/20200515201601/chilrep_v2_espa__ol.pdf
https://www.directemar.cl/directemar/site/docs/20200825/20200825090936/09__12600_94_240820_san_vicente.pdf",B30,Association proposed,2026-09-29
TSS-0150,Central and South America Pacific coast,In the Approaches to Puntas Arenas,Source entry; single scheme on first-pass evidence,TSS identity provisional (first pass); operational status: In force. Official baseline reconciliation pending.,Unresolved,Unresolved (lead: SRS-024),,,"Check official spelling and scheme identity. Source wording retained. Official name found: In the approaches to Punta Arenas. Official spelling 'Punta Arenas' (source label 'Puntas Arenas' is an error). New scheme adopted by MSC 55 (COLREG.2/Circ.32, implemented 15 October 1988); amended and moved east by MSC 72 (COLREG.2/Circ.48, 1 June 2000, implemented 1 December 2000): two lanes (entry 296°, exit 129°) and one separation zone. Current status not checked in GISIS or SHOA publications; treated as provisional.",SRC-001,https://www.scribd.com/document/1014775753/1-1-IMO-Adopted-Traffic-Separation-Schemes-on-the-ADMIRALTY-Chart-Series,Notice 17; scheme label: In the Approaches to Puntas Arenas,UKHO-labelled document on third-party host; edition and currency unverified.,SRC-054; SRC-121,"https://www.transportstyrelsen.se/globalassets/global/sjofart/dokument/sjotrafik_dok/imo_colreg.2_cirkular.pdf?id=58526
https://www.directemar.cl/directemar/site/docs/20200515/20200515201601/chilrep_v2_espa__ol.pdf",B30,Association proposed,2026-09-29
TSS-0151,"Caribbean, Gulf of Mexico and Panama",At the approaches to Puerto Cristobal,Source entry; single scheme on first-pass evidence,TSS identity confirmed (first pass); operational status: In force. Official baseline reconciliation pending.,Unresolved (lead: VTS-054),Unresolved,,,"New TSS adopted MSC 93 (May 2014) per COLREG.2/Circ.65 (23 May 2014), implemented 0000 UTC 1 December 2014. Annex 2 comprises separation lines, three separation zones, entry and exit lanes and two inshore traffic zones (ref. chart BA 1400).",SRC-001,https://www.scribd.com/document/1014775753/1-1-IMO-Adopted-Traffic-Separation-Schemes-on-the-ADMIRALTY-Chart-Series,Notice 17; scheme label: At the approaches to Puerto Cristobal,UKHO-labelled document on third-party host; edition and currency unverified.,SRC-132; SRC-134; SRC-135,"https://www.panamashipregistry.com/wp-content/uploads/2019/08/COLREG-2-Circ-65.pdf
https://pancanal.com/wp-content/uploads/2021/08/N02-2026-Harbor-Operations_BMV.pdf
https://pancanal.com/wp-content/uploads/2021/08/N01-2025-Vessel-Requirements.pdf",B31,Association proposed,2026-09-29
TSS-0152,"Caribbean, Gulf of Mexico and Panama",Off Cabo San Antonio,Source entry; single scheme on first-pass evidence,TSS identity confirmed (first pass); operational status: In force. Official baseline reconciliation pending.,Unresolved,Unresolved,,,"New scheme adopted MSC 48 (COLREG.2/Circ.20, 5 Aug 1983), not implemented before 17 March 1984; amended scheme adopted MSC 63 (COLREG.2/Circ.40), implemented 0000 UTC 24 November 1994. Reference charts Instituto Cubano de Hidrografía.  No later revocation seen, but current IMO Ships' Routeing edition not consulted.",SRC-001,https://www.scribd.com/document/1014775753/1-1-IMO-Adopted-Traffic-Separation-Schemes-on-the-ADMIRALTY-Chart-Series,Notice 17; scheme label: Off Cabo San Antonio,UKHO-labelled document on third-party host; edition and currency unverified.,SRC-054,https://www.transportstyrelsen.se/globalassets/global/sjofart/dokument/sjotrafik_dok/imo_colreg.2_cirkular.pdf?id=58526,B31,Researched; unresolved,2026-09-29
TSS-0153,"Caribbean, Gulf of Mexico and Panama",Off La Tabla,Source entry; single scheme on first-pass evidence,TSS identity confirmed (first pass); operational status: In force. Official baseline reconciliation pending.,Unresolved,Unresolved,,,"New scheme adopted MSC 48 (COLREG.2/Circ.20, 5 Aug 1983), not implemented before 17 March 1984; amended scheme adopted MSC 63 (COLREG.2/Circ.40), implemented 0000 UTC 24 November 1994. Reference charts Instituto Cubano de Hidrografía.  No later revocation seen, but current IMO Ships' Routeing edition not consulted.",SRC-001,https://www.scribd.com/document/1014775753/1-1-IMO-Adopted-Traffic-Separation-Schemes-on-the-ADMIRALTY-Chart-Series,Notice 17; scheme label: Off La Tabla,UKHO-labelled document on third-party host; edition and currency unverified.,SRC-054,https://www.transportstyrelsen.se/globalassets/global/sjofart/dokument/sjotrafik_dok/imo_colreg.2_cirkular.pdf?id=58526,B31,Researched; unresolved,2026-09-29
TSS-0154,"Caribbean, Gulf of Mexico and Panama",Off Costa de Matanzas,Source entry; single scheme on first-pass evidence,TSS identity confirmed (first pass); operational status: In force. Official baseline reconciliation pending.,Unresolved,Unresolved,,,"New scheme adopted MSC 48 (COLREG.2/Circ.20, 5 Aug 1983), not implemented before 17 March 1984; amended scheme adopted MSC 63 (COLREG.2/Circ.40), implemented 0000 UTC 24 November 1994. Reference charts Instituto Cubano de Hidrografía.  No later revocation seen, but current IMO Ships' Routeing edition not consulted.",SRC-001,https://www.scribd.com/document/1014775753/1-1-IMO-Adopted-Traffic-Separation-Schemes-on-the-ADMIRALTY-Chart-Series,Notice 17; scheme label: Off Costa de Matanzas,UKHO-labelled document on third-party host; edition and currency unverified.,SRC-054,https://www.transportstyrelsen.se/globalassets/global/sjofart/dokument/sjotrafik_dok/imo_colreg.2_cirkular.pdf?id=58526,B31,Researched; unresolved,2026-09-29
TSS-0155,"Caribbean, Gulf of Mexico and Panama",In the Old Bahama Channel,Source entry; single scheme on first-pass evidence,TSS identity confirmed (first pass); operational status: In force. Official baseline reconciliation pending.,Unresolved,Unresolved,,,"New scheme adopted MSC 48 (COLREG.2/Circ.20, 5 Aug 1983), not implemented before 17 March 1984; amended scheme adopted MSC 63 (COLREG.2/Circ.40), implemented 0000 UTC 24 November 1994. Reference charts Instituto Cubano de Hidrografía. Adjoins Bahamian waters; only Cuba named as proposing State in the circulars seen. No later revocation seen, but current IMO Ships' Routeing edition not consulted.",SRC-001,https://www.scribd.com/document/1014775753/1-1-IMO-Adopted-Traffic-Separation-Schemes-on-the-ADMIRALTY-Chart-Series,Notice 17; scheme label: In the Old Bahama Channel,UKHO-labelled document on third-party host; edition and currency unverified.,SRC-054,https://www.transportstyrelsen.se/globalassets/global/sjofart/dokument/sjotrafik_dok/imo_colreg.2_cirkular.pdf?id=58526,B31,Researched; unresolved,2026-09-29
TSS-0156,"Caribbean, Gulf of Mexico and Panama",Off Punta Maternillos,Source entry; single scheme on first-pass evidence,TSS identity confirmed (first pass); operational status: In force. Official baseline reconciliation pending.,Unresolved,Unresolved,,,"New scheme adopted MSC 48 (COLREG.2/Circ.20, 5 Aug 1983), not implemented before 17 March 1984; amended scheme adopted MSC 63 (COLREG.2/Circ.40), implemented 0000 UTC 24 November 1994. Reference charts Instituto Cubano de Hidrografía.  No later revocation seen, but current IMO Ships' Routeing edition not consulted.",SRC-001,https://www.scribd.com/document/1014775753/1-1-IMO-Adopted-Traffic-Separation-Schemes-on-the-ADMIRALTY-Chart-Series,Notice 17; scheme label: Off Punta Maternillos,UKHO-labelled document on third-party host; edition and currency unverified.,SRC-054,https://www.transportstyrelsen.se/globalassets/global/sjofart/dokument/sjotrafik_dok/imo_colreg.2_cirkular.pdf?id=58526,B32,Researched; unresolved,2026-09-29
TSS-0157,"Caribbean, Gulf of Mexico and Panama",Off Punta Lucretia,Source entry; single scheme on first-pass evidence,TSS identity confirmed (first pass); operational status: In force. Official baseline reconciliation pending.,Unresolved,Unresolved,,,"Official name found: Off Punta Lucrecia. New scheme adopted MSC 48 (COLREG.2/Circ.20, 5 Aug 1983), not implemented before 17 March 1984; amended scheme adopted MSC 63 (COLREG.2/Circ.40), implemented 0000 UTC 24 November 1994. Reference charts Instituto Cubano de Hidrografía. Spelt 'Punta Lucrecia' in Circ.20 and 'Punta Lucrezia' in Circ.40; source label 'Punta Lucretia' is a variant spelling. No later revocation seen, but current IMO Ships' Routeing edition not consulted.",SRC-001,https://www.scribd.com/document/1014775753/1-1-IMO-Adopted-Traffic-Separation-Schemes-on-the-ADMIRALTY-Chart-Series,Notice 17; scheme label: Off Punta Lucretia,UKHO-labelled document on third-party host; edition and currency unverified.,SRC-054,https://www.transportstyrelsen.se/globalassets/global/sjofart/dokument/sjotrafik_dok/imo_colreg.2_cirkular.pdf?id=58526,B32,Researched; unresolved,2026-09-29
TSS-0158,"Caribbean, Gulf of Mexico and Panama",Off Cabo Maisi,Source entry; single scheme on first-pass evidence,TSS identity confirmed (first pass); operational status: In force. Official baseline reconciliation pending.,Unresolved,Unresolved,,,"Official name found: Off Cabo Maysi. New scheme adopted MSC 48 (COLREG.2/Circ.20, 5 Aug 1983), not implemented before 17 March 1984; amended scheme adopted MSC 63 (COLREG.2/Circ.40), implemented 0000 UTC 24 November 1994. Reference charts Instituto Cubano de Hidrografía. Circulars spell 'Cabo Maysi' (Cabo Maisí). No later revocation seen, but current IMO Ships' Routeing edition not consulted.",SRC-001,https://www.scribd.com/document/1014775753/1-1-IMO-Adopted-Traffic-Separation-Schemes-on-the-ADMIRALTY-Chart-Series,Notice 17; scheme label: Off Cabo Maisi,UKHO-labelled document on third-party host; edition and currency unverified.,SRC-054,https://www.transportstyrelsen.se/globalassets/global/sjofart/dokument/sjotrafik_dok/imo_colreg.2_cirkular.pdf?id=58526,B32,Researched; unresolved,2026-09-29
TSS-0159,"Caribbean, Gulf of Mexico and Panama",In the Approaches to the Port of Veracruz,"Source entry; 2 parts recorded (structure only, not a scheme count)",TSS identity confirmed (first pass); operational status: In force. Official baseline reconciliation pending.,Unresolved (lead: VTS-056),Unresolved,,,"New scheme adopted MSC 66 (COLREG.2/Circ.41, 14 June 1996), implemented 0000 UTC 30 November 1996. Two parts: Part I East Approach and Part II North Approach, both recommended for vessels entering or leaving Veracruz.",SRC-001,https://www.scribd.com/document/1014775753/1-1-IMO-Adopted-Traffic-Separation-Schemes-on-the-ADMIRALTY-Chart-Series,Notice 17; scheme label: In the Approaches to the Port of Veracruz,UKHO-labelled document on third-party host; edition and currency unverified.,SRC-054,https://www.transportstyrelsen.se/globalassets/global/sjofart/dokument/sjotrafik_dok/imo_colreg.2_cirkular.pdf?id=58526,B32,Association proposed,2026-09-29
TSS-0160,"Caribbean, Gulf of Mexico and Panama",In the Approaches to Galveston Bay,Source entry; single scheme on first-pass evidence,TSS identity confirmed (first pass); operational status: In force. Official baseline reconciliation pending.,Confirmed present: VTS-013,Unresolved,VTS-013,,"The offshore Galveston TSS is an approach lead. Service existence does not establish offshore coverage. Official name found: In the approaches to Galveston Bay Traffic Separation Scheme and precautionary areas (33 CFR 167.350). Adopted MSC 48 (COLREG.2/Circ.20, 1983), implementation not before 17 Dec 1983. Codified at 33 CFR 167.350: inshore precautionary area, separation zone, inbound and outbound lanes, offshore precautionary area (29°06.4′N to 29°19.8′N, 94°20.6′W to 94°39.2′W).",SRC-001,https://www.scribd.com/document/1014775753/1-1-IMO-Adopted-Traffic-Separation-Schemes-on-the-ADMIRALTY-Chart-Series,Notice 17; scheme label: In the Approaches to Galveston Bay,UKHO-labelled document on third-party host; edition and currency unverified.,SRC-118; SRC-117; SRC-017; SRC-054,"https://www.ecfr.gov/api/versioner/v1/full/2026-09-01/title-33.xml?part=167
https://www.ecfr.gov/api/versioner/v1/full/2026-09-01/title-33.xml?part=161
https://www.navcen.uscg.gov/vessel-traffic-services-locations
https://www.transportstyrelsen.se/globalassets/global/sjofart/dokument/sjotrafik_dok/imo_colreg.2_cirkular.pdf?id=58526",B32,Initial association evidenced,2026-09-29
TSS-0161,Central and South America Pacific coast,On the Pacific Coast of Panama,"Source entry; 4 parts recorded (structure only, not a scheme count)",TSS identity confirmed (first pass); operational status: In force. Official baseline reconciliation pending.,Unresolved (lead: VTS-055),Unresolved,,,"Geographical classification corrected to Pacific; source label retained. Official name found: On the Pacific coast of Panama. New TSS adopted MSC 93 (COLREG.2/Circ.65, 23 May 2014), implemented 0000 UTC 1 December 2014. Grouped scheme: Part 1 Gulf of Panama, Part 2 Punta Morro de Puercos, Part 3 Off Isla Jicarita, Part 4 inshore traffic zones. A 10 kn seasonal speed restriction (1 Aug to 30 Nov, north of 8°00′N) applies in the Gulf of Panama part (ACP A-24-2026).",SRC-001,https://www.scribd.com/document/1014775753/1-1-IMO-Adopted-Traffic-Separation-Schemes-on-the-ADMIRALTY-Chart-Series,Notice 17; scheme label: On the Pacific Coast of Panama,UKHO-labelled document on third-party host; edition and currency unverified.,SRC-132; SRC-133; SRC-134,"https://www.panamashipregistry.com/wp-content/uploads/2019/08/COLREG-2-Circ-65.pdf
https://pancanal.com/wp-content/uploads/2026/04/ADV-24-2026-Speed-Restriction-in-Traffic-Separation-Scheme-on-the-Pacific-Approach-to-the-Panama-Canal.pdf
https://pancanal.com/wp-content/uploads/2021/08/N02-2026-Harbor-Operations_BMV.pdf",B33,Association proposed,2026-09-29
TSS-0162,North America Atlantic coast,In the Approaches to the Cape Fear River,Source entry; single scheme on first-pass evidence,TSS identity confirmed (first pass); operational status: In force. Official baseline reconciliation pending.,Unresolved,Unresolved,,,"Official name found: In the approaches to the Cape Fear River (33 CFR 167.250-252). New scheme adopted MSC 79 (COLREG.2/Circ.55, 15 Dec 2004), implemented 0000 UTC 1 July 2005. Precautionary area plus TSS (33 CFR 167.251-252). Note: 167.250 text erroneously refers to Narragansett Bay (drafting error in CFR).",SRC-001,https://www.scribd.com/document/1014775753/1-1-IMO-Adopted-Traffic-Separation-Schemes-on-the-ADMIRALTY-Chart-Series,Notice 17; scheme label: In the Approaches to the Cape Fear River,UKHO-labelled document on third-party host; edition and currency unverified.,SRC-118; SRC-117; SRC-127; SRC-017; SRC-054,"https://www.ecfr.gov/api/versioner/v1/full/2026-09-01/title-33.xml?part=167
https://www.ecfr.gov/api/versioner/v1/full/2026-09-01/title-33.xml?part=161
https://www.ecfr.gov/api/versioner/v1/full/2026-09-01/title-33.xml?part=169
https://www.navcen.uscg.gov/vessel-traffic-services-locations
https://www.transportstyrelsen.se/globalassets/global/sjofart/dokument/sjotrafik_dok/imo_colreg.2_cirkular.pdf?id=58526",B33,Researched; unresolved,2026-09-29
TSS-0163,North America Atlantic coast,In the Approaches to Chesapeake Bay,"Source entry; 3 parts recorded (structure only, not a scheme count)",TSS identity confirmed (first pass); operational status: In force. Official baseline reconciliation pending.,Unresolved,Unresolved,,,"Official name found: In the approaches to Chesapeake Bay Traffic Separation Scheme (33 CFR 167.200-203). Precautionary area, Eastern Approach and Southern Approach with deep-water route for drafts over 12.8 m and naval aircraft carriers; last amended MSC 79 (COLREG.2/Circ.55), implemented 1 July 2005. Early listing in COLREG.2/Circ.5 (1978).",SRC-001,https://www.scribd.com/document/1014775753/1-1-IMO-Adopted-Traffic-Separation-Schemes-on-the-ADMIRALTY-Chart-Series,Notice 17; scheme label: In the Approaches to Chesapeake Bay,UKHO-labelled document on third-party host; edition and currency unverified.,SRC-118; SRC-117; SRC-127; SRC-017; SRC-054,"https://www.ecfr.gov/api/versioner/v1/full/2026-09-01/title-33.xml?part=167
https://www.ecfr.gov/api/versioner/v1/full/2026-09-01/title-33.xml?part=161
https://www.ecfr.gov/api/versioner/v1/full/2026-09-01/title-33.xml?part=169
https://www.navcen.uscg.gov/vessel-traffic-services-locations
https://www.transportstyrelsen.se/globalassets/global/sjofart/dokument/sjotrafik_dok/imo_colreg.2_cirkular.pdf?id=58526",B33,Researched; unresolved,2026-09-29
TSS-0164,North America Atlantic coast,Off Delaware Bay,"Source entry; 4 parts recorded (structure only, not a scheme count)",TSS identity confirmed (first pass); operational status: In force. Official baseline reconciliation pending.,Unresolved (lead: VTS-057),Unresolved,,,"Official name found: Off Delaware Bay Approach Traffic Separation Scheme (33 CFR 167.170-174). Eastern Approach, Southeastern Approach, Two-Way Traffic Route and Precautionary Area; amended MSC 67 (COLREG.2/Circ.42, 2 Jan 1997), implemented 0000 UTC 3 June 1997.",SRC-001,https://www.scribd.com/document/1014775753/1-1-IMO-Adopted-Traffic-Separation-Schemes-on-the-ADMIRALTY-Chart-Series,Notice 17; scheme label: Off Delaware Bay,UKHO-labelled document on third-party host; edition and currency unverified.,SRC-118; SRC-117; SRC-127; SRC-017; SRC-054,"https://www.ecfr.gov/api/versioner/v1/full/2026-09-01/title-33.xml?part=167
https://www.ecfr.gov/api/versioner/v1/full/2026-09-01/title-33.xml?part=161
https://www.ecfr.gov/api/versioner/v1/full/2026-09-01/title-33.xml?part=169
https://www.navcen.uscg.gov/vessel-traffic-services-locations
https://www.transportstyrelsen.se/globalassets/global/sjofart/dokument/sjotrafik_dok/imo_colreg.2_cirkular.pdf?id=58526",B33,Association proposed,2026-09-29
TSS-0165,North America Atlantic coast,Off New York,"Source entry; 5 parts recorded (structure only, not a scheme count)",TSS identity confirmed (first pass); operational status: In force. Official baseline reconciliation pending.,Unresolved (lead: VTS-014),Unresolved,,,"The offshore New York TSS link needs geographical and applicability confirmation. Official name found: Off New York Traffic Separation Scheme and Precautionary Areas (33 CFR 167.150-155). Circular precautionary area (7 NM radius on 40°27.50′N 73°49.90′W), Eastern approach off Nantucket, Eastern, South-eastern and Southern approaches, plus a junction precautionary area with the Boston TSS; amended MSC 48 (COLREG.2/Circ.20, 1983).",SRC-001,https://www.scribd.com/document/1014775753/1-1-IMO-Adopted-Traffic-Separation-Schemes-on-the-ADMIRALTY-Chart-Series,Notice 17; scheme label: Off New York,UKHO-labelled document on third-party host; edition and currency unverified.,SRC-118; SRC-117; SRC-127; SRC-017; SRC-054,"https://www.ecfr.gov/api/versioner/v1/full/2026-09-01/title-33.xml?part=167
https://www.ecfr.gov/api/versioner/v1/full/2026-09-01/title-33.xml?part=161
https://www.ecfr.gov/api/versioner/v1/full/2026-09-01/title-33.xml?part=169
https://www.navcen.uscg.gov/vessel-traffic-services-locations
https://www.transportstyrelsen.se/globalassets/global/sjofart/dokument/sjotrafik_dok/imo_colreg.2_cirkular.pdf?id=58526",B33,Association proposed,2026-09-29
TSS-0166,North America Atlantic coast,"In the Approaches to Narragansett Bay, Rhode Island and Buzzards Bay, Massachusetts","Source entry; 3 parts recorded (structure only, not a scheme count)",TSS identity confirmed (first pass); operational status: In force. Official baseline reconciliation pending.,Unresolved,Confirmed present: SRS-027,,SRS-027,"Official name found: In the approaches to Narragansett Bay, RI, and Buzzards Bay, MA (33 CFR 167.100-103). Two precautionary areas, Narragansett Bay approach and Buzzards Bay approach; amended MSC 48 (COLREG.2/Circ.20, 1983); CFR text last revised USCG-2010-0718 (2010).",SRC-001,https://www.scribd.com/document/1014775753/1-1-IMO-Adopted-Traffic-Separation-Schemes-on-the-ADMIRALTY-Chart-Series,"Notice 17; scheme label: In the Approaches to Narragansett Bay, Rhode Island and Buzzards Bay, Massachusetts",UKHO-labelled document on third-party host; edition and currency unverified.,SRC-118; SRC-117; SRC-127; SRC-054,"https://www.ecfr.gov/api/versioner/v1/full/2026-09-01/title-33.xml?part=167
https://www.ecfr.gov/api/versioner/v1/full/2026-09-01/title-33.xml?part=161
https://www.ecfr.gov/api/versioner/v1/full/2026-09-01/title-33.xml?part=169
https://www.transportstyrelsen.se/globalassets/global/sjofart/dokument/sjotrafik_dok/imo_colreg.2_cirkular.pdf?id=58526",B34,Initial association evidenced,2026-09-29
TSS-0167,North America Atlantic coast,"In the Approaches to Boston, Massachusetts","Source entry; 3 parts recorded (structure only, not a scheme count)",TSS identity confirmed (first pass); operational status: In force. Official baseline reconciliation pending.,Unresolved,Confirmed present: SRS-025,,SRS-025,"Official name found: In the approach to Boston, MA (33 CFR 167.75-77). Two precautionary areas (Boston approach 6.17 NM radius on 42°22.71′N 70°46.97′W; junction with Off New York TSS near 40°35′N 69°00′W) and a TSS. Amended MSC 48 (COLREG.2/Circ.20), and again at MSC 82 (2006) and MSC 85 (2008) per circulars in S14 (circular numbers not captured).",SRC-001,https://www.scribd.com/document/1014775753/1-1-IMO-Adopted-Traffic-Separation-Schemes-on-the-ADMIRALTY-Chart-Series,"Notice 17; scheme label: In the Approaches to Boston, Massachusetts",UKHO-labelled document on third-party host; edition and currency unverified.,SRC-118; SRC-117; SRC-127; SRC-017; SRC-054,"https://www.ecfr.gov/api/versioner/v1/full/2026-09-01/title-33.xml?part=167
https://www.ecfr.gov/api/versioner/v1/full/2026-09-01/title-33.xml?part=161
https://www.ecfr.gov/api/versioner/v1/full/2026-09-01/title-33.xml?part=169
https://www.navcen.uscg.gov/vessel-traffic-services-locations
https://www.transportstyrelsen.se/globalassets/global/sjofart/dokument/sjotrafik_dok/imo_colreg.2_cirkular.pdf?id=58526",B34,Initial association evidenced,2026-09-29
TSS-0168,North America Atlantic coast,"In the Approaches to Portland, Maine","Source entry; 3 parts recorded (structure only, not a scheme count)",TSS identity confirmed (first pass); operational status: In force. Official baseline reconciliation pending.,Unresolved,Unresolved,,,"Official name found: In the approaches to Portland, ME (33 CFR 167.50-53). Precautionary area (5.45 NM radius on 43°31.60′N 70°05.53′W), Eastern approach and Southern approach; listed in early circular COLREG.2/Circ.5 (1978); CFR text revised USCG-2010-0718.",SRC-001,https://www.scribd.com/document/1014775753/1-1-IMO-Adopted-Traffic-Separation-Schemes-on-the-ADMIRALTY-Chart-Series,"Notice 17; scheme label: In the Approaches to Portland, Maine",UKHO-labelled document on third-party host; edition and currency unverified.,SRC-118; SRC-117; SRC-127; SRC-017; SRC-054,"https://www.ecfr.gov/api/versioner/v1/full/2026-09-01/title-33.xml?part=167
https://www.ecfr.gov/api/versioner/v1/full/2026-09-01/title-33.xml?part=161
https://www.ecfr.gov/api/versioner/v1/full/2026-09-01/title-33.xml?part=169
https://www.navcen.uscg.gov/vessel-traffic-services-locations
https://www.transportstyrelsen.se/globalassets/global/sjofart/dokument/sjotrafik_dok/imo_colreg.2_cirkular.pdf?id=58526",B34,Researched; unresolved,2026-09-29
TSS-0169,North America Atlantic coast,In the Bay of Fundy and approaches,"Source entry; 2 parts recorded (structure only, not a scheme count)",TSS identity confirmed (first pass); operational status: In force. Official baseline reconciliation pending.,Confirmed present: VTS-052,Unresolved,VTS-052,,"Official name found: In the Bay of Fundy and Approaches. Listed by CCG NOTMAR as a compulsory Canadian routeing system adopted by IMO (ref. charts 4010, 4011, 4012, 4116). Original scheme adopted early 1980s (not effective before 1 June 1983); amended MSC 76 (COLREG.2/Circ.52, 6 Jan 2003), implemented 0000 UTC 1 July 2003; amended scheme has two parts.",SRC-001,https://www.scribd.com/document/1014775753/1-1-IMO-Adopted-Traffic-Separation-Schemes-on-the-ADMIRALTY-Chart-Series,Notice 17; scheme label: In the Bay of Fundy and approaches,UKHO-labelled document on third-party host; edition and currency unverified.,SRC-116; SRC-129; SRC-130; SRC-131; SRC-054; SRC-128; SRC-136,"https://laws-lois.justice.gc.ca/eng/regulations/SOR-2025-275/FullText.html
https://www.canada.ca/en/canadian-coast-guard/corporate/publications/radio-aids-marine-navigation/vessel-traffic-services.html
https://www.canada.ca/en/canadian-coast-guard/corporate/publications/radio-aids-marine-navigation/facilities-information.html
https://www.notmar.gc.ca/publications/annual/section-a/a10-en
https://www.transportstyrelsen.se/globalassets/global/sjofart/dokument/sjotrafik_dok/imo_colreg.2_cirkular.pdf?id=58526
https://laws-lois.justice.gc.ca/eng/regulations/SOR-89-98/page-1.html
https://laws-lois.justice.gc.ca/eng/regulations/SOR-89-99/page-1.html",B34,Initial association evidenced,2026-09-29
TSS-0170,North America Atlantic coast,In the Approaches to Chedabucto Bay,"Source entry; 3 parts recorded (structure only, not a scheme count)",TSS identity confirmed (first pass); operational status: In force. Official baseline reconciliation pending.,Confirmed present: VTS-053,Unresolved,VTS-053,,"Listed by CCG NOTMAR as a compulsory Canadian routeing system adopted by IMO (ref. charts 4013, 4233, 4301, 4321, 4335, 4374). Amended MSC 83 (COLREG.2/Circ.59), implemented 0000 UTC 1 May 2008; three parts.",SRC-001,https://www.scribd.com/document/1014775753/1-1-IMO-Adopted-Traffic-Separation-Schemes-on-the-ADMIRALTY-Chart-Series,Notice 17; scheme label: In the Approaches to Chedabucto Bay,UKHO-labelled document on third-party host; edition and currency unverified.,SRC-116; SRC-129; SRC-130; SRC-131; SRC-054; SRC-128; SRC-136,"https://laws-lois.justice.gc.ca/eng/regulations/SOR-2025-275/FullText.html
https://www.canada.ca/en/canadian-coast-guard/corporate/publications/radio-aids-marine-navigation/vessel-traffic-services.html
https://www.canada.ca/en/canadian-coast-guard/corporate/publications/radio-aids-marine-navigation/facilities-information.html
https://www.notmar.gc.ca/publications/annual/section-a/a10-en
https://www.transportstyrelsen.se/globalassets/global/sjofart/dokument/sjotrafik_dok/imo_colreg.2_cirkular.pdf?id=58526
https://laws-lois.justice.gc.ca/eng/regulations/SOR-89-98/page-1.html
https://laws-lois.justice.gc.ca/eng/regulations/SOR-89-99/page-1.html",B34,Initial association evidenced,2026-09-29
