Record ID,Batch,Group,Source label,Official name,States,TSS identity,Identity note,Operational status,Components,VTS finding,VTS service IDs,VTS basis,Reporting finding,Reporting scheme IDs,Reporting basis,Voluntary reporting,Applicability notes,Provisional complexity,Complexity reason,Source IDs,Open questions,Audit adjustments at merge
TSS-0046,B10,A,German Bight Western Approach,German Bight western approach,Germany,Confirmed,"Named in IMO COLREG.2/Circ.59 (MSC 83, 2007) as amended scheme with special provisions for the North Hinder to German Bight tanker route, implemented 1 May 2008 (S1); listed in IMO Ships' Routeing 2008 (S27) and Transportstyrelsen 2017 list (S4). German statute designates it a deep-water route (Tiefwasserweg) mandatory for large tankers (S6 Nr. 6). MSC 109 adopted a revised containership recommendation covering it from 1 July 2025 (lead S5). No evidence of renaming or restructuring by recent IMO amendments was found.",In force,,Confirmed present,VTS-016,"AnlBV Anlage Nr. 3.1 requires ships approaching the Inner German Bight from the west to report to 'German Bight Traffic' at 007° 10' E 'unabhängig davon, ob das Verkehrstrennungsgebiet German Bight Western Approach benutzt wird' (S6); Nr. 5.1 states traffic is monitored under maritime traffic safety. Coverage evidenced for the eastern part of the scheme and its approach into the Inner German Bight; the western extent of the scheme relative to the VTS area was not verified.",Unresolved,,"National mandatory report (AnlBV Nr. 3.1) at 007° 10' E for ships and tows over 300 GT, expressly regardless of use of this TSS (S6). Not an IMO-adopted SRS.",,"Report: over 300 GT. Mandatory use of the TSS (AnlBV Nr. 6): oil tankers over 10,000 GT, NLS Z tankers over 10,000 GT, NLS X/Y tankers over 5,000 GT, gas tankers over 10,000 GT approaching or leaving the Inner German Bight from the west. Mandatory route for tankers from North Hinder to the German Bight applies to oil tankers 10,000 GT and over, chemical/NLS tankers 5,000 GT (X/Y) or 10,000 GT (Z) and over, and gas carriers 10,000 GT and over (S1, annex 4). Reports under AnlBV Anlage Nr. 3.1 and SeeSchStrO section 58 are made to German Bight Traffic, a VTS. Recorded under the service as VTS reporting duties (national statute, not an IMO-adopted scheme).",Complex,"National mandatory reporting plus national mandatory-use rule, IMO mandatory tanker route and 2025 containership recommendation overlap; cross-border Dutch/German routeing context.",SRC-024; SRC-027; SRC-028; SRC-029; SRC-031; SRC-033; SRC-034; SRC-050,"Exact westward extent of the scheme and whether any part lies in Netherlands waters not verified. IMO text of the 2024 containership recommendation (MSC 109) not retrieved. No evidence found of any recent IMO renaming of German TSS, but Circ. texts after 2016 were not all retrieved.","reporting_finding: Confirmed present -> Unresolved. Reports under AnlBV Anlage Nr. 3.1 and SeeSchStrO section 58 are made to German Bight Traffic, a VTS. Recorded under the service as VTS reporting duties (national statute, not an IMO-adopted scheme). No separate mandatory scheme evidenced."
TSS-0047,B10,A,Elbe Approach,Elbe approach,Germany,Confirmed,Listed as 'Elbe approach' in IMO Ships' Routeing 2008 (S27) and the Transportstyrelsen 2017 list of IMO schemes (S4). Adopting and latest amending circular not retrieved.,In force,,Confirmed present,VTS-018; VTS-016,"Cuxhaven VTS is responsible for the Elbe 'im Bereich der Elbeansteuerung' (Elbe approach) (S9); the GDWS Bekanntmachung sets the Cuxhaven Elbe Traffic area from buoy Nordergründe-Nord (008° E), with outbound reports there to German Bight Traffic on VHF 80 (S7). Coverage is of the direct approach; the TSS lanes themselves are in the Inner German Bight covered by German Bight Traffic, but the exact TSS-to-sector boundary was not verified.",Unresolved,,"SeeSchStrO § 58 position report at NGN (008° E) to Cuxhaven Elbe Traffic inbound and German Bight Traffic outbound (S7); AnlBV Nr. 3.1 entry report for ships entering the Inner German Bight from west or north (S6). National, not IMO.",,"SeeSchStrO § 58: vessels of 50 m LOA or more and ships under § 30(1). AnlBV: over 300 GT. SeeSchStrO section 58 reports on the Elbe approach are made to the VTS centres. Recorded under the service as VTS reporting duties. Reports under AnlBV Anlage Nr. 3.1 and SeeSchStrO section 58 are made to German Bight Traffic, a VTS. Recorded under the service as VTS reporting duties (national statute, not an IMO-adopted scheme).",Intermediate,Two VTS services and two national reporting regimes meet at the seaward end of the Elbe.,SRC-027; SRC-029; SRC-030; SRC-032; SRC-033; SRC-050,Adopting IMO instrument and current chart geometry not retrieved; confirm whether the TSS lies seaward of NGN (German Bight Traffic sector) or partly within Cuxhaven Elbe Traffic sector.,"reporting_finding: Confirmed present -> Unresolved. SeeSchStrO section 58 reports on the Elbe approach are made to the VTS centres. Recorded under the service as VTS reporting duties. Reports under AnlBV Anlage Nr. 3.1 and SeeSchStrO section 58 are made to German Bight Traffic, a VTS. Recorded under the service as VTS reporting duties (national statute, not an IMO-adopted scheme). No separate mandatory scheme evidenced."
TSS-0048,B10,A,Jade Approach,Jade approach,Germany,Confirmed,Listed as 'Jade approach' in IMO Ships' Routeing 2008 (S27) and Transportstyrelsen 2017 list (S4). WSV describes it as the link between Terschelling-German Bight and the Western Approach giving access to Weser and Jade from the north (S11). German statute places a pilot transfer position 'im Verkehrstrennungsgebiet Jade Approach' within the Inner German Bight (S6 Nr. 8).,In force,,Confirmed present,VTS-016,AnlBV Nr. 8 locates the scheme in the Inner German Bight outside the territorial sea; Nr. 5.1 states traffic there is monitored under maritime traffic safety and Nr. 3.1 routes reports to German Bight Traffic (S6). German Bight Traffic monitors the inner German Bight from Borkum to Helgoland (S8).,Unresolved,,"AnlBV Nr. 3.1 report at 54° 20' N or 007° 10' E; SeeSchStrO § 58 entry report at 54° 15' N west of Helgoland to German Bight Traffic (S6, S7).",,"AnlBV: over 300 GT. SeeSchStrO § 58: 50 m or more. Compulsory pilotage from the Jade Approach transfer position for large tankers, bulk carriers and other ships per AnlBV Nr. 8 (S6). Reports under AnlBV Anlage Nr. 3.1 and SeeSchStrO section 58 are made to German Bight Traffic, a VTS. Recorded under the service as VTS reporting duties (national statute, not an IMO-adopted scheme).",Intermediate,"National reporting, VTS and offshore pilotage obligations combine; single VTS.",SRC-027; SRC-029; SRC-030; SRC-031; SRC-034; SRC-050,Adopting IMO instrument and any recent amendments not retrieved.,"reporting_finding: Confirmed present -> Unresolved. Reports under AnlBV Anlage Nr. 3.1 and SeeSchStrO section 58 are made to German Bight Traffic, a VTS. Recorded under the service as VTS reporting duties (national statute, not an IMO-adopted scheme). No separate mandatory scheme evidenced."
TSS-0049,B10,A,Terschelling - German Bight,Terschelling-German Bight,Netherlands; Germany,Confirmed,"Amended by COLREG.2/Circ.59 (MSC 83, implemented 1 May 2008) (S1); listed in Ships' Routeing 2008 (S27) and Transportstyrelsen 2017 list (S4). MSC 109 containership recommendation from 1 July 2025 (lead S5).",In force,,Confirmed present,VTS-016,"Bekanntmachung 19.1.4 and 19.1.5 require vessels using the TSS 'Terschelling - German Bight' and its inshore traffic zone to report to German Bight Traffic at Borkumriff buoy (VHF 79) and at TG 17/C eastbound (VHF 80) (S7). This establishes coverage of the German (eastern) part only. For the Dutch part: No Dutch VTS was found whose defined area covers this offshore scheme. The Netherlands Coastguard performs Vessel Traffic Monitoring (VTMon) and distinguishes VTS as provided by traffic centres (S14, S15); VTMon is recorded as a lead only, not as a VTS.",Unresolved,,"SeeSchStrO § 58 entry and position reports (vessels 50 m or more) and AnlBV Nr. 3.1 (over 300 GT) apply on the German part (S6, S7). National, not IMO. No mandatory reporting identified for the Dutch part.",Netherlands Coastguard broadcasts wave-height advice for container ships in TSS Terschelling-German Bight and may advise the northern route; advice is not binding (S13).,"Mandatory route for tankers from North Hinder to the German Bight applies to oil tankers 10,000 GT and over, chemical/NLS tankers 5,000 GT (X/Y) or 10,000 GT (Z) and over, and gas carriers 10,000 GT and over (S1, annex 4). Coastguard advice targets container ships 100 to 200 m at 3 m waves and over 200 m at 4 m waves (S13). Reports under AnlBV Anlage Nr. 3.1 and SeeSchStrO section 58 are made to German Bight Traffic, a VTS. Recorded under the service as VTS reporting duties (national statute, not an IMO-adopted scheme).",Complex,"Cross-border scheme: German VTS and national reporting on eastern part, no VTS evidenced on Dutch part, plus mandatory tanker route and containership advice.",SRC-024; SRC-027; SRC-028; SRC-029; SRC-030; SRC-031; SRC-034; SRC-036; SRC-037; SRC-038; SRC-050,"Exact boundary between German Bight Traffic coverage and the Dutch part not verified. Rijkswaterstaat Brandaris (Terschelling) VTS designation could not be read (officielebekendmakingen.nl returned HTTP 403); search snippets indicate its area is the Terschelling zeegat approach, not the TSS.","reporting_finding: Confirmed present -> Unresolved. Reports under AnlBV Anlage Nr. 3.1 and SeeSchStrO section 58 are made to German Bight Traffic, a VTS. Recorded under the service as VTS reporting duties (national statute, not an IMO-adopted scheme). No separate mandatory scheme evidenced."
TSS-0050,B10,A,Vlieland North,"Vlieland North (part of 'Off Vlieland, Vlieland North and Vlieland Junction')",Netherlands,Confirmed,"COLREG.2/Circ.59 (MSC 83, implemented 1 May 2008) amended the special provisions of 'Off Vlieland, Vlieland North and Vlieland Junction' (S1). IMO Ships' Routeing 2008 treats these as one routeing system entry (S27). Component of the same system as TSS-0051.",In force,Off Vlieland; Vlieland North; Vlieland Junction,Unresolved,,"No Dutch VTS was found whose defined area covers this offshore scheme. The Netherlands Coastguard performs Vessel Traffic Monitoring (VTMon) and distinguishes VTS as provided by traffic centres (S14, S15); VTMon is recorded as a lead only, not as a VTS.",Unresolved,,No IMO-adopted mandatory ship reporting system or national mandatory reporting specific to this scheme was found. Netherlands Coastguard states it 'has no powers to impose traffic directions' (S13). A failed search is not proof of absence.,,"Mandatory route for tankers from North Hinder to the German Bight applies to oil tankers 10,000 GT and over, chemical/NLS tankers 5,000 GT (X/Y) or 10,000 GT (Z) and over, and gas carriers 10,000 GT and over (S1, annex 4).",Intermediate,Part of a multi-component routeing system linked to the IMO mandatory tanker route; no VTS or reporting identified.,SRC-024; SRC-027; SRC-036; SRC-037; SRC-038; SRC-050,"Duplicate/grouping: likely to merge with TSS-0051 under 'Off Vlieland, Vlieland North and Vlieland Junction'. Current Dutch legal text (puc.overheid.nl) returned HTTP 403.",
TSS-0051,B11,A,Off Vlieland,"Off Vlieland (part of 'Off Vlieland, Vlieland North and Vlieland Junction')",Netherlands,Confirmed,"As TSS-0050: amended by COLREG.2/Circ.59, implemented 1 May 2008 (S1); single entry in Ships' Routeing 2008 (S27). MSC 109 containership recommendation covers 'Off Vlieland' from 1 July 2025 (lead S5).",In force,Off Vlieland; Vlieland North; Vlieland Junction,Unresolved,,"No Dutch VTS was found whose defined area covers this offshore scheme. The Netherlands Coastguard performs Vessel Traffic Monitoring (VTMon) and distinguishes VTS as provided by traffic centres (S14, S15); VTMon is recorded as a lead only, not as a VTS.",Unresolved,,No IMO-adopted mandatory ship reporting system or national mandatory reporting specific to this scheme was found. Netherlands Coastguard states it 'has no powers to impose traffic directions' (S13). A failed search is not proof of absence.,Coastguard container-ship wave advice applies to the southern route north of the West Frisian Islands (S13); relationship to this specific scheme not stated.,"Mandatory route for tankers from North Hinder to the German Bight applies to oil tankers 10,000 GT and over, chemical/NLS tankers 5,000 GT (X/Y) or 10,000 GT (Z) and over, and gas carriers 10,000 GT and over (S1, annex 4).",Intermediate,"Multi-component system, mandatory tanker route and containership recommendation; no VTS identified.",SRC-024; SRC-027; SRC-028; SRC-036; SRC-037; SRC-038; SRC-050,Merge with TSS-0050. Text of the 2024 containership recommendation not retrieved.,
TSS-0052,B11,A,Off Texel,Off Texel,Netherlands,Confirmed,"Amended by COLREG.2/Circ.59 (implemented 1 May 2008) (S1); further amended by COLREG.2/Circ.64 (MSC 91, 2012), implemented 1 August 2013, per the Transportstyrelsen list (S4); Circ.64 text itself not retrieved.",In force,,Unresolved,,"No Dutch VTS was found whose defined area covers this offshore scheme. The Netherlands Coastguard performs Vessel Traffic Monitoring (VTMon) and distinguishes VTS as provided by traffic centres (S14, S15); VTMon is recorded as a lead only, not as a VTS. Den Helder port VTS not researched for coverage of this scheme.",Unresolved,,No IMO-adopted mandatory ship reporting system or national mandatory reporting specific to this scheme was found. Netherlands Coastguard states it 'has no powers to impose traffic directions' (S13). A failed search is not proof of absence.,,"Mandatory route for tankers from North Hinder to the German Bight applies to oil tankers 10,000 GT and over, chemical/NLS tankers 5,000 GT (X/Y) or 10,000 GT (Z) and over, and gas carriers 10,000 GT and over (S1, annex 4).",Intermediate,Linked to IMO mandatory tanker route; 2013 restructuring of Dutch routeing.,SRC-024; SRC-027; SRC-037; SRC-038,Retrieve COLREG.2/Circ.64 (NOAA copy redirects; IMO copy not found). Check Den Helder VTS area against the scheme.,
TSS-0053,B11,A,In the Approaches to IJmuiden,In the approaches to IJmuiden,Netherlands,Confirmed,"New scheme adopted by MSC 91 and circulated as COLREG.2/Circ.64 (2012), implemented 1 August 2013, per Transportstyrelsen list (S4); associated precautionary areas in SN.1/Circ.317 (S4). Separate IMO deep-water route leading to IJmuiden listed in Ships' Routeing 2008 (S27). Circ.64 text not retrieved.",In force,,Unresolved,VTS-019,VTS North Sea Canal Area covers 'the approaches to IJmuiden ... within a 12-nautical-mile radius ... including the extended IJ-geul deep water channel' (S12). The source does not state that the TSS lanes lie within this area; the extended IJ-geul is a separate IMO deep-water route. VTS named as a strong lead; overlap with the TSS needs chart verification.,Unresolved,,"No IMO or national mandatory reporting system specific to the TSS found. Within the VTS area there are ordinary VTS reporting duties: report on arrival at 12 nm to Sector IJmuiden VHF 61 and to IJmuiden Approaches VHF 07 'as soon as VHF contact is possible' (S12). These are VTS reporting duties, recorded separately.",,VTS reporting and listening watch apply to vessels in the VTS area per S12.,Intermediate,"TSS, deep-water route, precautionary areas and a port VTS with sector structure; overlap to be confirmed.",SRC-027; SRC-035; SRC-050,Retrieve Circ.64 annex or chart INT 1418 to test whether any TSS lane lies within 12 nm of the breakwaters or on the extended IJ-geul. Dutch 2020 to 2023 Notices to Mariners (defensie.nl) returned 404.,
TSS-0054,B11,A,Off Brown Ridge,,Netherlands (presumed),Provisional,Existence of a TSS 'Off Brown Ridge' is indicated only by leads: Wikipedia list 'Brown Ridge' (S30) and search snippets describing a deep-water route linking TSS Off Brown Ridge to TSS West Friesland and the 1 August 2013 Dutch re-routeing. Not found in Ships' Routeing 2008 contents (S27) or Transportstyrelsen 2017 list (S4) as a separate entry; may be a component of 'Off Friesland' or of the 2013 Dutch routeing package. Adopting instrument not retrieved.,Not established,,Unresolved,,"No Dutch VTS was found whose defined area covers this offshore scheme. The Netherlands Coastguard performs Vessel Traffic Monitoring (VTMon) and distinguishes VTS as provided by traffic centres (S14, S15); VTMon is recorded as a lead only, not as a VTS.",Unresolved,,No IMO-adopted mandatory ship reporting system or national mandatory reporting specific to this scheme was found. Netherlands Coastguard states it 'has no powers to impose traffic directions' (S13). A failed search is not proof of absence.,,Search snippet (lead) states it forms part of a mandatory route for some classes of vessels; not verified.,Not assessed,Identity not confirmed.,SRC-027; SRC-050; SRC-053,Identify adopting instrument (possibly COLREG.2/Circ.64 or a 2012/2013 Dutch package); Dutch official texts on puc.overheid.nl blocked (HTTP 403); Dutch NtM 2017 no.183 returned 404.,
TSS-0055,B11,A,West Friesland,West Friesland scheme (part of routeing system 'Off Friesland'),Netherlands,Confirmed,"Component of the 'Off Friesland' routeing system; amended by COLREG.2/Circ.66 (MSC 94, 21 November 2014), implemented 1 June 2015 (S2), corrected by COLREG.2/Circ.66/Corr.1 (MSC 96, 2016, immediate effect) (S3). MSC 109 containership recommendation covers 'Off Friesland' from 1 July 2025 (lead S5).",In force,West Friesland; North Friesland; East Friesland; Off Botney Ground (per S1); deep-water routes of 'Off Friesland',Unresolved,,"No Dutch VTS was found whose defined area covers this offshore scheme. The Netherlands Coastguard performs Vessel Traffic Monitoring (VTMon) and distinguishes VTS as provided by traffic centres (S14, S15); VTMon is recorded as a lead only, not as a VTS.",Unresolved,,No IMO-adopted mandatory ship reporting system or national mandatory reporting specific to this scheme was found. Netherlands Coastguard states it 'has no powers to impose traffic directions' (S13). A failed search is not proof of absence.,,Western route of Off Friesland is strongly recommended for deep-draught tankers exempted from the southern part of the mandatory tanker route (S1).,Intermediate,Component of a multi-scheme routeing system with deep-water routes and tanker routeing provisions.,SRC-024; SRC-025; SRC-026; SRC-028; SRC-037; SRC-038,"Grouping: TSS-0055, TSS-0056, TSS-0057 and TSS-0058 appear to be components of the single IMO routeing system 'Off Friesland'; consider merging.",
TSS-0056,B12,A,North Friesland,North Friesland scheme (part of routeing system 'Off Friesland'),Netherlands,Confirmed,"Established within 'Off Friesland' by COLREG.2/Circ.66 (implemented 1 June 2015), with separation zones around 54° 00' to 54° 05' N, 004° 40' to 005° 06' E (S2, S3). Dutch offshore scheme, not the German North Frisian coast. Lead (search summary) says it replaced the Friesland Junction precautionary area; not verified in retrieved text.",In force,West Friesland; North Friesland; East Friesland,Unresolved,,"No Dutch VTS was found whose defined area covers this offshore scheme. The Netherlands Coastguard performs Vessel Traffic Monitoring (VTMon) and distinguishes VTS as provided by traffic centres (S14, S15); VTMon is recorded as a lead only, not as a VTS.",Unresolved,,No IMO-adopted mandatory ship reporting system or national mandatory reporting specific to this scheme was found. Netherlands Coastguard states it 'has no powers to impose traffic directions' (S13). A failed search is not proof of absence.,,,Intermediate,Component of multi-scheme routeing system.,SRC-025; SRC-026; SRC-037; SRC-038,Merge with TSS-0055/0057. Confirm fate of Friesland Junction precautionary area.,
TSS-0057,B12,A,East Friesland,East Friesland scheme (part of routeing system 'Off Friesland'),Netherlands,Confirmed,"Amended within 'Off Friesland' by COLREG.2/Circ.66 (implemented 1 June 2015) and Corr.1 (2016) (S2, S3). Dutch offshore scheme around 54° 02' to 54° 06' N, 005° 08' to 005° 10' E at its western boundary; not the German East Frisian coast.",In force,West Friesland; North Friesland; East Friesland,Unresolved,,"No Dutch VTS was found whose defined area covers this offshore scheme. The Netherlands Coastguard performs Vessel Traffic Monitoring (VTMon) and distinguishes VTS as provided by traffic centres (S14, S15); VTMon is recorded as a lead only, not as a VTS.",Unresolved,,No IMO-adopted mandatory ship reporting system or national mandatory reporting specific to this scheme was found. Netherlands Coastguard states it 'has no powers to impose traffic directions' (S13). A failed search is not proof of absence.,,,Intermediate,Component of multi-scheme routeing system.,SRC-025; SRC-026; SRC-037; SRC-038,Merge with TSS-0055/0056. Eastern extent (toward German EEZ) not verified.,
TSS-0058,B12,A,Off Botney Ground,Off Botney Ground (part of western route of routeing system 'Off Friesland'),Netherlands (presumed; UK/NL boundary area not verified),Confirmed,COLREG.2/Circ.59 names 'TSS Off Botney Ground' as part of the alternative western route of the routeing system 'Off Friesland' for deep-draught tankers (S1). Not a separate entry in Ships' Routeing 2008 contents (S27). Currency after 2015 not separately verified.,In force,,Unresolved,,"No Dutch VTS was found whose defined area covers this offshore scheme. The Netherlands Coastguard performs Vessel Traffic Monitoring (VTMon) and distinguishes VTS as provided by traffic centres (S14, S15); VTMon is recorded as a lead only, not as a VTS.",Unresolved,,No IMO-adopted mandatory ship reporting system or national mandatory reporting specific to this scheme was found. Netherlands Coastguard states it 'has no powers to impose traffic directions' (S13). A failed search is not proof of absence.,,Deep-draught tankers exempted from the southern part of the mandatory tanker route are 'strongly recommended' to use this western route and log the deviation (S1).,Intermediate,Offshore component linked to tanker routeing provisions; State responsibility to confirm.,SRC-024; SRC-050; SRC-053,Confirm coordinates and responsible State; confirm whether still in force after the 2015 Off Friesland amendments. Consider grouping with Off Friesland records.,
TSS-0059,B12,A,Off Ushant (Île d'Ouessant),Off Ushant,France,Confirmed,"Amended by COLREG.2/Circ.51 (MSC 75), implemented 1 May 2003 (S18); further amended by COLREG.2/Circ.64 (MSC 91), implemented 1 June 2013 per search result (Circ.64 text not retrieved). French ministry 2024 confirms DST Ouessant under CROSS Corsen (S19).",In force,,Confirmed present,VTS-021,"IMO MSC.52(66): OUESSREP area 'covers a circular area 35 miles in radius centred on the Ile d'Ouessant' and 'The TSS covers the entire area'; shore authority is the Corsen/Ouessant VTS 'Ushant Traffic' at CROSS Corsen, VHF 13 (S16). French ministry 2024: 'DST Ouessant : zone de compétences CROSS Corsen' (S19).",Confirmed present,SRS-009,"OUESSREP, IMO-adopted SOLAS mandatory ship reporting system (MSC.52(66), amended MSC.251(83) in force 1 May 2008) covering the TSS (S16, S17); French 2024 publication confirms Channel CROSS monitor ships over 300 UMS 'soumis à un compte rendu obligatoire' (S19).",,"Ships of more than 300 GRT (S16). Report content amended 2008 to include bunker quantity for ships carrying over 5,000 t bunkers (S17).",Intermediate,Single VTS with IMO mandatory reporting; well documented.,SRC-039; SRC-040; SRC-041; SRC-042,A current CROSS Corsen or Premar Atlantique page with VHF channels was not retrieved; channels are from the 1996 IMO text.,
TSS-0060,B12,A,Off Finisterre,Off Finisterre,Spain,Confirmed,"Originally adopted by A.767(18) (cited in S20); amended by A.957(23), implemented 1 June 2004, adding lanes for ships carrying dangerous or pollutant cargoes in bulk (S21). Listed in Ships' Routeing 2008 (S27).",In force,,Confirmed present,VTS-022,"MSC.63(67): FINREP area 'includes the traffic separation scheme ""off Finisterre""' and ships 'shall report to the Finisterre Traffic VTS' (S20). The amended 2004 outer southbound lane reaches 010° 13.7' W (S21), slightly west of the 1996 FINREP limit (010° 10' W), so coverage of the outermost lane is not evidenced.",Confirmed present,SRS-010,"FINREP, IMO-adopted mandatory SRS in force 3 June 1997 (S20).",,FINREP: ships of 50 m LOA or more; ships carrying hazardous or potentially polluting cargo; tows over 50 m; smaller vessels fishing in or using lanes in emergency (S20). Dangerous cargo ships use designated outer lanes (S21).,Intermediate,VTS with IMO mandatory reporting; cargo-based lane allocation; possible mismatch of FINREP limit with amended TSS.,SRC-043; SRC-044; SRC-045; SRC-050,"Salvamento Marítimo website returned HTTP 503/TLS failure, so current VTS name and VHF channel not confirmed from operator; only a 2025 news lead (S22). Check whether FINREP geographical limits were amended after 2004.",
TSS-0061,B13,A,Off Cape Roca (Cabo da Roca),Off Cape Roca,Portugal,Confirmed,"Amended by MSC 79 (December 2004) with entry into force 1 July 2005 (S23 preamble) and again by COLREG.2/Circ.61 (MSC 87), implemented 1 December 2010 (S26). Established in Portuguese law as 'EST do cabo da Roca' (S23 art. 4).",In force,,Confirmed present,VTS-023,DL 263/2009 art. 6 defines the coastal VTS area (west limit 10° 14' W north of 38° 41' N) and art. 10(4) gives the CCTMC supervision of 'regras aplicáveis aos esquemas de separação de tráfego' (S24); DL 198/2006 art. 9 assigns TSS enforcement to the national VTS authority (S23). All Circ.61 positions of the scheme (westmost 010° 13.78' W) fall inside the statutory VTS area on coordinate comparison (S26).,Confirmed present,SRS-011,"COPREP (MSC.278(85), in force 1 June 2009) area bounded west by 010° 14' W and to the south-west by the line 38° 41' N 010° 14' W to 36° 30' N 009° 35' W (S25); the scheme lies inside on coordinate comparison. Reports to Roca Control.",COPREP invites any other vessel type to participate voluntarily (S25).,"COPREP and VTS: ships of 300 GT or above, dangerous/polluting cargo, passenger ships, tows over 100 m, fishing vessels 24 m or more (S24, S25). Separate lanes for ships carrying dangerous or pollutant cargoes in bulk (S26).",Intermediate,Single national coastal VTS with IMO mandatory reporting and cargo-based lanes.,SRC-046; SRC-047; SRC-048; SRC-049,DL 263/2009 cites IPTM; current operating authority (DGRM) not confirmed from a DGRM page. Coverage relies on coordinate comparison.,
TSS-0062,B13,A,Off Cape St. Vicente (Cabo de São Vicente),Off Cape S. Vicente,Portugal,Confirmed,"Amended by MSC 79 (in force 1 July 2005) (S23 preamble) and COLREG.2/Circ.61, implemented 1 December 2010 (S26). 'EST do cabo de São Vicente' in Portuguese law (S23 art. 4).",In force,,Confirmed present,VTS-023,"As TSS-0061: statutory VTS area and CCTMC duty to supervise TSS rules (S24 art. 6, 10(4)); DL 198/2006 art. 9 (S23). Circ.61 positions (around 36° 36' to 37° 02' N, 008° 58' to 009° 34' W for retrieved points) lie inside the VTS area line 38° 41' N 10° 14' W to 36° 30' N 9° 35' W on coordinate comparison (S26).",Confirmed present,SRS-011,COPREP area (S25) encloses the scheme on coordinate comparison; reports to Roca Control.,COPREP voluntary participation for other vessel types (S25).,As TSS-0061.,Intermediate,As TSS-0061.,SRC-046; SRC-047; SRC-048; SRC-049,Outermost southbound dangerous-cargo lane coordinates not all extracted; verify it lies east of the COPREP/VTS boundary.,
TSS-0063,B13,A,At Banco del Hoyo,At Banco del Hoyo,Spain (presumed),Provisional,"Listed in IMO Ships' Routeing 2008 contents, Section II Western European waters, page II/32, after Off Cape S. Vicente (S27), and in Transportstyrelsen 2017 list as adopted by A.284(VIII) 1973 with no later amendment (S4). Location, coordinates and responsible State not retrieved.",In force,,Unresolved,,"Location not established, so no VTS coverage could be tested. Possible leads (not evidenced): Tarifa VTS / GIBREP if the scheme lies in the western approach to the Strait of Gibraltar, but GIBREP area is 005° 58' W to 005° 15' W only (MSC.63(67) annex 2, S20).",Unresolved,,No reporting system linked; location not established.,,,Not assessed,Identity and location unresolved.,SRC-027; SRC-043; SRC-050; SRC-053,Retrieve Ships' Routeing Part B II/32 or resolution A.284(VIII) to fix location; confirm whether still in force in 2026.,
TSS-0064,B13,A,Between Grand Canary and Tenerife,"Western Traffic Separation Scheme (between Grand Canary and Tenerife), part of the Canary Islands schemes",Spain,Confirmed,"New scheme adopted by MSC 81 in COLREG.2/Circ.57 (26 May 2006), implemented 1 December 2006 (S28). Listed as 'Between Grand Canary and Tenerife' in Ships' Routeing 2008 (S27).",In force,,Unresolved,,"No designated VTS found. Primary sources name MRCC Tenerife as recipient of voluntary TSS notifications and CANREP reports (S28, S29), but describe it as an MRCC, not a VTS. MRCC recorded as lead (SVC-es-canarias-mrcc).",Confirmed present,SRS-012,"CANREP area is a polygon along the outer limit of the territorial sea enclosing the archipelago, so inter-island waters including this scheme lie inside (S29, section 2.1). Applies only to specified heavy-oil tankers.",Ships may notify entry to and departure from the TSS via MRCC Tenerife on VHF 16 (S28).,"CANREP: tankers of 600 dwt and above carrying heavy crude, heavy fuel oil, bitumen or tar, transiting or trading inter-island (S29).",Intermediate,Narrow-scope IMO mandatory reporting plus voluntary TSS notification; no VTS.,SRC-050; SRC-051; SRC-052,Check whether Salvamento Marítimo operates a VTS function for the Canary TSS (website unavailable). CANREP coverage of the TSS rests on the polygon description; the chartlet was not inspected.,
TSS-0065,B13,A,Between Grand Canary and Fuerteventura,"Eastern Traffic Separation Scheme (between Grand Canary and Fuerteventura), part of the Canary Islands schemes",Spain,Confirmed,"New scheme in COLREG.2/Circ.57, implemented 1 December 2006 (S28); includes a precautionary area and inshore traffic zone. Listed in Ships' Routeing 2008 (S27).",In force,,Unresolved,,As TSS-0064; MRCC Las Palmas receives voluntary notifications (S28); no VTS designation found.,Confirmed present,SRS-012,Inside the CANREP polygon (S29); ships entering east of 015° 30' W report to MRCC Las Palmas.,Ships may notify entry to and departure from the TSS via MRCC Las Palmas on VHF 16 (S28).,CANREP: as TSS-0064.,Intermediate,As TSS-0064.,SRC-050; SRC-051; SRC-052,As TSS-0064.,
TSS-0066,B14,B,In the Strait of Gibraltar,In the Strait of Gibraltar,"Spain, Morocco",Confirmed,"Listed as amended scheme in COLREG.2/Circ.40 (implemented 24 Nov 1994) and COLREG.2/Circ.58 (MSC 82, implemented 1 July 2007); MSC.300(87) (2010) refers to the amended TSS within the GIBREP area. Earlier original adoption not traced.",In force,,Confirmed present,VTS-025; VTS-026,MSC.300(87) annex 3.5.1: both Tarifa and Tangier centres monitor navigation in the TSS using radar and AIS; S11 confirms CCS Tarifa ('Tarifa Tráfico') provides the maritime traffic service in the Strait.,Confirmed present,SRS-015,GIBREP area (005°58'W to 005°15'W) includes the amended TSS (MSC.300(87) annex 2.1).,,GIBREP: all ships of 300 GT and over; all ships carrying hazardous or potentially polluting cargo; towing/pushing; vessels under 300 GT using lanes to fish or the separation zone in emergency. Cross-Strait scheduled ferries may have special arrangements.,Complex,Two-State shared VTS and mandatory SOLAS V/11 reporting with direction-dependent reporting centres.,SRC-054; SRC-055; SRC-056; SRC-059,"Lead (news/petition, not primary) that Tarifa Tráfico functions were moved provisionally to CCS Algeciras; not verified because salvamentomaritimo.es returned HTTP 503. Current VHF channels should be rechecked against the latest ALRS/Spanish NtM.",
TSS-0067,B14,B,Off Cabo de Gata,Off Cabo de Gata,Spain,Confirmed,"New scheme in COLREG.2/Circ.44 (MSC 69, implemented 1 Dec 1998); amended by COLREG.2/Circ.57 (MSC 81, implemented 1 Dec 2006). Amended scheme includes an inshore traffic zone.",In force,,Confirmed present,VTS-027,"S11 (Ministry of Transport, Feb 2025): Salvamento Marítimo is responsible for controlling traffic safety in the DST of Cabo de Gata; S12 (2015) counts vessels identified passing the Cabo de Gata DST. Controlling centre (CCS Almería) is lead only.",Unresolved,,S11 states Spain's mandatory reporting systems are at Fisterra and the Strait of Gibraltar (plus Canarias PSSA) 'mientras que en el cabo de Gata existe un sistema de notificación voluntaria'. Absence of mandatory reporting positively stated by an official source.,Voluntary reporting system at Cabo de Gata (RPT-cabo-de-gata-voluntary); details not retrieved.,,Intermediate,Single-State VTS monitoring with voluntary reporting only.,SRC-054; SRC-056; SRC-057,"Confirm centre name (CCS Almería), call sign and VHF channel from Salvamento Marítimo (site returned HTTP 503) or ALRS Vol 6.","reporting_finding: Confirmed absent -> Unresolved. Absence rests on a Ministry of Transport magazine article, not a formal complete list. Record the voluntary Cabo de Gata system; confirm absence of mandatory reporting against ALRS Vol 6 or IMO SN.1/Circ."
TSS-0068,B14,B,Off Cape Palos (Cabo de Palos),Off Cape Palos,Spain,Confirmed,"New scheme in COLREG.2/Circ.52 (MSC 76, implemented 1 July 2003). S11 (2025) lists cabo de Palos among Spain's existing DSTs.",In force,,Unresolved,VTS-028,"S11 lists the DSTs Salvamento Marítimo controls as Fisterra, Tarifa, Cabo de Gata and Canarias, omitting Cabo de Palos, but the same article also states generally that DSTs are controlled by VTS assigned to Salvamento Marítimo. No source establishes CCS Cartagena coverage of the TSS.",Unresolved,,S11: 'En España existen sistemas de notificación obligatoria en Fisterra y en el estrecho de Gibraltar' (plus Canarias PSSA); Cabo de Palos not included. Moderate confidence: enumerative statement in an official publication rather than a formal complete list.,,,Simple,"Single-State TSS, no mandatory reporting, VTS coverage unclear.",SRC-054; SRC-056,Does CCS Cartagena monitor the Palos TSS? salvamentomaritimo.es (HTTP 503) and ALRS not accessible.,reporting_finding: Confirmed absent -> Unresolved. Absence rests on an enumerative magazine statement (researcher rated moderate confidence). Not sufficient for Confirmed absent.
TSS-0069,B14,B,Off Cape la Nao (Cabo de la Nao),Off Cape La Nao,Spain,Confirmed,"New scheme in COLREG.2/Circ.52 (MSC 76, implemented 1 July 2003); reference chart Spanish IHM chart 47. S11 (2025) lists cabo de la Nao among Spain's DSTs.",In force,,Unresolved,VTS-029,As for Cabo de Palos: S11 omits La Nao from the DSTs Salvamento Marítimo controls; no source establishes CCS Valencia coverage.,Unresolved,,"S11 enumerates Spain's mandatory reporting systems (Fisterra, Gibraltar, Canarias PSSA); La Nao not included. Moderate confidence.",,,Simple,"Single-State TSS, no mandatory reporting, VTS coverage unclear.",SRC-054; SRC-056,Does CCS Valencia monitor the La Nao TSS? Primary Salvamento Marítimo pages not accessible (HTTP 503).,reporting_finding: Confirmed absent -> Unresolved. Absence rests on an enumerative magazine statement (researcher rated moderate confidence). Not sufficient for Confirmed absent.
TSS-0070,B14,B,Off Cani Island (Îles Cani),North of Cani Island (Off Cani Island),Tunisia,Confirmed,"Tunisian scheme (Îles Cani, off Bizerte coast), not the Bonifacio Strait. Amended by COLREG.2/Circ.58 (MSC 82, implemented 1 July 2007) together with Off Cape Bon; reference chart 150-DST of the Tunisian Hydrographic and Oceanographic Service. Original scheme reported operating since 1 Aug 1970 (search snippet from NOAA document, lead only).",In force,,Unresolved,,No Tunisian VTS or traffic monitoring centre covering the scheme found; searches returned only general coastal surveillance (RMAC) news.,Unresolved,,No IMO-adopted SRS for the area in S14 list; national reporting not researched to a primary source.,,,Simple,Single-State TSS with no identified VTS or reporting.,SRC-054; SRC-059,Tunisian Marine Marchande / SHOM Tunisie sources not found online. Region hint linking Cani Island to BONIFREP is wrong: BONIFREP (MSC.73(69)) is Corsica/Sardinia and not relevant here.,
TSS-0071,B15,B,Off Cape Bon (Cap Bon),North of Cape Bon (Off Cape Bon),Tunisia,Confirmed,"Amended by COLREG.2/Circ.58 (MSC 82, implemented 1 July 2007) with Off Cani Island; reference chart 150-DST (Tunisia). Original scheme reported operating since 1 Aug 1970 (lead only).",In force,,Unresolved,,No Tunisian VTS covering the scheme found.,Unresolved,,No IMO-adopted SRS listed for the area (S14); national reporting not established.,,,Simple,Single-State TSS with no identified VTS or reporting.,SRC-054; SRC-059,As for TSS-0070; Italian VTS/Pantelleria-Sicily Channel arrangements not researched (outside scheme).,
TSS-0072,B15,B,In the Corsica Channel,In the Corsica Channel,"France, Italy",Confirmed,"New scheme in COLREG.2/Circ.67 (MSC 96, implemented 1 Dec 2016), between Cap Corse and Isola Capraia, with ITZ along the Corsican coast; reference charts SHOM 7013 and IIM 40.",In force,,Unresolved,,"Italian Guardia Costiera lists 11 VTS centres (S18, S19); none (Livorno not among them) is shown to cover the Corsica Channel. French coverage (CROSS MED) not researched to primary; CROSS is not a VTS.",Unresolved,,No IMO SRS for the Corsica Channel in S14 (2017 list); any later measure or national reporting not found.,,,Intermediate,"Bi-national scheme; no identified VTS, possible national arrangements.",SRC-054; SRC-063; SRC-064; SRC-059,Italian MIT page on the 2015 Italy-France agreement (mit.gov.it/node/298) returned HTTP 503. Check whether a Livorno VTS has since been activated and whether France/Italy require reporting.,
TSS-0073,B15,B,In the Adriatic Sea: In the North Adriatic Sea,"In the North Adriatic Sea (eastern part and western part), part of 'In the Adriatic Sea'","Italy, Croatia (with Slovenia in the wider system)",Confirmed,"Adopted in COLREG.2/Circ.54 annex 3 (MSC 78, implemented 1 Dec 2004); western part amended by COLREG.2/Circ.58 (implemented 1 July 2007). Includes precautionary area at southern limits.",In force,In the North Adriatic Sea - Eastern part; In the North Adriatic Sea - Western part; Precautionary area at the southern limits,Unresolved,VTS-033,S20: VTS Croatia supervises application of the Adriatic TSS of COLREG.2/Circ.54 and 58 'u VTS području' (area incl. territorial sea and ZERP). Whether each component lies within the Croatian VTS area was not verified; no Italian VTS area covers this offshore scheme.,Confirmed present,SRS-016,"ADRIREP covers the whole Adriatic north of 40°25'N (S13), which includes this scheme.",,"ADRIREP (revised, from 1 Dec 2026): oil tankers 150 GT and above, ships 10,000 GT and above, any ship carrying hazardous cargo.",Complex,Multi-State offshore scheme under a multi-authority mandatory reporting system.,SRC-054; SRC-058; SRC-065,Plot components against Croatian ZERP/VTS chart 950 VTS to confirm coverage; confirm whether 2015 Croatian VTS description remains current. Later Adriatic TSS amendments after 2016 not checked (compilation ends c. Circ.68).,
TSS-0074,B15,B,In the Adriatic Sea: Approaches to the Gulf of Trieste,Approaches to Gulf of Trieste,"Italy, Slovenia, Croatia",Confirmed,"Component of 'In the Adriatic Sea', COLREG.2/Circ.54 annex 3 (implemented 1 Dec 2004); separation line 45°07'.50N 013°00'.37E to 45°19'.00N 012°56'.87E.",In force,,Unresolved,VTS-033,"Scheme lies offshore south-west of Istria, outside the VTS Trieste and Koper areas (S15, S16). VTS Croatia supervises Circ.54 schemes within its area (S20) but location of this component relative to that area not verified.",Confirmed present,SRS-016,Within ADRIREP area (whole Adriatic north of 40°25'N).,,ADRIREP categories as in RPT-adrirep.,Complex,Multi-State approach scheme; VTS responsibility unclear; mandatory ADRIREP.,SRC-054; SRC-058; SRC-065,Confirm which State's waters and VTS area contain this component.,
TSS-0075,B15,B,In the Adriatic Sea: Approaches to the Gulf of Venice,Approaches to Gulf of Venice,Italy,Confirmed,"Component of 'In the Adriatic Sea', COLREG.2/Circ.54 annex 3 (implemented 1 Dec 2004); separation zone amended by COLREG.2/Circ.58 (implemented 1 July 2007).",In force,,Confirmed present,VTS-032,"Direct approach: TSS northern terminus (c. 45°10'-45°14'N, 012°29'-012°39'E, S4) adjoins the Venice VTS area outer limit B-C (45°08.4'N 012°25.7'E to 45°16.0'N 012°35.0'E, S17), and participating vessels must call Venice VTS 5 NM outside that limit, i.e. while in the TSS. Coverage inferred by comparing coordinates from two primary sources; the manual does not say in words that the VTS covers the TSS.",Confirmed present,SRS-016,"Within ADRIREP area; Venice MRSC and VTS Venezia are ADRIREP authorities (S13, S17).",,Venice VTS participation mandatory for vessels of 300 GT and upwards (S17); ADRIREP categories as in RPT-adrirep.,Intermediate,"Single-State approach scheme leading to a mandatory VTS, plus ADRIREP.",SRC-054; SRC-058; SRC-062; SRC-063,Venice manual dated 2017; check current edition. Reviewer to confirm the direct-approach judgement.,
TSS-0076,B16,B,In the Adriatic Sea: In the Gulf of Trieste and approaches to/from Koper,In the Gulf of Trieste; Approaches to/from Koper (with precautionary area in the Gulf of Trieste),"Slovenia, Italy (Croatia party to trilateral scheme)",Confirmed,"Components of 'In the Adriatic Sea', COLREG.2/Circ.54 annex 3 (implemented 1 Dec 2004). Label groups two schemes plus a precautionary area.",In force,In the Gulf of Trieste; Approaches to/from Koper; Precautionary area in the Gulf of Trieste,Confirmed present,VTS-030; VTS-031,Koper VTS manual section 7.1 describes both TSS and requires vessels in its area to use the lanes (S15). VTS Trieste manual: 'Nell'Area VTS di Trieste è ricompreso lo schema obbligatorio di separazione del traffico ... Golfo di Trieste' (S16). Each covers the part within its national waters.,Confirmed present,SRS-016,"Within ADRIREP area; MRCC Koper and VTS Trieste are ADRIREP authorities (S13). Separate mandatory VTS reports to Koper VTS (entry/exit, 1 h before entry) and VTS Trieste are VTS duties, not separate schemes.",,"Koper VTS: ships of 300 GT and upwards; fishing, traditional and recreational craft of 45 m and upwards; warships and government vessels exempt. VTS Trieste: 300 GT and over; pleasure/traditional craft 45 m and over.",Complex,Three-State area with two national VTS and ADRIREP.,SRC-054; SRC-058; SRC-060; SRC-061,Croatian role (VTS Croatia/Umag) in the Gulf of Trieste not checked.,
TSS-0077,B16,B,In the Adriatic Sea: Approaches to/from Monfalcone,Approaches to/from Monfalcone,Italy,Confirmed,"Component of 'In the Adriatic Sea', COLREG.2/Circ.54 annex 3 (implemented 1 Dec 2004); amended scheme per COLREG.2/Circ.58 referenced in VTS Trieste manual.",In force,,Confirmed present,VTS-031,"VTS Trieste area limits were set taking account of the TSS 'nella parte finale di ingresso/uscita dal porto di Monfalcone', and the manual states the Monfalcone TSS is included within the VTS area (S16).",Confirmed present,SRS-016,Within ADRIREP area; VTS Trieste is an ADRIREP authority (S13).,,VTS Trieste participation mandatory for ships of 300 GT and over etc.,Intermediate,Single VTS plus ADRIREP.,SRC-054; SRC-058; SRC-061,Confirm whether all of the Monfalcone TSS or only its final part lies in the VTS area.,
TSS-0078,B16,B,"Saronicos Gulf (Saronikós Kólpos, in the Approaches to Piraiévs)",Saronicos Gulf,Greece,Provisional,Existence as an IMO-adopted TSS evidenced by the 1991 COLREG.2 circular cancelling its inshore traffic zone (implemented 19 April 1991); original adoption instrument and current status not verified.,In force,,Unresolved,VTS-035,Lead only (S24): VTS in Piraeus linked to national VTMIS covering the wider Piraeus sea area. No primary source on VTS area or TSS coverage (hcg.gr HTTP 403).,Unresolved,,No IMO SRS for Greece in S14; Greek national VTS participation rules seen only in search snippets (lead).,,,Intermediate,Busy port approach likely with VTS; evidence incomplete.,SRC-054; SRC-068; SRC-069,Obtain Hellenic Coast Guard VTS Piraeus regulation/ALRS entry; confirm TSS still current in Ships' Routeing (operational status provisional).,
TSS-0079,B16,B,In the approaches to the port of Thessaloníki,In the approaches to the Port of Thessaloniki,Greece,Confirmed,"New scheme in COLREG.2/Circ.60 (MSC 85, implemented 1 June 2009).",In force,,Unresolved,,"No source found for a Thessaloniki VTS; lead S24 lists Greek VTS at Piraeus, Patras, Igoumenitsa and Kerkyra only (undated, not primary).",Unresolved,,No IMO SRS; national reporting not established.,,,Simple,Single-State port approach TSS; VTS status unknown.,SRC-054; SRC-068; SRC-069,Check Hellenic Coast Guard for any Thessaloniki VTS (planned or operational) and port reporting duties.,
TSS-0080,B16,B,Strait of Istanbul - North Approach,Strait of Istanbul - North Approach,Turkey,Confirmed,"Adopted by MSC 63, COLREG.2/Circ.40 (implemented 24 Nov 1994), together with 'Strait of Istanbul', 'Strait of Istanbul - South Approach and Sea of Marmara', 'Strait of Canakkale' and its South-West Approach. National regulation (2019) Art. 4 sets the TSS limits in the north at 41°20'.944 N. This record covers the North Approach only; linked components to be resolved in their own records.",In force,,Confirmed present,VTS-034,"Turkish Straits Maritime Traffic Regulation 2019, Art. 4-5: TSS in the Turkish Straits and their approaches (northern limit 41°20'.944 N) with TBGTH established for application and supervision of the TSS and reporting system; S21 confirms TSVTS operational since 2003 with İstanbul centre.",Confirmed present,SRS-017,"Regulation Art. 7: SP-2 2 h or 20 NM before entering the Istanbul Strait and position report 5 NM before the entrance, i.e. in the North Approach. National mandatory system, not IMO-adopted.",,SP-1: ships carrying dangerous cargo and ships of 500 GT and over (24 h before entry); position and calling-in point reports: ships of 20 m and over.,Complex,"Linked multi-segment strait regime with national VTS, mandatory national reporting and Montreux Convention context.",SRC-054; SRC-066; SRC-067; SRC-059,"Sector names/channels (Türkeli etc.) not confirmed from a primary source; Regulation read from scanned Resmî Gazete images (pages 2, 3, 5 only); 2020 amendments not checked.",
TSS-0081,B17,C,Strait of Istanbul,Strait of Istanbul,Türkiye,Confirmed,"Adopted by MSC 63 (May 1994), COLREG.2/Circ.40 item .3, implemented 0000 UTC 24 November 1994; companion schemes 'Strait of Istanbul - North Approach' (item .2) and 'South Approach and Sea of Marmara' (item .4) are separate IMO entries. Associated Rules and Recommendations confirmed by A.827(19). Nationally reproduced in 2019 Turkish Straits Maritime Traffic Regulation Annex 1 (English text lead only).",In force,"Strait of Istanbul (COLREG.2/Circ.40 item .3); Possible overlap with Strait of Istanbul - North Approach (item .2), not listed separately in this group",Confirmed present,VTS-034,"KEGM states the TSVTS serves the Istanbul Strait, Marmara Sea and Çanakkale Strait, and was extended in 2008 to cover the Marmara TSS.",Confirmed present,SRS-017,Implementing Directive Art. 12: ships wishing to transit the Straits must submit SP-1 via the Administration's system; non-compliance leads to administrative action and loss of transit turn. IMO A.827(19) strongly recommends TUBRAP participation.,At IMO level TUBRAP participation is 'strongly recommended' (A.827(19)); nationally mandatory.,Per unofficial English translation (lead only): SP-1 for ships with dangerous cargo or 500 GRT and over at least 24 h before arrival; SP-2 2 h or 20 NM before entrance; position report 5 NM before entrance and calling point reports for LOA 20 m and over; MARRAP for Marmara traffic. Daylight transit advised for draught 15 m+ or LOA over 200 m (A.827(19)).,Complex,"Montreux Convention regime, national mandatory reporting layered on IMO recommendatory rules, one-way traffic and pilotage rules, multiple linked schemes.",SRC-066; SRC-070; SRC-071; SRC-072; SRC-073; SRC-054,"Official Gazette PDF (resmigazete.gov.tr) and mevzuat.gov.tr timed out, so the official Turkish regulation text was not read; English text is an unofficial copy. Confirm whether the source label also covers the North Approach scheme. VTS sector VHF channels not confirmed from a primary page.",
TSS-0082,B17,C,Strait of Istanbul - South Approach and Sea of Marmara,Strait of Istanbul - South Approach and Sea of Marmara,Türkiye,Confirmed,"COLREG.2/Circ.40 item .4, implemented 0000 UTC 24 November 1994. 2019 national regulation Annex 1.3 'Istanbul Strait Southern Approach and Marmara Sea' (English text lead only).",In force,Istanbul Strait southern approach; Marmara Sea TSS,Confirmed present,VTS-034,KEGM (Turkish page) states TBGTH was extended in 2008 to include the Marmara Sea 'Trafik Ayırım Düzeni'; Implementing Directive Art. 18 addresses ships in the Marmara TSS under TBGTH coordination.,Confirmed present,SRS-017,Implementing Directive Art. 12: ships wishing to transit the Straits must submit SP-1 via the Administration's system; non-compliance leads to administrative action and loss of transit turn. IMO A.827(19) strongly recommends TUBRAP participation. Marmara-specific MARRAP and 6 h pre-departure SP-1 for Marmara ports appear only in the unofficial translation.,IMO level: strongly recommended (A.827(19)).,Per unofficial English translation (lead only): SP-1 for ships with dangerous cargo or 500 GRT and over at least 24 h before arrival; SP-2 2 h or 20 NM before entrance; position report 5 NM before entrance and calling point reports for LOA 20 m and over; MARRAP for Marmara traffic. Daylight transit advised for draught 15 m+ or LOA over 200 m (A.827(19)).,Complex,"Long TSS through Marmara linking both straits, national rules on breakdowns in TSS, MARRAP sub-reporting.",SRC-066; SRC-070; SRC-071; SRC-072; SRC-073; SRC-054,Official Turkish regulation text not retrieved (site timeout).,
TSS-0083,B17,C,Strait of Canakkale,Strait of Canakkale,Türkiye,Confirmed,"COLREG.2/Circ.40 item .5, implemented 0000 UTC 24 November 1994; national Annex 1.4 (English text lead only).",In force,,Confirmed present,VTS-034,"KEGM states the TSVTS serves the Istanbul Strait, Marmara Sea and Çanakkale Strait, and was extended in 2008 to cover the Marmara TSS. Akbaş (Çanakkale) VTS centre.",Confirmed present,SRS-017,Implementing Directive Art. 12: ships wishing to transit the Straits must submit SP-1 via the Administration's system; non-compliance leads to administrative action and loss of transit turn. IMO A.827(19) strongly recommends TUBRAP participation.,IMO level: strongly recommended (A.827(19)).,Per unofficial English translation (lead only): SP-1 for ships with dangerous cargo or 500 GRT and over at least 24 h before arrival; SP-2 2 h or 20 NM before entrance; position report 5 NM before entrance and calling point reports for LOA 20 m and over; MARRAP for Marmara traffic. Daylight transit advised for draught 15 m+ or LOA over 200 m (A.827(19)).,Complex,"As for Istanbul Strait: national mandatory reporting, pilotage and transit rules.",SRC-066; SRC-071; SRC-072; SRC-073; SRC-054,"VHF sector channels (Gelibolu, Nara, Kumkale) only from search snippets.",
TSS-0084,B17,C,Strait of Canakkale - South-west Approach,Strait of Canakkale - South-West Approach,Türkiye,Confirmed,"COLREG.2/Circ.40 item .6, implemented 0000 UTC 24 November 1994; national Annex 1.5 'Canakkale Strait Southwestern Approaches' (English text lead only).",In force,,Unresolved,VTS-034,"TSVTS confirmed for the Çanakkale Strait, but no primary source retrieved defines the VTS area as extending over the south-west approach. Unofficial translation places the regulation's southern boundary at about 39°44'N, beyond the approach scheme (lead only).",Unresolved,SRS-017,"TUBRAP applies to ships transiting the Straits (primary). That SP-2 is given 20 NM before the entrance, i.e. in the approach, comes only from the unofficial translation.",,Per unofficial English translation (lead only): SP-1 for ships with dangerous cargo or 500 GRT and over at least 24 h before arrival; SP-2 2 h or 20 NM before entrance; position report 5 NM before entrance and calling point reports for LOA 20 m and over; MARRAP for Marmara traffic. Daylight transit advised for draught 15 m+ or LOA over 200 m (A.827(19)).,Intermediate,Approach scheme; VTS and TUBRAP coverage very likely but not evidenced by a primary spatial definition.,SRC-066; SRC-071; SRC-073; SRC-054,Obtain official regulation text or Turkish NtM chartlet showing TBGTH area limits and reporting points in the SW approach.,
TSS-0085,B17,C,In the Approaches to the Ports of Odessa and Ilichevsk,"In the approaches to the ports of Odessa and Ilichevsk (historical); now part of 'Approaches to the Chornomorsk, Odesa and Pivdennyi ports'",Ukraine,Confirmed,"Adopted by IMCO/IMO, COLREG.2/Circ.14 of 22 April 1981 (Marad and scanned circular). Ilichevsk renamed Chornomorsk. Per secondary summary of COLREG.2/Circ.78 (MSC 106, issued 13 December 2022), replaced by the amended scheme 'Approaches to the Chornomorsk, Odesa and Pivdennyi ports', implemented 0000 UTC 1 June 2023. Marad primary confirms Ukraine's proposal to merge the two schemes; IMO circular text not itself retrieved.",Withdrawn/superseded,,Unresolved,VTS-036,"USPA confirms a 'VTCP Odesa' operated by Delta-Lotsman; Marad refers to 'The VTS of ... Delta Pilot' in proposing TSS changes, but no source defines the VTS area as covering the scheme. Wartime corridor arrangements apply (2022 notice).",Unresolved,,No reporting system identified for the scheme in retrieved sources.,,,Complex,"Superseded scheme, renamed ports, successor scheme, conflict-affected area with wartime corridor procedures.",SRC-075; SRC-076; SRC-077; SRC-054,"Retrieve COLREG.2/Circ.78 from IMO directly; recommend the guide records the successor scheme instead. Confirm VTCP Odesa area, VHF channel and any mandatory reporting under current Ukrainian port rules.",
TSS-0086,B18,C,Between the Ports of Odessa and Ilichevsk,"Between the ports of Odessa and Ilichevsk (historical); now part of 'Approaches to the Chornomorsk, Odesa and Pivdennyi ports'",Ukraine,Confirmed,Adopted per COLREG.2/Circ.14 (22 April 1981). Replaced with effect from 1 June 2023 by the combined amended scheme under COLREG.2/Circ.78 (secondary summary; Marad primary confirms merger proposal).,Withdrawn/superseded,,Unresolved,VTS-036,"As TSS-0085: VTCP Odesa exists, coverage of this scheme not evidenced.",Unresolved,,No reporting system identified.,,,Complex,Superseded and merged scheme in a conflict-affected area.,SRC-075; SRC-076; SRC-077; SRC-054,Merge with TSS-0085 as one successor record.,
TSS-0087,B18,C,In the area Off the South-western Coast of the Crimea,In the area off the south-western coast of the Crimea,Ukraine (proposing State; reference chart by State Hydrographic Service of Ukraine). Area temporarily occupied by the Russian Federation according to Ukraine and UNGA resolution 73/263 (as cited by Ukraine); control disputed,Confirmed,"New scheme adopted at MSC 87, COLREG.2/Circ.61 (1 June 2010), implemented 0000 UTC 1 December 2010. Two parts: Routeing System No.9 'Sevastopol Harbour Approach' and No.3 'From Cape Khersones to Cape Aitodor'. No IMO revocation found in retrieved sources.",Not established,Sevastopol Harbour Approach (Routeing System No.9); From Cape Khersones to Cape Aitodor (Routeing System No.3),Unresolved,,No VTS source retrieved. Any service in this area would be operated by authorities whose jurisdiction is disputed; not assessed.,Unresolved,,No reporting system identified.,,"Ukraine told IMO (CL 4508, Feb 2022) and IHO (2021) that the Russian Federation interfered with or disabled use of these IMO schemes through closures of areas. The scheme remains an IMO-adopted measure on the evidence found; this record does not assert that it can currently be used safely.",Complex,"Disputed, conflict-affected area; IMO measure whose practical functioning is reported as disrupted; competing claims of authority.",SRC-049; SRC-078; SRC-079,Check latest IMO Ships' Routeing edition and any MSC decisions for current status; check navigational warnings (NAVAREA III) for closures. Editorial neutrality review required.,
TSS-0088,B18,C,In the Southern Approaches to the Kerch Strait,In the southern approaches to the Kerch Strait,Originally adopted on USSR chart basis; coastal States Ukraine and the Russian Federation; Crimean coast control disputed (Ukraine regards it as temporarily occupied),Confirmed,"New scheme adopted by resolution A.374(X), 14 November 1977 (reference chart USSR No.514). Implementation date 15 May 1978 is a search-snippet lead only. Ukraine's IMO Circular Letter 4508 calls it 'Approaches to the Kerch Strait from the South', approved by IMO. No revocation found.",Not established,,Unresolved,,No VTS source retrieved for the southern approaches; any service would be subject to the jurisdictional dispute. Not assessed.,Unresolved,,No reporting system identified.,,Ukraine reports (CL 4508) that the Russian Federation interfered with the functioning of this IMO scheme and closed parts of the Kerch Strait area. This record does not assert current safe operation.,Complex,Disputed and conflict-affected; access restrictions reported; competing authorities.,SRC-074; SRC-078; SRC-079,Confirm implementation date and any later amendment; review IMO and NAVAREA III status. Editorial neutrality review required.,
TSS-0089,B18,C,Off the Mediterranean Coast of Egypt,Off the Mediterranean coast of Egypt,Egypt,Confirmed,"New scheme adopted at MSC 75, COLREG.2/Circ.51 (31 May 2002), implemented 0000 UTC 1 December 2002. Comprises approach schemes to Damietta (Mina Dumyat) and Port Said (Bur Said) with two precautionary areas.",In force,Western Approach to Mina Dumyat; Precautionary area north Dumyat; Eastern Approaches to Mina Dumyat; Western Approaches to Bur Said; Eastern Approach to Bur Said; Precautionary area north west Bur Said,Unresolved,,No primary source retrieved. Leads (search snippets only): Port Said port control on VHF 12; Damietta Port VTMS. Suez Canal Authority navigation pages fetched had no VTMS content.,Unresolved,,No reporting system identified.,,,Intermediate,Grouped scheme serving two major ports and Suez Canal northern approach; several possible port and canal services.,SRC-041,Obtain Suez Canal Authority Rules of Navigation (Port Said approach reporting) and Damietta Port Authority VTS details.,
TSS-0090,B18,C,"Off Alphard Banks, 34 miles south of Cape Infanta",Off Alphard Banks 34 miles south of Cape Infanta,South Africa,Confirmed,"New scheme adopted at MSC 69, COLREG.2/Circ.44 (May 1998) Annex 9 'Off the south coast of South Africa', implemented 0000 UTC 1 December 1998. Charts on Cape Datum.",In force,,Unresolved,,No VTS evidenced for this offshore area; port VTS services not shown to extend here.,Unresolved,,"SASAR Regulations 2016 reg. 30 require a ship reporting system to be established (general SAR reporting, not TSS-specific); SAMSA MN 13/2017 imposes reporting for compromised vessels in SA waters. Neither is a TSS reporting system.",Lead: South African ship reporting for SAR purposes (name and participation not confirmed).,,Simple,Single offshore scheme around an offshore hazard; no evidenced VTS or reporting.,SRC-054; SRC-081; SRC-082,Confirm whether any SAMSA/Transnet VTS or coastal surveillance covers the area; confirm current name and status of the SA ship reporting system (SAFREP lead).,
TSS-0091,B19,C,"Off the FA Platform, 47 miles south of Mossel Bay",Off the FA Platform 47 miles south of Mossel Bay,South Africa,Confirmed,"New scheme adopted at MSC 69, COLREG.2/Circ.44 Annex 9, implemented 0000 UTC 1 December 1998.",In force,,Unresolved,,No VTS evidenced; Mossel Bay port services not shown to cover a scheme 47 NM offshore.,Unresolved,,As TSS-0090.,,,Simple,Single offshore platform scheme.,SRC-054; SRC-081; SRC-082,Check whether the FA platform remains in place (scheme purpose) and whether South Africa has proposed amendment or revocation.,
TSS-0092,B19,C,In the Gulf of Suez,In the Gulf of Suez,Egypt,Confirmed,"New scheme adopted by resolution A.374(X) (14 November 1977); amended scheme adopted at MSC 67, COLREG.2/Circ.42 (2 January 1997), implemented 1 July 1997. Compilation notes associated 'Rules for ships navigating in the Gulf of Suez' (MSC 46/19). Earlier amendments also appear in the compilation.",In force,,Unresolved,VTS-037,Only trade press (2002) describes a Gulf of Suez VTIMS with two centres on the Gulf; no current Egyptian primary source retrieved.,Unresolved,,No reporting system identified; Suez Canal Authority rules not retrieved.,,,Intermediate,"Long TSS with associated rules, oil field traffic, adjoining Suez Canal southern approach.",SRC-054; SRC-074; SRC-080,Identify the current Egyptian authority and VTS (Egyptian Authority for Maritime Safety or Ports and Lighthouses successor) and any Gulf of Suez reporting requirement.,
TSS-0093,B19,C,In the Entrance to the Gulf of Aqaba,In the entrance to the Gulf of Aqaba,Egypt (implementing Government per IMO); adjoining Saudi Arabia,Confirmed,"New scheme adopted at MSC 61 (December 1992), COLREG.2/Circ.39; implemented 0000 UTC 1 October 1993 after Egypt confirmed survey of Grafton Passage and aids (Circ.39/Add.1). Nearby areas to be avoided north of the Strait of Tiran and at Ras Mohammed adopted by A.827(19).",In force,,Unresolved,,No VTS source retrieved for the Strait of Tiran entrance.,Unresolved,,No reporting system identified.,,Associated ATBAs (A.827(19)): ships carrying dangerous or toxic cargoes or exceeding 500 GT should avoid specified areas north of Tiran and at Sharm El Sheikh / Ras Mohammed.,Intermediate,"Multi-State approaches (Egypt, Saudi Arabia, Jordan and Israel ports in the Gulf) and associated ATBAs.",SRC-054; SRC-072,Check for any Egyptian or Saudi VTS coverage at Tiran and any reporting requirement for Gulf of Aqaba traffic.,
TSS-0094,B19,C,In the Southern Red Sea - West and South of Hanish al Kubra,In the Southern Red Sea: west and south of Hanish al Kubra Island,Yemen (Hanish islands; proposing Government not stated in the retrieved circular),Confirmed,"New scheme adopted at MSC 76, COLREG.2/Circ.52 (6 January 2003) Annex 1, implemented 0000 UTC 1 July 2003. Annex 1 contains two schemes (this and east of Jabal Zuqar, TSS-0095).",In force,,Unresolved,,No VTS source retrieved.,Unresolved,,No reporting system identified.,,Area affected by Red Sea security incidents; security advisories are outside the scope of this record.,Intermediate,Paired schemes in a security-affected area with no identified coastal VTS.,SRC-054,Confirm proposing State(s) from MSC 76 report; check for any Yemeni or regional VTS; confirm no amendment since 2003.,
TSS-0095,B19,C,In the Southern Red Sea - East of Jabal Zuqar Island,In the Southern Red Sea: east of Jabal Zuqar Island,Yemen (Jabal Zuqar; proposing Government not stated in the retrieved circular),Confirmed,"New scheme adopted at MSC 76, COLREG.2/Circ.52 Annex 1, implemented 0000 UTC 1 July 2003. Southbound lane 140° then 166°, northbound 346° then 320°.",In force,,Unresolved,,No VTS source retrieved.,Unresolved,,No reporting system identified.,,As TSS-0094.,Intermediate,As TSS-0094.,SRC-054,As TSS-0094.,
TSS-0096,B20,D,In the Strait of Bab-el-Mandeb,In the Strait of Bab el Mandeb,Yemen; Djibouti (coastal States by geography; not named in the instruments retrieved),Confirmed,"IMO-adopted by Assembly resolution A.284(VIII) (20 Nov 1973). Amended scheme adopted by MSC 76 and promulgated by COLREG.2/Circ.52, implemented 0000 UTC 1 July 2003 (southbound 155° then 120°, northbound 300° then 335°, turning line off Mayyun Island). Separate from the 'In the Southern Red Sea' TSS adopted in the same circular.",In force,,Unresolved,,"No VTS covering the strait was found in any primary source (Yemen, Djibouti). Searches returned only commentary.",Unresolved,,No IMO-adopted mandatory ship reporting system found for Bab el Mandeb. No national mandatory reporting evidenced.,"UKMTO Voluntary Reporting Scheme and MSCIO registration for the Voluntary Reporting Area (VRA); the VRA extent including the Red Sea is a search-snippet lead only (UKMTO site returned HTTP 403). Security reporting, not a navigational VTS.",,Intermediate,"Multi-State strait, security-affected area with military/security voluntary reporting overlays; no VTS identified.",SRC-086; SRC-054; SRC-091,"Confirm any VTS at Perim/Djibouti; confirm VRA extent from UKMTO/MSCIO primary page (403). Current edition of IMO Ships' Routeing and UKHO ANM Section 17 not retrieved (UKHO download returned HTTP 500), so later amendments or revocations after the cited circular cannot be excluded.",
TSS-0097,B20,D,Off Ras al Hadd,Off Ras al Hadd,Oman,Confirmed,"New scheme adopted by MSC 41; COLREG.2/Circ.12 (19 Nov 1979), effective 15 Feb 1980. Inshore traffic zone redescribed by COLREG.2/Circ.40 (MSC 63), implemented 24 Nov 1994.",In force,,Unresolved,,No Omani VTS covering the Ras al Hadd TSS found in a primary source. Oman port VTS (e.g. nearby Sur/Qalhat) not evidenced to cover the scheme.,Unresolved,,No IMO-adopted mandatory ship reporting system found; no Omani national mandatory reporting evidenced.,"UKMTO daily position reporting, MSCIO VRA registration and IFC-IOR voluntary reporting recommended for vessels in the Gulf of Oman and North Arabian Sea (Liberia MSB 14/2026).",,Simple,Single-State coastal TSS with ITZ; no VTS or mandatory reporting identified.,SRC-054; SRC-091,"Oman Ministry of Transport VTS list not found online. Current edition of IMO Ships' Routeing and UKHO ANM Section 17 not retrieved (UKHO download returned HTTP 500), so later amendments or revocations after the cited circular cannot be excluded.",
TSS-0098,B20,D,Off Ra's al Kuh,Off Ra's al Kuh,Iran (Islamic Republic of) (inferred from positions c. 25°35'-25°47'N 057°03'-057°15'E; State not named in the circular),Confirmed,"New scheme adopted by MSC 78; COLREG.2/Circ.54 (28 May 2004), implemented 0000 UTC 1 December 2004. Two 2-mile lanes, 2-mile separation zone and an associated inshore traffic zone; lanes lead towards the Strait of Hormuz / Gulf of Oman.",In force,,Unresolved,,No Iranian VTS evidenced as covering this scheme. Bandar Abbas VTS (Iran PMO) is a lead for the Hormuz area only and is not linked to Ra's al Kuh.,Unresolved,,No IMO-adopted mandatory reporting system found; no national requirement evidenced.,UKMTO / MSCIO VRA / IFC-IOR voluntary reporting recommended for the Gulf of Oman (Liberia MSB 14/2026).,,Intermediate,Approach to the Strait of Hormuz in a conflict-affected area; State attribution inferred from position.,SRC-054; SRC-091,"Confirm proposing Government from MSC 78 report or Ships' Routeing. Current edition of IMO Ships' Routeing and UKHO ANM Section 17 not retrieved (UKHO download returned HTTP 500), so later amendments or revocations after the cited circular cannot be excluded.",
TSS-0099,B20,D,In the Strait of Hormuz,In the Strait of Hormuz,Oman; Iran (Islamic Republic of) (proposing States per IMO),Confirmed,"Proposed by Iran and Oman and adopted by IMO in 1968 (IMO page, 2026); included in A.284(VIII) (1973); amended scheme adopted by MSC 40 (IMCO circular dated 7 June 1979); reference chart changed to BA 3172 (WGS 84) by COLREG.2/Circ.33 (25 Feb 1994); inshore traffic zone off Musandam redescribed by COLREG.2/Circ.40 (implemented 24 Nov 1994). 2026 hostilities: IMO page confirms the TSS as 'existing'; press reports of temporary Omani routes north and south of the lanes are leads only and were not verified from an Omani Notice to Mariners.",In force,,Unresolved,VTS-039,"No primary source establishing a VTS covering the IMO Hormuz TSS. Lead: search snippet (puertos.es document, HTTP 403) says Bandar Abbas VTC requires contact on VHF 13 before entering local 'TSS (area A/B)' between Larak, Hormuz and Qeshm, which appear to be port-approach lanes rather than the IMO scheme. Omani radar monitoring from Musandam is a press lead only.",Unresolved,,No IMO-adopted mandatory ship reporting system for the Strait of Hormuz found. Flag-State guidance recommends voluntary security reporting only.,"UKMTO daily reporting, MSCIO VRA registration and IFC-IOR voluntary reporting for vessels transiting the Strait of Hormuz (Liberia MSB 14/2026); IMO page also points to UKMTO, JMIC and MSCIO advisories and Oman NAVAREA IX notices.",Conflict-affected (2026); security level 3 advised by at least one flag State for Liberian ships. Recorded neutrally.,Complex,"Two-State strait, conflict-affected, temporary routeing reports, layered security reporting, possible Iranian port VTS overlap.",SRC-088; SRC-086; SRC-054; SRC-091,"Obtain Oman NAVAREA IX notices on temporary routes and any Omani/Iranian VTS covering the TSS; puertos.es document on Bandar Abbas VTS blocked (403). Current edition of IMO Ships' Routeing and UKHO ANM Section 17 not retrieved (UKHO download returned HTTP 500), so later amendments or revocations after the cited circular cannot be excluded.",
TSS-0100,B20,D,Tunb-Farur,Tunb-Farur,Iran (Islamic Republic of) and adjacent waters; lanes pass either side of Jaz-Tunb and Jaz-Farur (sovereignty over the Tunb islands is disputed between Iran and the United Arab Emirates; recorded neutrally),Provisional,"Adopted by Assembly resolution A.284(VIII) (20 Nov 1973): separate westbound (258°/278°) and eastbound (098°/078°) lanes, linking to the Strait of Hormuz scheme. No later amendment or revocation found in the COLREG.2 circular compilation, but current status not verified in the current Ships' Routeing.",In force,Westbound traffic lane (north of Jaz-Tunb/Jaz-Farur); Eastbound traffic lane (south of the islands),Unresolved,,No VTS evidenced as covering the scheme.,Unresolved,,No IMO-adopted mandatory reporting found; none evidenced nationally.,UKMTO / MSCIO / IFC-IOR voluntary reporting for vessels in the Arabian Gulf (Liberia MSB 14/2026).,,Intermediate,Lanes split around disputed islands in a conflict-affected area; identity rests on a 1973 instrument.,SRC-086; SRC-091,"Confirm current status (Ships' Routeing Part B). Current edition of IMO Ships' Routeing and UKHO ANM Section 17 not retrieved (UKHO download returned HTTP 500), so later amendments or revocations after the cited circular cannot be excluded.",
TSS-0101,B21,D,Between Zaqqum and Umm Shaif,Between Zaqqum and Umm Shaif oilfields,United Arab Emirates (Abu Dhabi),Confirmed,"New scheme adopted by MSC 46; COLREG.2/Circ.15 (6 April 1982); effective not before 31 Dec 1982 and on notification by the Government concerned. ADNOC Port Marine Notice DZM/MN/019/2023 (14 Mar 2023) refers to the 'Zaqqum Traffic Separation Scheme', indicating it remains in use.",In force,,Unresolved,VTS-038,"ADNOC Harbour Master (Port of Das, Zirku & Mubarraz) notice on traffic within the Zaqqum TSS instructs vessels to maintain a listening watch on VHF 23 (Das VTIS) and to inform Das VTIS. Notice is temporary (2023 pipe-laying) so full VTS area limits are not stated.",Unresolved,,"No IMO-adopted or national mandatory reporting system evidenced for the scheme; Das VTIS reporting duties are within the VTS, not a separate system.",UKMTO / MSCIO / IFC-IOR voluntary security reporting for the Arabian Gulf (Liberia MSB 14/2026).,,Intermediate,Offshore oilfield TSS with terminal-operator VTIS; coverage evidenced only via a temporary notice.,SRC-054; SRC-089; SRC-091,"Obtain a standing ADNOC PPA document describing the Das VTIS area; confirm UAE notification date of implementation. Current edition of IMO Ships' Routeing and UKHO ANM Section 17 not retrieved (UKHO download returned HTTP 500), so later amendments or revocations after the cited circular cannot be excluded.",vts_finding: Confirmed present -> Unresolved. Only evidence is a temporary 2023 ADNOC notice that does not state the Das VTIS area; not sufficient for current coverage. Das VTIS retained as a lead.
TSS-0102,B21,D,In the Approaches to Ras Tanura and Ju'aymah,In the approaches to Ras Tanura and Ju'aymah,Saudi Arabia,Confirmed,"'In the approach to Ras Tanura' in A.284(VIII) (1973); amended and renamed 'In the approaches to Ras Tanura and Ju'aymah (as amended)' by A.338(IX) (12 Nov 1975), in three parts. Later amendments not checked.",In force,Part I: Ras Tanura Approach; Part II: Ju'aymah Approach; Part III: Ju'aymah Departure,Unresolved,VTS-040,"Lead only: Saudi Aramco Ports and Terminals documents (search snippets) mention Ras Tanura Port Control on VHF 10/16 and a Vessel Traffic Management System at Ju'aymah, but every Aramco PDF returned 404/403 so coverage of the TSS could not be verified.",Unresolved,,No IMO-adopted mandatory reporting system found; port reporting requirements not verified.,UKMTO / MSCIO / IFC-IOR voluntary security reporting for the Arabian Gulf (Liberia MSB 14/2026).,,Intermediate,Grouped three-part scheme serving oil terminals with an operator-run port control/VTMS lead.,SRC-086; SRC-087; SRC-091,"Aramco 'Port of Ras Tanura' and Ju'aymah terminal PDFs would not load (404/403, HTTP/2 errors). Current edition of IMO Ships' Routeing and UKHO ANM Section 17 not retrieved (UKHO download returned HTTP 500), so later amendments or revocations after the cited circular cannot be excluded.",
TSS-0103,B21,D,Marjan/Zuluf,Marjan/Zuluf (originally 'Between the Zuluf and Marjan oil fields'),Saudi Arabia (by location; not named in circulars),Confirmed,"New scheme adopted by MSC 59; COLREG.2/Circ.37 (19 June 1991), implemented 16 Nov 1991. Amended by MSC 70; COLREG.2/Circ.45 (8 Jan 1999), implemented 1 July 1999, superseding COLREG.2/Circ.43 (10 Feb 1997). Renamed 'Marjan/Zuluf (amended scheme)'.",In force,,Unresolved,,No VTS evidenced as covering the scheme; Saudi Aramco documents could not be retrieved.,Unresolved,,No IMO-adopted or national mandatory reporting evidenced.,UKMTO / MSCIO / IFC-IOR voluntary security reporting for the Arabian Gulf (Liberia MSB 14/2026).,,Simple,Single-State offshore oilfield TSS; no VTS or reporting identified.,SRC-054; SRC-091,"Current edition of IMO Ships' Routeing and UKHO ANM Section 17 not retrieved (UKHO download returned HTTP 500), so later amendments or revocations after the cited circular cannot be excluded.",
TSS-0104,B21,D,Approaches to the Port of Ra's al Khafji,Approaches to the Port of Ra's al Khafji,Saudi Arabia (Government of Saudi Arabia notified IMO),Confirmed,"New scheme adopted by MSC 78; COLREG.2/Circ.54 (28 May 2004), planned 1 Dec 2004; implementation postponed to 1 June 2005 by COLREG.2/Circ.54/Add.1 (13 Sep 2004, note by Saudi Arabia).",In force,,Unresolved,,No VTS evidenced (Al-Khafji Joint Operations port control not found in a primary source).,Unresolved,,No IMO-adopted or national mandatory reporting evidenced.,UKMTO / MSCIO / IFC-IOR voluntary security reporting for the Arabian Gulf (Liberia MSB 14/2026).,,Simple,Single port approach TSS; no VTS or reporting identified.,SRC-054; SRC-085; SRC-091,"Khafji lies near the former Saudi-Kuwaiti Divided/Neutral Zone; operator arrangements not checked. Current edition of IMO Ships' Routeing and UKHO ANM Section 17 not retrieved (UKHO download returned HTTP 500), so later amendments or revocations after the cited circular cannot be excluded.",
TSS-0105,B21,D,Off Mina'Al Ahmadi,Off Mina Al-Ahmadi,Kuwait (by location; not named in circular),Confirmed,"New scheme adopted by MSC 79; COLREG.2/Circ.55 (15 Dec 2004), implemented 0000 UTC 1 July 2005. The adopted measure comprises three schemes (North Scheme I, North Scheme II, The South Scheme); annex notes the Mina Al-Ahmadi deep departure channel remains in use.",In force,North Scheme I; North Scheme II; The South Scheme,Unresolved,,"No VTS evidenced; port information sites (lead only) say marine operations are run by the Kuwait Oil Company harbour master, without VTS coverage details.",Unresolved,,No IMO-adopted or national mandatory reporting evidenced.,UKMTO / MSCIO / IFC-IOR voluntary security reporting for the Arabian Gulf (Liberia MSB 14/2026).,,Intermediate,Grouped label covering three schemes serving an oil port; VTS status unknown.,SRC-054; SRC-091,"Kuwait Ports Authority / KOC port regulations not found online. Current edition of IMO Ships' Routeing and UKHO ANM Section 17 not retrieved (UKHO download returned HTTP 500), so later amendments or revocations after the cited circular cannot be excluded.",
TSS-0106,B22,D,Off Dondra Head,Off Dondra Head (TSS south of Dondra Head),Sri Lanka,Provisional,MEPC 80/16/3 (28 Apr 2023) states the existing TSS south of Dondra Head is in Ships' Routeing Section IV and was established in 1980; adoption instrument (IMO circular/resolution) not retrieved. 2023 industry/IWC proposal to move the TSS about 15 nm south was opposed by Sri Lanka (press leads); no change evidenced.,In force,,Unresolved,,"No VTS covering the TSS found. Sri Lanka Ports Authority VTMS at Colombo (supplier press releases, lead only) is a port system and not evidenced to cover Dondra Head.",Unresolved,,No IMO-adopted or national mandatory reporting system evidenced.,,,Simple,Single-State coastal TSS; no VTS or reporting identified; environmental review pressure noted.,SRC-090,"Retrieve the 1980 adoption instrument and any Sri Lanka Merchant Shipping Secretariat notice. Current edition of IMO Ships' Routeing and UKHO ANM Section 17 not retrieved (UKHO download returned HTTP 500), so later amendments or revocations after the cited circular cannot be excluded.",
TSS-0107,B22,D,At One Fathom Bank,At One Fathom Bank (with precautionary area 'Off Port Klang'),"Malaysia (Straits of Malacca; system proposed by Indonesia, Malaysia and Singapore)",Confirmed,"Amended scheme adopted by MSC 69 (May 1998); COLREG.2/Circ.44 annex 1, implemented 0000 UTC 1 Dec 1998, with precautionary area 'Off Port Klang'. Segment of the Malacca-Singapore routeing system.",In force,,Confirmed present,VTS-004,"Scheme spans c. 03°02'.7N to 02°41'N (Circ.44). On the STRAITREP chartlet the Sector 1 (Angsa)/Sector 2 (Jugra) boundary runs at about 02°52'N towards Port Klang, so the scheme lies in Sectors 1 and 2, both 'Klang VTS' (MSC.73(69) para 3.4); VHF 66 (Sector 1) and 88 (Sector 2).",Confirmed present,SRS-004,"STRAITREP (MSC.73(69), in force 1 Dec 1998) applies throughout the operational area, which 'includes the routeing system in the Straits of Malacca and Singapore'; reports to the VTS authority for the sector. Sectors 1-2: Klang VTS.",,STRAITREP participants: ships of 300 GT and above; 50 m or more in length; towing/pushing combinations of 300 GT or 50 m; any tonnage carrying hazardous cargo; all VHF-fitted passenger vessels; smaller VHF-fitted vessels using the lanes in an emergency (MSC.73(69) Annex 1 para 1.1).,Intermediate,One VTS but two STRAITREP sectors/channels; part of a multi-State routeing and reporting system.,SRC-054; SRC-083; SRC-007; SRC-084,"Sector boundaries are published only as chartlets (MSC.73(69) appendices 1-2); allocation is by visual interpretation of the MPA 2026 chartlet against Circ.44 coordinates, not by stated boundary coordinates. Later amendments to the Malacca schemes after 1998 not checked. Operating authority of Klang and Johor VTS (Marine Department Malaysia) not stated in fetched sources; Malaysian sources not retrieved.",
TSS-0108,B22,D,Port Klang to Port Dickson,Port Klang to Port Dickson (with precautionary area 'Off Port Dickson'),Malaysia,Confirmed,"New scheme adopted by MSC 69; COLREG.2/Circ.44 annex 2, implemented 1 Dec 1998, with inshore traffic zone and precautionary area 'Off Port Dickson'.",In force,,Confirmed present,VTS-004,"Scheme runs c. 02°44'N 101°15'E to 02°24'-02°29'N 101°35'-101°39'E. On the chartlet it lies in Sector 2 (Jugra), with its south-eastern end and the Off Port Dickson precautionary area at or just across the Sector 2/3 boundary off Port Dickson; both sectors are Klang VTS (VHF 88 Sector 2, 84 Sector 3).",Confirmed present,SRS-004,"STRAITREP (MSC.73(69), in force 1 Dec 1998) applies throughout the operational area, which 'includes the routeing system in the Straits of Malacca and Singapore'; reports to the VTS authority for the sector. Sectors 2 (mainly) and 3: Klang VTS.",,STRAITREP participants: ships of 300 GT and above; 50 m or more in length; towing/pushing combinations of 300 GT or 50 m; any tonnage carrying hazardous cargo; all VHF-fitted passenger vessels; smaller VHF-fitted vessels using the lanes in an emergency (MSC.73(69) Annex 1 para 1.1).,Intermediate,Single VTS; sector boundary near south-eastern end changes working channel.,SRC-054; SRC-083; SRC-007; SRC-084,"Sector boundaries are published only as chartlets (MSC.73(69) appendices 1-2); allocation is by visual interpretation of the MPA 2026 chartlet against Circ.44 coordinates, not by stated boundary coordinates. Later amendments to the Malacca schemes after 1998 not checked. Operating authority of Klang and Johor VTS (Marine Department Malaysia) not stated in fetched sources; Malaysian sources not retrieved.",
TSS-0109,B22,D,Port Dickson to Tanjung Keling,Port Dickson to Tanjung Keling (with precautionary area 'Off Malacca/Dumai'),Malaysia (Indonesia across the strait),Confirmed,"New scheme adopted by MSC 69; COLREG.2/Circ.44 annex 3, implemented 1 Dec 1998, with inshore traffic zone and precautionary area 'Off Malacca/Dumai'.",In force,,Confirmed present,VTS-004,"Scheme runs c. 02°24'N 101°41'E to 02°03'-02°12'N 101°54'-102°01'E. On the chartlet it lies in Sector 3 (Cape Rachado), Klang VTS, VHF 84; the Off Malacca/Dumai precautionary area at its south-eastern end sits near the Sector 3/4 boundary (Sector 4 also Klang VTS, VHF 61).",Confirmed present,SRS-004,"STRAITREP (MSC.73(69), in force 1 Dec 1998) applies throughout the operational area, which 'includes the routeing system in the Straits of Malacca and Singapore'; reports to the VTS authority for the sector. Sector 3: Klang VTS.",,STRAITREP participants: ships of 300 GT and above; 50 m or more in length; towing/pushing combinations of 300 GT or 50 m; any tonnage carrying hazardous cargo; all VHF-fitted passenger vessels; smaller VHF-fitted vessels using the lanes in an emergency (MSC.73(69) Annex 1 para 1.1).,Simple,Single VTS and essentially a single sector.,SRC-054; SRC-083; SRC-007; SRC-084,"Sector boundaries are published only as chartlets (MSC.73(69) appendices 1-2); allocation is by visual interpretation of the MPA 2026 chartlet against Circ.44 coordinates, not by stated boundary coordinates. Later amendments to the Malacca schemes after 1998 not checked. Operating authority of Klang and Johor VTS (Marine Department Malaysia) not stated in fetched sources; Malaysian sources not retrieved.",
TSS-0110,B22,D,Malacca to Iyu Kecil,Malacca to Iyu Kecil (with precautionary area 'Off Sultan Shoal Lighthouse'),Malaysia; Indonesia (south side of the strait),Confirmed,"New scheme adopted by MSC 69; COLREG.2/Circ.44 annex 4, implemented 1 Dec 1998, with precautionary area 'Off Sultan Shoal Lighthouse'. Continues eastward into 'In the Singapore Strait' (amended 2004, COLREG.2/Circ.54 annex 5, implemented 1 Jan 2005).",In force,,Confirmed present,VTS-004; VTS-005; VTS-006,"Scheme runs c. 02°05'N 102°04'E to 01°09'-01°14'N 103°27'-103°30'E. On the chartlets it crosses Sectors 4 (Undan) and 5 (Segenting) of Klang VTS (VHF 61, 88) and Sector 6 (Piai) of Johor VTS (VHF 88). Its eastern end meets the Tg Piai - Pulau Karimun Kecil line (reporting line, and Sector 6/7 boundary on Appendix 2); by the Circ.44 coordinates the easternmost lane ends lie marginally east of that line, in Sector 7 (Singapore VTS, VHF 73), where the associated Off Sultan Shoal precautionary area also lies. North-western end adjoins the Sector 3/4 boundary.",Confirmed present,SRS-004,"STRAITREP (MSC.73(69), in force 1 Dec 1998) applies throughout the operational area, which 'includes the routeing system in the Straits of Malacca and Singapore'; reports to the VTS authority for the sector. Sectors 4-5 Klang VTS, Sector 6 Johor VTS; ships crossing the Tg Piai - Karimun Kecil line report on entering Singapore VTS Sector 7.",,STRAITREP participants: ships of 300 GT and above; 50 m or more in length; towing/pushing combinations of 300 GT or 50 m; any tonnage carrying hazardous cargo; all VHF-fitted passenger vessels; smaller VHF-fitted vessels using the lanes in an emergency (MSC.73(69) Annex 1 para 1.1).,Complex,"Crosses three or four STRAITREP sectors and two or three VTS authorities in two States, with a mandatory reporting line at its eastern end.",SRC-054; SRC-083; SRC-007; SRC-084,"Sector boundaries are published only as chartlets (MSC.73(69) appendices 1-2); allocation is by visual interpretation of the MPA 2026 chartlet against Circ.44 coordinates, not by stated boundary coordinates. Later amendments to the Malacca schemes after 1998 not checked. Operating authority of Klang and Johor VTS (Marine Department Malaysia) not stated in fetched sources; Malaysian sources not retrieved. Whether the Singapore VTS link should be treated as scheme coverage or only its terminus is a judgement for the editor.",
TSS-0111,B23,E,In the Singapore Strait (Main Strait),In the Singapore Strait (Main Strait),"Indonesia, Malaysia, Singapore (tripartite routeing system)",Confirmed,"Amended scheme adopted MSC 69 (May 1998), implemented 0000 UTC 1 December 1998 (COLREG.2/Circ.44, amended by COLREG.2/Circ.54 of 28 May 2004), with precautionary area 'Off Pulau Sebarok/Pulau Belakang Padang'. Scheme coordinates run from about 103°32.96'E to about 103°50'E (S4, Annex 5).",In force,,Confirmed present,VTS-006,"Scheme spans roughly 103°33'E to 103°50'E. MPA defines Sector 7 as between the Tg Piai to Pulau Karimun Kecil line and 103°44.5'E, and Sector 8 as 103°44.5'E to 104°02.1'E (S3); both are Singapore VTS sectors (S1). West part in Sector 7 (VTIS West, Ch 73), east part in Sector 8 (VTIS Central, Ch 14). Not in Johor VTS Sector 6 or Klang VTS sectors.",Confirmed present,SRS-004,"STRAITREP operational area (100°40'E to 104°23'E) expressly includes the routeing system in the Straits (S5, S2); segment wholly within.",,"STRAITREP categories: 300 GT and above; 50 m or more in length; towing/pushing with combined 300 GT or 50 m; any tonnage carrying hazardous cargo; passenger vessels fitted with VHF (S5, S2).",Complex,Tripartite scheme split across two Singapore VTS sectors with a mandatory IMO SRS.,SRC-007; SRC-006; SRC-092; SRC-093; SRC-094,"Sector boundaries in MSC.73(69) appear only on chartlets; allocation relies on MPA longitudes (S3). Precise western boundary of the scheme relative to the Tg Piai line not plotted, but all scheme coordinates are east of 103°30.75'E.",
TSS-0112,B23,E,Singapore Strait (Off St. John's Island),Singapore Strait (Off St. John's Island),"Indonesia, Malaysia, Singapore (tripartite routeing system)",Confirmed,"New scheme adopted MSC 69 (1998), implemented 1 December 1998, with precautionary area 'Off St. John's Island/Pulau Sambu'; coordinates about 103°50.2'E to 103°52.7'E, deep-water route within eastbound lane (S4, Annex 6).",In force,,Confirmed present,VTS-006,"Whole scheme lies between 103°44.5'E and 104°02.1'E, i.e. STRAITREP Sector 8 (VTIS Central, Ch 14), a Singapore VTS sector (S3, S1).",Confirmed present,SRS-004,"Within STRAITREP operational area, which includes the routeing system (S5, S2).",,"STRAITREP categories: 300 GT and above; 50 m or more in length; towing/pushing with combined 300 GT or 50 m; any tonnage carrying hazardous cargo; passenger vessels fitted with VHF (S5, S2).",Complex,Single VTS sector but part of tripartite system with mandatory SRS and deep-water route.,SRC-007; SRC-006; SRC-092; SRC-093; SRC-094,None material.,
TSS-0113,B23,E,Singapore Strait (Off Changi/Pulau Batam),Singapore Strait (Off Changi/Pulau Batam),"Indonesia, Malaysia, Singapore (tripartite routeing system)",Confirmed,"New scheme adopted MSC 69 (1998), implemented 1 December 1998, with precautionary area 'Off Tanjung Setapa/Pulau Bintan'; coordinates about 103°53.75'E to 104°03.35'E (S4, Annex 7).",In force,,Confirmed present,VTS-006,"Scheme runs from about 103°53.75'E to 104°03.35'E, crossing the Sector 8/9 boundary at 104°02.1'E (S3): mostly Sector 8 (VTIS Central, Ch 14), eastern tip in Sector 9 (VTIS East, Ch 10). Both Singapore VTS (S1).",Confirmed present,SRS-004,"Within STRAITREP operational area (S5, S2).",,"STRAITREP categories: 300 GT and above; 50 m or more in length; towing/pushing with combined 300 GT or 50 m; any tonnage carrying hazardous cargo; passenger vessels fitted with VHF (S5, S2).",Complex,Straddles two Singapore VTS sectors; tripartite scheme with mandatory SRS.,SRC-007; SRC-006; SRC-092; SRC-093; SRC-094,"Associated precautionary area 'Off Tanjung Setapa/Pulau Bintan' extends further east (to about 104°14.9'E), wholly in Sector 9.",
TSS-0114,B23,E,At Horsburgh Lighthouse Area,At Horsburgh Lighthouse Area,"Indonesia, Malaysia, Singapore (tripartite routeing system)",Confirmed,"Amended scheme adopted MSC 69 (1998), implemented 1 December 1998; coordinates 104°14.89'E to about 104°27.84'E (S4, Annex 8).",In force,,Confirmed present,VTS-006,"Part coverage only. Western part (104°14.89'E to 104°23.0'E) is in Sector 9 (VTIS East, Ch 10), Singapore VTS (S3, S1). The north-eastern end of the scheme (to about 104°27.8'E) lies east of the 104°23'E STRAITREP limit, where no sector is defined (S2, S3).",Confirmed present,SRS-004,"STRAITREP covers the scheme only west of 104°23'E (S2, S5). Horsburgh Lt (104°24.44'E) is itself a STRAITREP reference point just outside the limit; ships approaching from the east report on reaching Sector 9 (S5 para 3).",,"STRAITREP categories: 300 GT and above; 50 m or more in length; towing/pushing with combined 300 GT or 50 m; any tonnage carrying hazardous cargo; passenger vessels fitted with VHF (S5, S2).",Complex,Scheme extends beyond the STRAITREP/Singapore VTS eastern limit; partial coverage.,SRC-007; SRC-006; SRC-092; SRC-093; SRC-094,No evidence found of any VTS or reporting duty for the part of the scheme east of 104°23'E (possible Malaysian or Indonesian coverage not researched).,
TSS-0115,B23,E,In the Sunda Strait,In the Sunda Strait,Indonesia,Confirmed,"Adopted MSC 101 (June 2019), COLREG.2/Circ.74 of 14 June 2019, implemented 1 July 2020 (S6); includes inshore traffic zone; national instrument KM 130 Tahun 2020 cited by DGST (S7). Indonesia's first TSS in an archipelagic sea lane (ALKI I).",In force,,Confirmed present,VTS-041,DGST states ships in the Sunda Strait TSS communicate via VHF Ch 22 or 68 with call sign 'Merak VTS' (S7).,Confirmed present,SRS-020,"SUNDAREP (Sistem Pelaporan dan Informasi Navigasi) is mandatory for all Indonesian-flagged ships transiting or crossing the TSS (S7). National scheme, not IMO-adopted SRS on evidence found.",Foreign ships entering the TSS are strongly encouraged ('sangat dianjurkan') to participate in SUNDAREP (S7).,Mandatory only for Indonesian-flagged ships; voluntary for foreign ships.,Intermediate,"Single VTS; flag-limited mandatory national reporting, voluntary for foreign ships.",SRC-095; SRC-096; SRC-097,Text of KM 130/2020 not retrieved; VTS area limits of Merak VTS not retrieved.,
TSS-0116,B24,E,In the Lombok Strait,In the Lombok Strait,Indonesia,Confirmed,"Adopted MSC 101 (June 2019), COLREG.2/Circ.74 of 14 June 2019, implemented 1 July 2020 (S6); national instrument KM 129 Tahun 2020 (S7). ALKI II.",In force,,Confirmed present,VTS-042,DGST states ships in the Lombok Strait TSS communicate via VHF Ch 16 or 68 with call sign 'Benoa VTS' (S7).,Confirmed present,SRS-021,LOMBOKREP mandatory for Indonesian-flagged ships transiting or crossing the TSS (S7).,Foreign ships strongly encouraged to participate in LOMBOKREP (S7).,Mandatory only for Indonesian-flagged ships; voluntary for foreign ships.,Intermediate,Single VTS; flag-limited national reporting.,SRC-095; SRC-096; SRC-097,Region hint referred to 'Lombok VTS'; the authority names the service Benoa VTS. Lombok annex of COLREG.2/Circ.74 not read in detail.,
TSS-0117,B24,E,In the East Lamma Channel,East Lamma Channel Traffic Separation Scheme,China (Hong Kong SAR),Confirmed,Marine Department states it is one of two TSS in Hong Kong waters adopted by IMO (S11); adoption circular and date not retrieved.,In force,,Confirmed present,VTS-043,"Hong Kong VTS covers all navigable waters of Hong Kong used by sea-going vessels (S9); the TSS lies in Hong Kong waters (S11). Lamma Patch is a calling-in point of the Eastern Approaches sector, Ch 12 (S10).",Unresolved,,"No separate mandatory ship reporting system found. Mandatory VTS participation (vessels over 300 GT, Cap 313A reg 4) is an ordinary VTS reporting duty recorded under the service (S10).",,VTS participation required for vessels over 300 GT and smaller vessels as directed (Cap 313A reg 4); local vessels under Cap 548F s57 (S10).,Simple,Single-authority VTS covering the whole scheme.,SRC-098; SRC-099; SRC-100; SRC-101,IMO adoption instrument for Hong Kong schemes not retrieved; Dangan Channel No. 2 precautionary area connects to East Lamma per S14 (lead).,
TSS-0118,B24,E,In the Tathong Channel,Tathong Channel Traffic Separation Scheme,China (Hong Kong SAR),Confirmed,IMO-adopted per Marine Department (S11); adoption circular not retrieved.,In force,,Confirmed present,VTS-043,Hong Kong VTS covers all navigable waters of Hong Kong (S9); Tathong Channel Separation Buoy No. 1 is an Eastern Approaches (Ch 12) calling-in point (S10).,Unresolved,,No separate mandatory SRS found; VTS participation duties recorded under the service.,,As TSS-0117.,Simple,Single VTS covering whole scheme.,SRC-098; SRC-099; SRC-100; SRC-101,As TSS-0117.,
TSS-0119,B24,E,In the Dangan Channel,In Dangan Channel (担杆水道分道通航制),China,Confirmed,"Existence and current use confirmed by Guangzhou MSA (S13) as part of the Pearl River Estuary routeing system (珠江口水域船舶定线制), comprising two traffic lanes, two separation zones, an inshore traffic zone and two precautionary areas. IMO adoption (COLREG.2/Circ.71, 25 May 2018, implemented 1 December 2018) is lead only: circular would not load.",In force,,Confirmed present,VTS-044,Guangzhou MSA illustrates the TSS with a Guangzhou MSA VTS radar screenshot and directs ships in the TSS to seek assistance from 广州交管中心 on VHF 08/09 (S13). News report (lead) says a 'Dangan' monitoring station began trial operation on 8 April 2026 to bring the TSS under routine VTS control (S14).,Unresolved,,Pearl River Estuary VTS has 21 reporting lines (S15) but no source places a reporting line or separate SRS on the Dangan TSS.,,,Intermediate,VTS coverage recently extended; adjoins Hong Kong VTS (East Lamma) at the second precautionary area.,SRC-102; SRC-103; SRC-104,COLREG.2/Circ.71 (ics.org.ir copy) failed to load; Guangdong MSA page (S15) does not name Dangan; exact VTS area limits not retrieved; whether Shenzhen VTS has any role not established.,
TSS-0120,B24,E,In the waters off the Chengshan Jiao Promontory,Off Chengshan Jiao Promontory,China,Confirmed,"IMO resolution MSC.389(94) refers to ships 'at anchor in the TSSs' within the Chengshan Jiao SRS area, confirming the schemes (S16). TSS adoption instrument and dates not retrieved.",In force,,Confirmed present,VTS-045,"The SRS area is the 24 nm radius around the Chengshan Jiao VTS Centre, which is the reporting authority, and the resolution addresses ships in the TSSs (S16).",Confirmed present,SRS-022,"IMO-adopted mandatory SRS 'Off Chengshan Jiao Promontory' (SOLAS V/11), amended by MSC.389(94), in force 1 June 2015 (S16).",,"Passenger ships; oil tankers 150 GT and above and ships with hazardous cargo; LOA >200 m or draught >12 m; towing/pushing vessels; ships NUC or at anchor in the TSSs, RAM or with defective navigation equipment (S16).",Intermediate,VTS plus IMO SRS with category thresholds.,SRC-105,Whether later amendments to the SRS or TSS (after 2015) exist not checked; TSS coordinates not plotted against the 24 nm circle.,
TSS-0121,B25,E,In the Approaches to the Gulf of Nakhodka,,Russian Federation,Provisional,"Not among the schemes in Government Directive 1226-r of 2006 as originally published (S17); a search snippet (Wikipedia, not fetched) describes an IMO scheme in the approaches to Zaliv Nakhodka (to Kozmino). May have been added by a later amendment of 1226-r (redaction of 15.07.2022 exists) or relate to scheme No. 3.",Not established,,Unresolved,VTS-046,"Nakhodka port rules establish Regional VTS Sector 1B covering the approaches to Nakhodka Gulf (132°28'E to 133°43'E, to the territorial sea boundary, Ch 9) and Sector 2 inside the gulf (S18). Without the scheme's coordinates, coverage cannot be confirmed.",Unresolved,,No mandatory reporting system identified; VTS communication duties only.,,,Not assessed,Identity and position unresolved.,SRC-106; SRC-107; SRC-108,"Need IMO circular or Russian NtM with coordinates; current Nakhodka and Vostochny port rules (Consultant/Garant paywalled, mintrans.gov.ru unreachable).",
TSS-0122,B25,E,Off the Ostrovnoi Point,Схема разделения движения № 3: Между мысами Поворотный и Островной (from Peter the Great Gulf to Cape Belkina),Russian Federation,Confirmed,"Established by Russian Government Directive 1226-r of 2 September 2006 as scheme No. 3 (three parts, about 133°17.5'E to 133°46.8'E); foreign ships prohibited in the lane north-west of part II separation zone (S17). IMO adoption not verified.",In force,,Confirmed present,VTS-046,Partial: Regional VTS Sector 1B covers the approaches to Nakhodka Gulf between 132°28'E and 133°43'E south to the territorial sea boundary (S18). Scheme parts I and III and most of part II lie within those meridians; the eastern end of part II (to 133°46.8'E) lies outside.,Unresolved,,No mandatory SRS identified.,,,Intermediate,Partial VTS coverage; national scheme with foreign-ship lane restriction.,SRC-106; SRC-107; SRC-108,Port rules text is the 2011 original (amended to 2017); current sector limits not confirmed. Directive 1226-r text is a third-party copy of the original 2006 version.,
TSS-0123,B25,E,Off Mys Aniva (Off the Aniwa Cape),Схема разделения движения № 6: Район мыса Анива (пролив Лаперуза),Russian Federation,Confirmed,"Scheme No. 6 in Government Directive 1226-r (2006): separation zone 4 miles wide, axis about 45°54'N 143°20'E to 45°58.8'N 143°40'E, plus inshore traffic zone (S17). IMO adoption not verified.",In force,,Unresolved,VTS-047,Korsakov port VTS in Aniva Bay is a lead only; no source establishes coverage of the scheme off Cape Aniva.,Unresolved,,No mandatory SRS identified.,,,Not assessed,No VTS evidence.,SRC-106,Korsakov port mandatory regulations (mintrans.gov.ru) would not load.,
TSS-0124,B25,E,In the Proliv Bussol',Схема разделения движения № 12: Пролив Буссоль (Курильские острова),Russian Federation,Confirmed,"Scheme No. 12 in Government Directive 1226-r (2006), lanes 4 miles either side, directions 150°-330° (S17). IMO adoption not verified.",In force,,Unresolved,,No VTS identified for the central Kuril Islands.,Unresolved,,No mandatory SRS identified.,,,Not assessed,No VTS evidence.,SRC-106,Check Russian Notices to Mariners / Sailing Directions for any VTS or reporting.,
TSS-0125,B25,E,Chetvertyy Kuril'skiy Proliv (In the Fourth Kuril Strait),Схема разделения движения № 13: Четвертый Курильский пролив,Russian Federation,Confirmed,"Scheme No. 13 in Government Directive 1226-r (2006), lanes 2 miles either side, directions 126°-306° (S17). IMO adoption not verified.",In force,,Unresolved,,No VTS identified; a Severo-Kurilsk port VTS was not evidenced.,Unresolved,,No mandatory SRS identified.,,,Not assessed,No VTS evidence.,SRC-106,As TSS-0124.,
TSS-0126,B26,E,Off Southwest Australia,Off the south-west coast of Australia (Cape Leeuwin TSS and Chatham Island TSS),Australia,Confirmed,"AMSA lists the 'Cape Leeuwin Traffic Separation Scheme' among IMO-adopted TSS (S20). Grouped label: news/secondary leads say two schemes (off Cape Leeuwin and off Chatham Island) adopted MSC May 2016, effective 1 December 2016, use recommended; not confirmed from a primary source fetched.",In force,Off Cape Leeuwin; Off Chatham Island,Unresolved,,No VTS found covering the schemes; REEFVTS not relevant. Absence not established.,Confirmed present,SRS-023,"Scheme lies in Australian waters where MASTREP (national, Navigation Act 2012 and MO 63) applies to specified vessel categories (S21). Not an IMO-adopted SRS.",Other vessels encouraged to participate in MASTREP (S21).,"MASTREP mandatory for foreign vessels from arrival at first Australian port until departure from final Australian port, and for regulated Australian vessels in the MASTREP area; reports are automatic via AIS (S21).",Simple,No VTS; national AIS-based reporting only.,SRC-109; SRC-110,Australian Notices to Mariners (hydro.gov.au) timed out; Chatham Island component not confirmed from primary source.,
TSS-0127,B26,E,South of Wilsons Promontory in the Bass Strait,South of Wilsons Promontory,Australia,Confirmed,AMSA lists 'Gippsland and Wilsons Promontory TSS' among IMO-adopted TSS (S20); adoption date not retrieved.,In force,,Unresolved,,No VTS found; Port Phillip / Victorian port VTS not evidenced to cover it.,Confirmed present,SRS-023,MASTREP applies to specified categories (S21).,Other vessels encouraged to participate in MASTREP (S21).,"MASTREP mandatory for foreign vessels from arrival at first Australian port until departure from final Australian port, and for regulated Australian vessels in the MASTREP area; reports are automatic via AIS (S21).",Simple,No VTS; national reporting only.,SRC-109; SRC-110,Australian NtM No. 16 (IMO adopted TSS) would not load.,
TSS-0128,B26,E,In the Bass Strait,,Australia,Provisional,AMSA refers to 'Gippsland and Wilsons Promontory TSS' and the Gippsland ATBA (S20); whether 'In the Bass Strait' denotes the Gippsland (off Gippsland oil and gas fields) scheme or another scheme could not be confirmed. Possible overlap with TSS-0127.,In force,,Unresolved,,No VTS found.,Confirmed present,SRS-023,MASTREP applies to specified categories (S21).,Other vessels encouraged to participate in MASTREP (S21).,"MASTREP mandatory for foreign vessels from arrival at first Australian port until departure from final Australian port, and for regulated Australian vessels in the MASTREP area; reports are automatic via AIS (S21).",Simple,No VTS; national reporting only.,SRC-109; SRC-110,Confirm scheme name and position from Australian NtM or IMO Ships' Routeing; check duplication with TSS-0127.,
TSS-0129,B26,E,In Prince William Sound,In Prince William Sound,United States,Confirmed,"33 CFR 167.1700-167.1703: four parts (Prince William Sound TSS, Valdez Arm TSS, Cape Hinchinbrook and Bligh Reef precautionary areas) (S23). IMO adoption circular not retrieved.",In force,Prince William Sound TSS; Valdez Arm TSS; Cape Hinchinbrook precautionary area; Bligh Reef precautionary area,Confirmed present,VTS-009,"VTS area is north of the Cape Hinchinbrook Light to Schooner Rock Light line, 146°30'W to 147°20'W (S22); the TSS lanes (60°20.6'N to 60°58.9'N, about 146°46'W to 147°04'W) lie within it, and the Valdez Arm VTS Special Area is defined by the Valdez Arm TSS (S22). The VMRS monitoring area extends south to 60°00'N (S24). The Cape Hinchinbrook precautionary area extends to 59°51.8'N and 146°00'W, partly outside both.",Unresolved,,"No separate mandatory SRS; VTS reporting points (Cape Hinchinbrook, Naked Island, Bligh Reef, Rocky Point, Entrance Island) are VTS duties under 33 CFR 161 (S22).",,VTS Special Area rules apply to vessels of 1600 GT or more and towing vessels 8 m or more (33 CFR 161.60(d)) (S22).,Intermediate,"VTS covers lanes fully, precautionary area partly; special area rules.",SRC-111; SRC-112; SRC-113,Southern part of Cape Hinchinbrook precautionary area lies outside the VTS and VMRS areas.,
TSS-0130,B26,E,In the Strait of Juan de Fuca and its Approaches,In the Strait of Juan de Fuca and its approaches,"United States, Canada",Confirmed,"Grouped label. 33 CFR 167.1300-167.1303 (approaches: western approach, southwestern approach, precautionary area 'JF') and 167.1310-167.1315 (Strait: western, southern, northern, eastern lanes and precautionary area 'PA') (S26). IMO adoption circular not retrieved.",In force,"Approaches to the Strait of Juan de Fuca (western approach, southwestern approach, precautionary area JF); Strait of Juan de Fuca (western, southern, northern, eastern lanes, precautionary area PA)",Confirmed present,VTS-010; VTS-048,"CVTS for the Juan de Fuca Region: VTS Puget Sound and Canadian centres manage traffic irrespective of the boundary (S25). Seattle Traffic Ch 5A covers US waters east of 124°40'W; Prince Rupert Traffic Ch 74 covers waters west of 124°40'W within 12 nm of Vancouver Island, north of 48°N and east of 125°15'W, which contains the approaches TSS (about 125°00'W to 125°09'W) (S24). Canada's Victoria VTS Zone follows the boundary through Juan de Fuca Strait to 124°40'W; Prince Rupert VTS Zone lies west of 124°40'W to the territorial sea boundary (S27).",Unresolved,,No IMO SRS found. Canadian sailing plan and position reports (SOR/2025-275) and US VMRS reporting are VTS duties recorded under the services.,,"Canadian VTS Zone rules apply to vessels of 300 GT or more, towing/pushing with combined 500 GT or more, and vessels carrying pollutants or dangerous goods (S27).",Complex,Cross-border cooperative VTS with two national services and separate US and Canadian rule sets.,SRC-113; SRC-114; SRC-115; SRC-116,"Whether the southern parts of the approaches TSS (south of the international boundary, outside US territorial sea) fall in any VTS area not fully plotted; NAVCEN page not re-fetched.",
TSS-0131,B27,F,"In Puget Sound and approaches in Haro Strait, Boundary Pass and in the Strait of Georgia","In Puget Sound and its approaches in Haro Strait, Boundary Pass and in the Strait of Georgia",United States; Canada,Confirmed,"IMO name as amended by COLREG.2/Circ.55 (MSC 79, 15 December 2004; amendments implemented 1 July 2005). US statutory text splits it into 33 CFR 167.1320-1323 (Puget Sound and its approaches) and 167.1330-1332 (Haro Strait, Boundary Pass, Strait of Georgia). Grouped heading; the separate Strait of Juan de Fuca and approaches schemes (33 CFR 167.1300/1310) are not part of this label.",In force,Rosario Strait; Approaches to Puget Sound other than Rosario Strait; Puget Sound; Haro Strait and Boundary Pass; Strait of Georgia,Confirmed present,VTS-010; VTS-048,"US parts: 33 CFR 161.55 defines the VTS Puget Sound area as US navigable waters of the Salish Sea to the US/Canada boundary, and Table 161.12(c) assigns Seattle Traffic Ch 14 (Puget Sound) and Ch 5A (US Salish Sea incl. Rosario Strait and US side of Haro Strait). Canadian parts: CCG RAMN 2026 Table 3-1 places Canadian waters through Haro Strait, Boundary Pass and the Strait of Georgia in Victoria VTS Zone Sector 1 (Victoria Traffic Ch 11). Both operate within the US/Canadian CVTS; the CVTS northern limit is 49°N, so the Strait of Georgia component north of 49°N is a Canadian-only VTS area.",Unresolved,,"No IMO-adopted (SOLAS V/11) mandatory ship reporting system found for this area. 33 CFR 161 VMRS reporting (sailing plans, position and final reports) applies, but it is the ordinary participation duty of the VTS and is recorded with the service, not as a separate reporting system. A failed search does not establish absence. Canadian side: Vessel Traffic Services Zones Regulations (SOR/2025-275, replacing SOR/89-98) require sailing plans, including a 24-hour report when entering from outside Canadian waters; again VTS participation reporting.",,"US: VMRS users per 33 CFR 161.16 (power-driven 40 m+, towing vessels 8 m+, passenger vessels certificated for 50+). Eastern San Juan Island Archipelago VTS Special Area rules (Rosario Strait) for vessels 100 m+ / 40,000 DWT+. Canada: vessels 300 GT+, tows 500 GT+ combined, pollutant/dangerous goods carriers; some provisions also to vessels 20 m+ (RAMN s3.5.1).",Complex,"Cross-border grouped scheme under two national VTS regimes within the CVTS, with sector-specific frequencies and a VTS Special Area.",SRC-117; SRC-118; SRC-119; SRC-054; SRC-017; SRC-123,Confirm whether 33 CFR 161.55 reference to a Vancouver centre is obsolete (RAMN 2026 lists Victoria Traffic only). SOR/2025-275 full text not fetched (only the SOR/89-98 repeal note).,
TSS-0132,B27,F,Off San Francisco,Off San Francisco,United States,Confirmed,"33 CFR 167.400-406: six parts (Precautionary Area, Northern, Southern and Western Approaches, Main Ship Channel, Area To Be Avoided). IMO adoption circular not separately retrieved.",In force,Precautionary area; Northern approach; Southern approach; Western approach; Main ship channel; Area to be avoided,Confirmed present,VTS-011,"33 CFR 161.50 VTS area includes seaward approaches within a 38 nm radius of Mount Tamalpais. Table 161.12(c) expressly includes the San Francisco Offshore Precautionary Area (Ch 14) and the offshore waters within 38 nm (Ch 12). All 33 CFR 167.401-406 coordinates lie within about 30 nm of Mount Tamalpais (computed), so the whole scheme is within the VTS area.",Unresolved,SRS-008,"No IMO-adopted (SOLAS V/11) mandatory ship reporting system found for this area. 33 CFR 161 VMRS reporting (sailing plans, position and final reports) applies, but it is the ordinary participation duty of the VTS and is recorded with the service, not as a separate reporting system. A failed search does not establish absence.","Offshore Vessel Movement Reporting System (OVMRS), operated by VTS San Francisco; NAVCEN states it is completely voluntary (existing register SRS-008).","VMRS users per 33 CFR 161.16 (power-driven 40 m+, towing vessels 8 m+, passenger vessels certificated for 50+).",Intermediate,"Single VTS covers the whole scheme, but two sectors/frequencies and a separate voluntary offshore reporting system.",SRC-017; SRC-117; SRC-118,OVMRS geographic extent not stated on NAVCEN page; not confirmed whether it extends beyond the 38 nm VTS area.,
TSS-0133,B27,F,In the Santa Barbara Channel and in the Approaches to Los Angeles - Long Beach,In the Santa Barbara Channel; In the approaches to Los Angeles-Long Beach,United States,Confirmed,"Grouped heading of two schemes: Santa Barbara Channel (33 CFR 167.450-452, Point Vicente to Point Arguello) and approaches to Los Angeles-Long Beach (33 CFR 167.500-503: precautionary area, western and southern approaches). IMO compilation shows later amendments to both (Santa Barbara Channel amended scheme; 'Approaches to Los Angeles - Long Beach' amended scheme), circular numbers not extracted.",In force,"In the Santa Barbara Channel (Point Vicente to Point Conception; Point Conception to Point Arguello); In the approaches to Los Angeles-Long Beach (precautionary area, western approach, southern approach)",Confirmed present,VTS-012,Partial coverage only. LA/LB approaches: 33 CFR Table 161.12(c) VMRS area (San Pedro Traffic) is 25 nm radius of Point Fermin Light; the precautionary area and western approach lie wholly inside and the southern approach almost wholly (its seaward end computed at about 25.7 nm). Santa Barbara Channel: only the south-eastern end of the lanes near Point Vicente (about 15 to 17 nm from Point Fermin) falls inside; the rest of the Santa Barbara Channel scheme (about 53 to 135 nm from Point Fermin) is outside any VTS area evidenced. Do not treat the Santa Barbara Channel scheme as VTS-covered.,Unresolved,,"No IMO-adopted (SOLAS V/11) mandatory ship reporting system found for this area. 33 CFR 161 VMRS reporting (sailing plans, position and final reports) applies, but it is the ordinary participation duty of the VTS and is recorded with the service, not as a separate reporting system. A failed search does not establish absence. No reporting system for the Santa Barbara Channel part was evidenced.",,VMRS users per 33 CFR 161.16; Table 161.12(c) footnote exempts Los Angeles/Long Beach from the AIS-based requirement linked to MMSI areas.,Complex,Grouped heading with split coverage: VTS/VMRS covers the LA/LB approaches but essentially not the Santa Barbara Channel scheme.,SRC-017; SRC-117; SRC-118; SRC-054,Whether the Marine Exchange provides any information service in the Santa Barbara Channel outside the 25 nm VMRS area not checked.,
TSS-0134,B27,F,In the Approaches to Salina Cruz,In the approaches to Salina Cruz,Mexico,Provisional,"New scheme adopted by MSC 63 (COLREG.2/Circ.40, 9 June 1994), implemented 24 November 1994: two parts (south-western approach for tankers to the SPMs/oil terminal; southern approach for ships over 500 GT). A.827(19) (1995) added a precautionary area and three circular areas to be avoided. Current status not checked in GISIS.",In force,Part I South-western approach; Part II Southern approach; Associated precautionary area and areas to be avoided (A.827(19)),Unresolved,VTS-049,IMO texts (1994/1995) state that ship movement in the port area is supervised by a Port Vessel Traffic Supervisor 24 h and ships using the TSS are requested to contact it on VHF Ch 6. This is historic and does not confirm a current VTS; no current SEMAR/Capitanía source found.,Unresolved,,No mandatory reporting system evidenced; the IMO note is a request to contact the supervisor (voluntary).,"Ships intending to use the TSS requested to call the Salina Cruz Port Vessel (Traffic) Supervisor on VHF Ch 6 (IMO COLREG.2/Circ.40, 1994).",Southern approach recommended for ships over 500 GT; south-western approach for tankers to/from the SPMs or oil terminal.,Not assessed,VTS status unresolved.,SRC-054; SRC-072,Need current SEMAR / Capitanía de Puerto de Salina Cruz source on any VTS (a gob.mx port PDF was image-only and unreadable).,
TSS-0135,B27,F,Landfall and Approaches to Talara Bay,Landfall and approaches to Talara Bay,Peru,Provisional,"New scheme adopted by MSC 73, COLREG.2/Circ.49 (19 January 2001), implemented 1 June 2001. Adopted by IMO MSC; implementation date as stated. Current status after later circulars (post COLREG.2/Circ.69) not checked in GISIS; treated as provisional pending a current Peruvian (HIDRONAV/DICAPI) or IMO Ships' Routeing check.",In force,,Unresolved,,No current primary Peruvian source found establishing a VTS covering this TSS or its approach. DICAPI resolutions checked (anchorages) do not mention a VTS.,Unresolved,,"No IMO-adopted or national mandatory ship reporting system specific to this area evidenced. Lead: SIMTRAC (Supreme Decree 008-2011-DE) is a DICAPI monitoring system requiring positioning devices, found only via search results; not treated as a reporting system.",,,Not assessed,VTS status unresolved.,SRC-120; SRC-054,No DICAPI/Capitanía de Talara VTS source found.,
TSS-0136,B28,F,Landfall and Approaches to Bahía de Paita,Landfall and approaches to Paita Bay,Peru,Provisional,"New scheme adopted by MSC 72, COLREG.2/Circ.48 (1 June 2000), implemented 1 December 2000. Adopted by IMO MSC; implementation date as stated. Current status after later circulars (post COLREG.2/Circ.69) not checked in GISIS; treated as provisional pending a current Peruvian (HIDRONAV/DICAPI) or IMO Ships' Routeing check.",In force,,Unresolved,,No current primary Peruvian source found establishing a VTS covering this TSS or its approach. DICAPI resolutions checked (anchorages) do not mention a VTS.,Unresolved,,"No IMO-adopted or national mandatory ship reporting system specific to this area evidenced. Lead: SIMTRAC (Supreme Decree 008-2011-DE) is a DICAPI monitoring system requiring positioning devices, found only via search results; not treated as a reporting system.",,,Not assessed,VTS status unresolved.,SRC-054; SRC-126,No DICAPI/Capitanía de Paita VTS source found.,
TSS-0137,B28,F,Landfall off Puerto Salaverry,Landfall Off Puerto Salaverry,Peru,Provisional,"New scheme adopted by MSC 73, COLREG.2/Circ.49 (19 January 2001), implemented 1 June 2001. Adopted by IMO MSC; implementation date as stated. Current status after later circulars (post COLREG.2/Circ.69) not checked in GISIS; treated as provisional pending a current Peruvian (HIDRONAV/DICAPI) or IMO Ships' Routeing check.",In force,,Unresolved,,No current primary Peruvian source found establishing a VTS covering this TSS or its approach. DICAPI resolutions checked (anchorages) do not mention a VTS.,Unresolved,,"No IMO-adopted or national mandatory ship reporting system specific to this area evidenced. Lead: SIMTRAC (Supreme Decree 008-2011-DE) is a DICAPI monitoring system requiring positioning devices, found only via search results; not treated as a reporting system.",,,Not assessed,VTS status unresolved.,SRC-120; SRC-054,No VTS source for Salaverry found.,
TSS-0138,B28,F,Landfall and Approaches to Ferrol Bay (Puerto Chimbote),Landfall and approaches to Ferrol Bay (Puerto Chimbote),Peru,Provisional,"New scheme adopted by MSC 73, COLREG.2/Circ.49 (19 January 2001), implemented 1 June 2001 (circular list misspells 'Puerto Chimbotu'; annex heading reads Puerto Chimbote). Adopted by IMO MSC; implementation date as stated. Current status after later circulars (post COLREG.2/Circ.69) not checked in GISIS; treated as provisional pending a current Peruvian (HIDRONAV/DICAPI) or IMO Ships' Routeing check.",In force,,Unresolved,,No current primary Peruvian source found establishing a VTS covering this TSS or its approach. DICAPI resolutions checked (anchorages) do not mention a VTS.,Unresolved,,"No IMO-adopted or national mandatory ship reporting system specific to this area evidenced. Lead: SIMTRAC (Supreme Decree 008-2011-DE) is a DICAPI monitoring system requiring positioning devices, found only via search results; not treated as a reporting system.",,,Not assessed,VTS status unresolved.,SRC-120; SRC-054,No VTS source for Chimbote found.,
TSS-0139,B28,F,Approaches to Puerto Callao,Approaches to Puerto Callao,Peru,Provisional,"New scheme adopted by MSC 72, COLREG.2/Circ.48 (1 June 2000), implemented 1 December 2000; three parts (Part I northwest approaches etc.). Adopted by IMO MSC; implementation date as stated. Current status after later circulars (post COLREG.2/Circ.69) not checked in GISIS; treated as provisional pending a current Peruvian (HIDRONAV/DICAPI) or IMO Ships' Routeing check.",In force,,Unresolved,VTS-050,"Leads indicate a 'VTS Callao' operated under the Peruvian maritime authority (Revista de Marina 2023 article, 404 on fetch; industry reports of a 2019/2020 Wartsila VTS order), but no primary source fetched establishes its operation or coverage of the TSS. DICAPI anchorage resolutions for Callao (2025, 2026) do not mention it.",Unresolved,,"No IMO-adopted or national mandatory ship reporting system specific to this area evidenced. Lead: SIMTRAC (Supreme Decree 008-2011-DE) is a DICAPI monitoring system requiring positioning devices, found only via search results; not treated as a reporting system.",,,Not assessed,VTS status unresolved.,SRC-054; SRC-125; SRC-126,"Obtain DICAPI resolution establishing VTS Callao (area, VHF channel, participation) and check whether it covers the TSS parts.",
TSS-0140,B28,F,In the Approaches to Puerto Pisco,In the approaches to Puerto Pisco,Peru,Provisional,"Adopted as 'Landfall and approaches to Puerto San Martin' (COLREG.2/Circ.48, 1 June 2000, implemented 1 December 2000); amended and renamed 'In the approaches to Puerto Pisco' by COLREG.2/Circ.55 (15 December 2004), implemented 1 July 2005; two parts. Adopted by IMO MSC; implementation date as stated. Current status after later circulars (post COLREG.2/Circ.69) not checked in GISIS; treated as provisional pending a current Peruvian (HIDRONAV/DICAPI) or IMO Ships' Routeing check.",In force,,Unresolved,,No current primary Peruvian source found establishing a VTS covering this TSS or its approach. DICAPI resolutions checked (anchorages) do not mention a VTS.,Unresolved,,"No IMO-adopted or national mandatory ship reporting system specific to this area evidenced. Lead: SIMTRAC (Supreme Decree 008-2011-DE) is a DICAPI monitoring system requiring positioning devices, found only via search results; not treated as a reporting system.",,,Not assessed,VTS status unresolved.,SRC-054,Renamed scheme: merge with any register entry for Puerto San Martín. No VTS source for Pisco found.,
TSS-0141,B29,F,Landfall and Approaches to San Nicolás Bay,Landfall and approaches to San Nicolas Bay,Peru,Provisional,"New scheme adopted by MSC 73, COLREG.2/Circ.49 (19 January 2001), implemented 1 June 2001. Adopted by IMO MSC; implementation date as stated. Current status after later circulars (post COLREG.2/Circ.69) not checked in GISIS; treated as provisional pending a current Peruvian (HIDRONAV/DICAPI) or IMO Ships' Routeing check.",In force,,Unresolved,,No current primary Peruvian source found establishing a VTS covering this TSS or its approach. DICAPI resolutions checked (anchorages) do not mention a VTS.,Unresolved,,"No IMO-adopted or national mandatory ship reporting system specific to this area evidenced. Lead: SIMTRAC (Supreme Decree 008-2011-DE) is a DICAPI monitoring system requiring positioning devices, found only via search results; not treated as a reporting system.",,,Not assessed,VTS status unresolved.,SRC-120; SRC-054,No VTS source for San Nicolás found.,
TSS-0142,B29,F,Landfall and Approaches to Puerto Ilo,Landfall and approaches to Puerto Ilo,Peru,Provisional,"New scheme adopted by MSC 72, COLREG.2/Circ.48 (1 June 2000), implemented 1 December 2000. Adopted by IMO MSC; implementation date as stated. Current status after later circulars (post COLREG.2/Circ.69) not checked in GISIS; treated as provisional pending a current Peruvian (HIDRONAV/DICAPI) or IMO Ships' Routeing check.",In force,,Unresolved,,No current primary Peruvian source found establishing a VTS covering this TSS or its approach. DICAPI resolutions checked (anchorages) do not mention a VTS.,Unresolved,,"No IMO-adopted or national mandatory ship reporting system specific to this area evidenced. Lead: SIMTRAC (Supreme Decree 008-2011-DE) is a DICAPI monitoring system requiring positioning devices, found only via search results; not treated as a reporting system.",,,Not assessed,VTS status unresolved.,SRC-054,No VTS source for Ilo found.,
TSS-0143,B29,F,In the Approaches to Arica,In the approaches to Arica,Chile,Provisional,"New scheme adopted by MSC 55, COLREG.2/Circ.32 (16 May 1988), implemented 15 October 1988. Current status not checked in GISIS or SHOA publications; treated as provisional.",In force,,Unresolved,,No DIRECTEMAR source found establishing a VTS covering this TSS.,Unresolved,SRS-024,No mandatory ship reporting system for foreign ships evidenced. CHILREP is stated by DIRECTEMAR to be voluntary (mandatory position reports for Chilean-flag ships only); national 24 h arrival notice for foreign ships is a port pre-arrival duty.,CHILREP (voluntary for foreign ships in the Chilean SAR region; DIRECTEMAR/MRCC Chile).,,Not assessed,VTS status unresolved.,SRC-054; SRC-121,Check SHOA Pub. 3008/3018 or Capitanía de Puerto de Arica resolutions for VTS/port control.,
TSS-0144,B29,F,In the Approaches to Iquique,In the approaches to Iquique,Chile,Provisional,"New scheme adopted by MSC 55 (COLREG.2/Circ.32, 1988, implemented 15 October 1988); amended by MSC 72 (COLREG.2/Circ.48, 1 June 2000, implemented 1 December 2000). Current status not checked in GISIS or SHOA publications; treated as provisional.",In force,,Unresolved,,No DIRECTEMAR source found establishing a VTS covering this TSS.,Unresolved,SRS-024,No mandatory ship reporting system for foreign ships evidenced. CHILREP is stated by DIRECTEMAR to be voluntary (mandatory position reports for Chilean-flag ships only); national 24 h arrival notice for foreign ships is a port pre-arrival duty.,CHILREP (voluntary for foreign ships in the Chilean SAR region; DIRECTEMAR/MRCC Chile).,,Not assessed,VTS status unresolved.,SRC-054; SRC-121,No VTS source for Iquique found.,
TSS-0145,B29,F,In the Approaches to Antofagasta,In the approaches to Antofagasta,Chile,Provisional,"Listed among schemes implemented 15 May 1978 (COLREG.2/Circ.5, 6 March 1978, OCR copy); amended by MSC 55 (COLREG.2/Circ.32, implemented 15 October 1988). Current status not checked in GISIS or SHOA publications; treated as provisional.",In force,,Unresolved,,No DIRECTEMAR source found establishing a VTS covering this TSS.,Unresolved,SRS-024,No mandatory ship reporting system for foreign ships evidenced. CHILREP is stated by DIRECTEMAR to be voluntary (mandatory position reports for Chilean-flag ships only); national 24 h arrival notice for foreign ships is a port pre-arrival duty.,CHILREP (voluntary for foreign ships in the Chilean SAR region; DIRECTEMAR/MRCC Chile).,,Not assessed,VTS status unresolved.,SRC-054; SRC-121,No VTS source for Antofagasta found.,
TSS-0146,B30,F,In the Approaches to Quintero Bay,In the approaches to Quintero Bay,Chile,Provisional,"Implemented 15 May 1978 (COLREG.2/Circ.5, OCR copy); amended by MSC 55 (COLREG.2/Circ.32, implemented 15 October 1988). Current status not checked in GISIS or SHOA publications; treated as provisional.",In force,,Unresolved,,No DIRECTEMAR source found establishing a VTS covering this TSS.,Unresolved,SRS-024,No mandatory ship reporting system for foreign ships evidenced. CHILREP is stated by DIRECTEMAR to be voluntary (mandatory position reports for Chilean-flag ships only); national 24 h arrival notice for foreign ships is a port pre-arrival duty.,CHILREP (voluntary for foreign ships in the Chilean SAR region; DIRECTEMAR/MRCC Chile).,,Not assessed,VTS status unresolved.,SRC-054; SRC-121,Whether VTS Valparaíso or a Quintero port control covers Quintero Bay approaches not established.,
TSS-0147,B30,F,In the Approaches to Valparaíso,In the approaches to Valparaiso,Chile,Provisional,"Implemented 15 May 1978 (COLREG.2/Circ.5, OCR copy); amended by MSC 55 (COLREG.2/Circ.32, implemented 15 October 1988). Current status not checked in GISIS or SHOA publications; treated as provisional.",In force,,Unresolved,VTS-051,Lead: a 2018 DIRECTEMAR anchorage resolution (seen only via vLex) requires vessels to confirm with 'VTS Valparaíso (Vessel Trafic Service)/CBV-20' two hours ahead on Ch 16. Service area and coverage of the TSS not evidenced.,Unresolved,SRS-024,No mandatory ship reporting system for foreign ships evidenced. CHILREP is stated by DIRECTEMAR to be voluntary (mandatory position reports for Chilean-flag ships only); national 24 h arrival notice for foreign ships is a port pre-arrival duty.,CHILREP (voluntary for foreign ships in the Chilean SAR region; DIRECTEMAR/MRCC Chile).,,Not assessed,VTS coverage unresolved.,SRC-054; SRC-121; SRC-122,Obtain the original DIRECTEMAR resolution (12.000/934 of 2018) or a Gobernación Marítima de Valparaíso source defining VTS Valparaíso's area.,
TSS-0148,B30,F,In the Approaches to Concepción Bay (Bahía Concepción),In the approaches to Concepcion Bay,Chile,Provisional,"Implemented 15 May 1978 (COLREG.2/Circ.5, OCR copy); amended by MSC 55 (COLREG.2/Circ.32, implemented 15 October 1988). Current status not checked in GISIS or SHOA publications; treated as provisional.",In force,,Unresolved,,No DIRECTEMAR source found establishing a VTS covering this TSS.,Unresolved,SRS-024,No mandatory ship reporting system for foreign ships evidenced. CHILREP is stated by DIRECTEMAR to be voluntary (mandatory position reports for Chilean-flag ships only); national 24 h arrival notice for foreign ships is a port pre-arrival duty.,CHILREP (voluntary for foreign ships in the Chilean SAR region; DIRECTEMAR/MRCC Chile).,,Not assessed,VTS status unresolved.,SRC-054; SRC-121,Check Gobernación Marítima de Talcahuano sources.,
TSS-0149,B30,F,In the Approaches to San Vicente Bay (Bahía San Vicente),In the approaches to San Vicente Bay,Chile,Provisional,"Implemented 15 May 1978 (COLREG.2/Circ.5, OCR copy); amended by MSC 55 (COLREG.2/Circ.32, implemented 15 October 1988). Current status not checked in GISIS or SHOA publications; treated as provisional.",In force,,Unresolved,,"DIRECTEMAR San Vicente terminal resolutions (2018, 2020) direct communications to the Capitanía de Puerto de San Vicente (CBT-23) on Ch 16; no VTS is named.",Unresolved,SRS-024,No mandatory ship reporting system for foreign ships evidenced. CHILREP is stated by DIRECTEMAR to be voluntary (mandatory position reports for Chilean-flag ships only); national 24 h arrival notice for foreign ships is a port pre-arrival duty.,CHILREP (voluntary for foreign ships in the Chilean SAR region; DIRECTEMAR/MRCC Chile).,,Not assessed,VTS status unresolved.,SRC-054; SRC-121; SRC-124,Port captaincy radio contact is not a VTS; confirm whether any VTS operates at San Vicente/Talcahuano.,
TSS-0150,B30,F,In the Approaches to Puntas Arenas,In the approaches to Punta Arenas,Chile,Provisional,"Official spelling 'Punta Arenas' (source label 'Puntas Arenas' is an error). New scheme adopted by MSC 55 (COLREG.2/Circ.32, implemented 15 October 1988); amended and moved east by MSC 72 (COLREG.2/Circ.48, 1 June 2000, implemented 1 December 2000): two lanes (entry 296°, exit 129°) and one separation zone. Current status not checked in GISIS or SHOA publications; treated as provisional.",In force,,Unresolved,,No DIRECTEMAR source found establishing a VTS covering this TSS.,Unresolved,SRS-024,No mandatory ship reporting system for foreign ships evidenced. CHILREP is stated by DIRECTEMAR to be voluntary (mandatory position reports for Chilean-flag ships only); national 24 h arrival notice for foreign ships is a port pre-arrival duty.,CHILREP (voluntary for foreign ships in the Chilean SAR region; DIRECTEMAR/MRCC Chile).,,Not assessed,VTS status unresolved.,SRC-054; SRC-121,Check Gobernación Marítima de Punta Arenas / Strait of Magellan traffic control arrangements.,
TSS-0151,B31,G,At the approaches to Puerto Cristobal,At the approaches to Puerto Cristobal,Panama,Confirmed,"New TSS adopted MSC 93 (May 2014) per COLREG.2/Circ.65 (23 May 2014), implemented 0000 UTC 1 December 2014. Annex 2 comprises separation lines, three separation zones, entry and exit lanes and two inshore traffic zones (ref. chart BA 1400).",In force,,Unresolved,VTS-054,"ACP Cristobal Signal Station controls anchorage entry/exit and harbour movements at the Atlantic entrance (N-2-2026) and must be called 8 NM from the Atlantic Breakwater, i.e. at about the inner end of the TSS. ACP does not designate it a VTS, and no source states it covers the TSS lanes.",Unresolved,,"National (ACP) mandatory report in the direct approach: vessels must notify Cristobal Signal Station on VHF Ch 12 at 8 NM from the Atlantic Breakwater. The TSS inner end lies roughly 8 NM north of the breakwater (from Circ.65 coordinates, breakwater position not taken from a primary source), so the report falls at the landward end of the scheme, not along the lanes.",,"Continuous Ch 12 watch required for vessels of 300 GT or over, 100 GT carrying passengers for hire, and commercial towing vessels of 8 m or more until an ACP pilot takes control (N-2-2026 s1b). Approach reports to the Panama Canal Authority signal stations are port and canal arrival reporting. Recorded as an applicability note, not as a separate mandatory reporting scheme.",Intermediate,TSS feeds directly into ACP-controlled anchorages and Canal waters with mandatory signal-station reporting.,SRC-132; SRC-134; SRC-135,"Does ACP (or Panama Maritime Authority, AMP) operate a formally designated VTS covering the Atlantic approaches? Exact breakwater position vs 8 NM point to be checked on chart. N-1-2026 not retrieved (N-1-2025 used).","reporting_finding: Confirmed present -> Unresolved. Approach reports to the Panama Canal Authority signal stations are port and canal arrival reporting. Recorded as an applicability note, not as a separate mandatory reporting scheme. No separate mandatory scheme evidenced."
TSS-0152,B31,G,Off Cabo San Antonio,Off Cabo San Antonio,Cuba,Confirmed,"New scheme adopted MSC 48 (COLREG.2/Circ.20, 5 Aug 1983), not implemented before 17 March 1984; amended scheme adopted MSC 63 (COLREG.2/Circ.40), implemented 0000 UTC 24 November 1994. Reference charts Instituto Cubano de Hidrografía.  No later revocation seen, but current IMO Ships' Routeing edition not consulted.",In force,,Unresolved,,No Cuban VTS covering this scheme was identified; no Cuban maritime authority (MITRANS / Capitanías de Puerto) source was reached.,Unresolved,,No IMO-adopted mandatory ship reporting system or Cuban national reporting requirement found for this area; Cuban official sources not accessible through search.,,Circ.40 annex includes an inshore traffic zone for this scheme.,Simple,"Single coastal scheme, no VTS or reporting overlay evidenced.",SRC-054,"Cuban authority sources (MITRANS, Capitanía de Puerto, GEOCUBA/ICH) not reached; confirm current status in IMO Ships' Routeing and whether any Cuban coastal monitoring or reporting applies.",
TSS-0153,B31,G,Off La Tabla,Off La Tabla,Cuba,Confirmed,"New scheme adopted MSC 48 (COLREG.2/Circ.20, 5 Aug 1983), not implemented before 17 March 1984; amended scheme adopted MSC 63 (COLREG.2/Circ.40), implemented 0000 UTC 24 November 1994. Reference charts Instituto Cubano de Hidrografía.  No later revocation seen, but current IMO Ships' Routeing edition not consulted.",In force,,Unresolved,,No Cuban VTS covering this scheme was identified; no Cuban maritime authority (MITRANS / Capitanías de Puerto) source was reached.,Unresolved,,No IMO-adopted mandatory ship reporting system or Cuban national reporting requirement found for this area; Cuban official sources not accessible through search.,,Circ.40 annex includes an inshore traffic zone for this scheme.,Simple,"Single coastal scheme, no VTS or reporting overlay evidenced.",SRC-054,"Cuban authority sources (MITRANS, Capitanía de Puerto, GEOCUBA/ICH) not reached; confirm current status in IMO Ships' Routeing and whether any Cuban coastal monitoring or reporting applies.",
TSS-0154,B31,G,Off Costa de Matanzas,Off Costa de Matanzas,Cuba,Confirmed,"New scheme adopted MSC 48 (COLREG.2/Circ.20, 5 Aug 1983), not implemented before 17 March 1984; amended scheme adopted MSC 63 (COLREG.2/Circ.40), implemented 0000 UTC 24 November 1994. Reference charts Instituto Cubano de Hidrografía.  No later revocation seen, but current IMO Ships' Routeing edition not consulted.",In force,,Unresolved,,No Cuban VTS covering this scheme was identified; no Cuban maritime authority (MITRANS / Capitanías de Puerto) source was reached.,Unresolved,,No IMO-adopted mandatory ship reporting system or Cuban national reporting requirement found for this area; Cuban official sources not accessible through search.,,Circ.40 annex includes an inshore traffic zone for this scheme.,Simple,"Single coastal scheme, no VTS or reporting overlay evidenced.",SRC-054,"Cuban authority sources (MITRANS, Capitanía de Puerto, GEOCUBA/ICH) not reached; confirm current status in IMO Ships' Routeing and whether any Cuban coastal monitoring or reporting applies.",
TSS-0155,B31,G,In the Old Bahama Channel,In the Old Bahama Channel,Cuba,Confirmed,"New scheme adopted MSC 48 (COLREG.2/Circ.20, 5 Aug 1983), not implemented before 17 March 1984; amended scheme adopted MSC 63 (COLREG.2/Circ.40), implemented 0000 UTC 24 November 1994. Reference charts Instituto Cubano de Hidrografía. Adjoins Bahamian waters; only Cuba named as proposing State in the circulars seen. No later revocation seen, but current IMO Ships' Routeing edition not consulted.",In force,,Unresolved,,No Cuban VTS covering this scheme was identified; no Cuban maritime authority (MITRANS / Capitanías de Puerto) source was reached.,Unresolved,,No IMO-adopted mandatory ship reporting system or Cuban national reporting requirement found for this area; Cuban official sources not accessible through search.,,Circ.40 annex includes an inshore traffic zone for this scheme.,Simple,"Single coastal scheme, no VTS or reporting overlay evidenced.",SRC-054,"Cuban authority sources (MITRANS, Capitanía de Puerto, GEOCUBA/ICH) not reached; confirm current status in IMO Ships' Routeing and whether any Cuban coastal monitoring or reporting applies.",
TSS-0156,B32,G,Off Punta Maternillos,Off Punta Maternillos,Cuba,Confirmed,"New scheme adopted MSC 48 (COLREG.2/Circ.20, 5 Aug 1983), not implemented before 17 March 1984; amended scheme adopted MSC 63 (COLREG.2/Circ.40), implemented 0000 UTC 24 November 1994. Reference charts Instituto Cubano de Hidrografía.  No later revocation seen, but current IMO Ships' Routeing edition not consulted.",In force,,Unresolved,,No Cuban VTS covering this scheme was identified; no Cuban maritime authority (MITRANS / Capitanías de Puerto) source was reached.,Unresolved,,No IMO-adopted mandatory ship reporting system or Cuban national reporting requirement found for this area; Cuban official sources not accessible through search.,,Circ.40 annex includes an inshore traffic zone for this scheme.,Simple,"Single coastal scheme, no VTS or reporting overlay evidenced.",SRC-054,"Cuban authority sources (MITRANS, Capitanía de Puerto, GEOCUBA/ICH) not reached; confirm current status in IMO Ships' Routeing and whether any Cuban coastal monitoring or reporting applies.",
TSS-0157,B32,G,Off Punta Lucretia,Off Punta Lucrecia,Cuba,Confirmed,"New scheme adopted MSC 48 (COLREG.2/Circ.20, 5 Aug 1983), not implemented before 17 March 1984; amended scheme adopted MSC 63 (COLREG.2/Circ.40), implemented 0000 UTC 24 November 1994. Reference charts Instituto Cubano de Hidrografía. Spelt 'Punta Lucrecia' in Circ.20 and 'Punta Lucrezia' in Circ.40; source label 'Punta Lucretia' is a variant spelling. No later revocation seen, but current IMO Ships' Routeing edition not consulted.",In force,,Unresolved,,No Cuban VTS covering this scheme was identified; no Cuban maritime authority (MITRANS / Capitanías de Puerto) source was reached.,Unresolved,,No IMO-adopted mandatory ship reporting system or Cuban national reporting requirement found for this area; Cuban official sources not accessible through search.,,,Simple,"Single coastal scheme, no VTS or reporting overlay evidenced.",SRC-054,"Cuban authority sources (MITRANS, Capitanía de Puerto, GEOCUBA/ICH) not reached; confirm current status in IMO Ships' Routeing and whether any Cuban coastal monitoring or reporting applies.",
TSS-0158,B32,G,Off Cabo Maisi,Off Cabo Maysi,Cuba,Confirmed,"New scheme adopted MSC 48 (COLREG.2/Circ.20, 5 Aug 1983), not implemented before 17 March 1984; amended scheme adopted MSC 63 (COLREG.2/Circ.40), implemented 0000 UTC 24 November 1994. Reference charts Instituto Cubano de Hidrografía. Circulars spell 'Cabo Maysi' (Cabo Maisí). No later revocation seen, but current IMO Ships' Routeing edition not consulted.",In force,,Unresolved,,No Cuban VTS covering this scheme was identified; no Cuban maritime authority (MITRANS / Capitanías de Puerto) source was reached.,Unresolved,,No IMO-adopted mandatory ship reporting system or Cuban national reporting requirement found for this area; Cuban official sources not accessible through search.,,Circ.40 annex includes an inshore traffic zone for this scheme.,Simple,"Single coastal scheme, no VTS or reporting overlay evidenced.",SRC-054,"Cuban authority sources (MITRANS, Capitanía de Puerto, GEOCUBA/ICH) not reached; confirm current status in IMO Ships' Routeing and whether any Cuban coastal monitoring or reporting applies.",
TSS-0159,B32,G,In the Approaches to the Port of Veracruz,In the Approaches to the Port of Veracruz,Mexico,Confirmed,"New scheme adopted MSC 66 (COLREG.2/Circ.41, 14 June 1996), implemented 0000 UTC 30 November 1996. Two parts: Part I East Approach and Part II North Approach, both recommended for vessels entering or leaving Veracruz.",In force,Part I: East Approach; Part II: North Approach,Unresolved,VTS-056,Lead only: search snippets of Mexican federal budget reports mention a radar at Isla de Sacrificios for the port's maritime traffic control system. The pages could not be retrieved and nothing establishes coverage of the TSS.,Unresolved,,No mandatory reporting system found; SEMAR / Capitanía de Puerto sources not located.,,,Intermediate,"Two-part port approach scheme; likely port traffic control, unverified.",SRC-054,SEMAR (Capitanía de Puerto Veracruz) and APIVER sources on VTS not found; hacienda.gob.mx PDFs returned HTTP 503 or failed TLS verification.,
TSS-0160,B32,G,In the Approaches to Galveston Bay,In the approaches to Galveston Bay Traffic Separation Scheme and precautionary areas (33 CFR 167.350),United States,Confirmed,"Adopted MSC 48 (COLREG.2/Circ.20, 1983), implementation not before 17 Dec 1983. Codified at 33 CFR 167.350: inshore precautionary area, separation zone, inbound and outbound lanes, offshore precautionary area (29°06.4′N to 29°19.8′N, 94°20.6′W to 94°39.2′W).",In force,,Confirmed present,VTS-013,"33 CFR 161.12 Table 1 gives the Houston-Galveston monitoring area as navigable waters north of 29°00′N, west of 94°20′W, south of 29°49′N, east of 95°20′W, which geographically contains every TSS point. 161.35 VTS area includes the Galveston Bay Entrance Channel and Outer Bar Channel, with reporting point 1 at LB 1C (29°18.2′N 94°37.6′W) inside the TSS inshore precautionary area. Caveat: Note 4 says some monitoring areas extend beyond navigable waters, where watch is not required, so the offshore end may lie outside mandatory coverage.",Unresolved,,"No SOLAS V/11 or other mandatory ship reporting system found (WHALESNORTH/SOUTH are Atlantic-only per 33 CFR 169). Only ordinary VTS reporting under 33 CFR 161 Subpart B applies, which is not recorded as a separate scheme.",,"VTS Houston-Galveston: Ch 11 north / Ch 12 south of Exxon Dock #1 line, Ch 5A for sailing plans (Table 1 to 161.12(c)). VTS users per 33 CFR 161.16.",Intermediate,TSS within a statutory VTS monitoring area; offshore mandatory-watch limit depends on navigable waters extent.,SRC-118; SRC-117; SRC-017; SRC-054,"Whether the offshore precautionary area lies within US navigable waters (12 NM territorial sea), and so within mandatory VTS participation, was not calculated from a primary baseline source.",
TSS-0161,B33,G,On the Pacific Coast of Panama,On the Pacific coast of Panama,Panama,Confirmed,"New TSS adopted MSC 93 (COLREG.2/Circ.65, 23 May 2014), implemented 0000 UTC 1 December 2014. Grouped scheme: Part 1 Gulf of Panama, Part 2 Punta Morro de Puercos, Part 3 Off Isla Jicarita, Part 4 inshore traffic zones. A 10 kn seasonal speed restriction (1 Aug to 30 Nov, north of 8°00′N) applies in the Gulf of Panama part (ACP A-24-2026).",In force,Part 1: Gulf of Panama; Part 2: Punta Morro de Puercos; Part 3: Off Isla Jicarita; Part 4: Inshore traffic zones (eastern and western),Unresolved,VTS-055,ACP Flamenco Signal Station coordinates Pacific anchorage entry/exit and harbour movements (N-2-2026). It is not designated a VTS and no source states coverage of the TSS. Parts 2 and 3 are far west of Canal waters.,Unresolved,,"Applies to Part 1 approach only: vessels must notify Flamenco Signal Station on Ch 12 at 8 NM from the Pacific Sea Buoy ('about 11 Nautical Miles from Flamenco Island'), which is roughly at the northern (inner) end of the Gulf of Panama lanes (8°44.7′N to 8°46′N). Not applicable to Parts 2 and 3.",,"Seasonal 10 kn whale speed restriction in both Gulf of Panama lanes (ACP A-24-2026). Approach reports to the Panama Canal Authority signal stations are port and canal arrival reporting. Recorded as an applicability note, not as a separate mandatory reporting scheme.",Complex,"Grouped three-part scheme with inshore zones, seasonal speed restriction and ACP reporting at the Canal approach.",SRC-132; SRC-133; SRC-134,Confirm whether AMP operates any coastal VTS covering Parts 2 and 3; confirm exact position of Pacific Sea Buoy relative to TSS northern end.,"reporting_finding: Confirmed present -> Unresolved. Approach reports to the Panama Canal Authority signal stations are port and canal arrival reporting. Recorded as an applicability note, not as a separate mandatory reporting scheme. No separate mandatory scheme evidenced."
TSS-0162,B33,G,In the Approaches to the Cape Fear River,In the approaches to the Cape Fear River (33 CFR 167.250-252),United States,Confirmed,"New scheme adopted MSC 79 (COLREG.2/Circ.55, 15 Dec 2004), implemented 0000 UTC 1 July 2005. Precautionary area plus TSS (33 CFR 167.251-252). Note: 167.250 text erroneously refers to Narragansett Bay (drafting error in CFR).",In force,,Unresolved,,"No USCG VTS is established for this area in 33 CFR 161 Subpart C / Table 1 to 161.12(c), and NAVCEN's VTS list (12 services) does not include one; neither source states it is exhaustive for all VTS types, so not recorded as Confirmed absent.",Unresolved,,"WHALESNORTH (Cape Cod Bay, Massachusetts Bay, Great South Channel, south limit 41°00′N) and WHALESSOUTH (30°00′N to 31°27′N, shore to 80°51.6′W) do not cover this scheme on 33 CFR 169.105/169.115 coordinates. No other mandatory reporting system found.",,,Simple,Single approach TSS with no VTS or reporting overlay evidenced.,SRC-118; SRC-117; SRC-127; SRC-017; SRC-054,Any local Sector North Carolina port reporting practice not researched.,
TSS-0163,B33,G,In the Approaches to Chesapeake Bay,In the approaches to Chesapeake Bay Traffic Separation Scheme (33 CFR 167.200-203),United States,Confirmed,"Precautionary area, Eastern Approach and Southern Approach with deep-water route for drafts over 12.8 m and naval aircraft carriers; last amended MSC 79 (COLREG.2/Circ.55), implemented 1 July 2005. Early listing in COLREG.2/Circ.5 (1978).",In force,Precautionary Area; Eastern Approach; Southern Approach (incl. deep-water route),Unresolved,,"No USCG VTS is established for this area in 33 CFR 161 Subpart C / Table 1 to 161.12(c), and NAVCEN's VTS list (12 services) does not include one; neither source states it is exhaustive for all VTS types, so not recorded as Confirmed absent. Confirms the brief's hint: no USCG VTS at Chesapeake.",Unresolved,,"WHALESNORTH (Cape Cod Bay, Massachusetts Bay, Great South Channel, south limit 41°00′N) and WHALESSOUTH (30°00′N to 31°27′N, shore to 80°51.6′W) do not cover this scheme on 33 CFR 169.105/169.115 coordinates. No other mandatory reporting system found.",,Southern Approach lanes for vessels drawing 12.8 m (42 ft) or less; DW route for deeper vessels and naval aircraft carriers (33 CFR 167.200(a)).,Intermediate,Three parts with a deep-water route and draught-based lane use.,SRC-118; SRC-117; SRC-127; SRC-017; SRC-054,None beyond confirming no local voluntary traffic information service.,
TSS-0164,B33,G,Off Delaware Bay,Off Delaware Bay Approach Traffic Separation Scheme (33 CFR 167.170-174),United States,Confirmed,"Eastern Approach, Southeastern Approach, Two-Way Traffic Route and Precautionary Area; amended MSC 67 (COLREG.2/Circ.42, 2 Jan 1997), implemented 0000 UTC 3 June 1997.",In force,Eastern Approach; Southeastern Approach; Two-Way Traffic Route; Precautionary Area,Unresolved,VTS-057,"No USCG VTS is established for this area in 33 CFR 161 Subpart C / Table 1 to 161.12(c), and NAVCEN's VTS list (12 services) does not include one; neither source states it is exhaustive for all VTS types, so not recorded as Confirmed absent. Lead: the Maritime Exchange for the Delaware River and Bay (a trade association) receives vessel position/ETA information via its Cape Henlopen station, per search snippets (not fetched); it is not a USCG VTS.",Unresolved,,"WHALESNORTH (Cape Cod Bay, Massachusetts Bay, Great South Channel, south limit 41°00′N) and WHALESSOUTH (30°00′N to 31°27′N, shore to 80°51.6′W) do not cover this scheme on 33 CFR 169.105/169.115 coordinates. No mandatory reporting found; Maritime Exchange reporting appears to be by request only (lead).","Lead only: vessels in Delaware Bay are 'requested' to pass position/ETA to the Maritime Exchange (search snippet, not fetched).",,Intermediate,Four-part scheme; non-statutory port information service in the bay.,SRC-118; SRC-117; SRC-127; SRC-017; SRC-054,Fetch Maritime Exchange / USCG Sector Delaware Bay pages to confirm service status.,
TSS-0165,B33,G,Off New York,Off New York Traffic Separation Scheme and Precautionary Areas (33 CFR 167.150-155),United States,Confirmed,"Circular precautionary area (7 NM radius on 40°27.50′N 73°49.90′W), Eastern approach off Nantucket, Eastern, South-eastern and Southern approaches, plus a junction precautionary area with the Boston TSS; amended MSC 48 (COLREG.2/Circ.20, 1983).",In force,"Precautionary areas; Eastern approach, off Nantucket; Eastern approach; South-eastern approach; Southern approach",Unresolved,VTS-014,"VTS New York exists (33 CFR 161.25; NAVCEN) but its area is bounded to the south by a line connecting the entrance buoys of Ambrose, Swash and Sandy Hook Channels, and its monitoring area (Table 1 to 161.12(c)) has the same seaward limit. The TSS approaches lie well seaward, so the CFR positively excludes the lanes. At most the landward edge of the 7 NM precautionary area may touch the VTS boundary (not verified).",Unresolved,,"WHALESNORTH (Cape Cod Bay, Massachusetts Bay, Great South Channel, south limit 41°00′N) and WHALESSOUTH (30°00′N to 31°27′N, shore to 80°51.6′W) do not cover this scheme on 33 CFR 169.105/169.115 coordinates. The eastern end of the Nantucket approach (about 40°23′N to 40°37′N) is south of WHALESNORTH's 41°00′N limit. No other mandatory reporting found.",,,Complex,Large multi-approach offshore scheme linked to the Boston TSS; VTS covers only the harbour it leads to.,SRC-118; SRC-117; SRC-127; SRC-017; SRC-054,Check on chart whether the Ambrose/Sandy Hook entrance buoy line falls inside the 7 NM precautionary area.,
TSS-0166,B34,G,"In the Approaches to Narragansett Bay, Rhode Island and Buzzards Bay, Massachusetts","In the approaches to Narragansett Bay, RI, and Buzzards Bay, MA (33 CFR 167.100-103)",United States,Confirmed,"Two precautionary areas, Narragansett Bay approach and Buzzards Bay approach; amended MSC 48 (COLREG.2/Circ.20, 1983); CFR text last revised USCG-2010-0718 (2010).",In force,Precautionary areas (2); Narragansett Bay approach; Buzzards Bay approach,Unresolved,,"No USCG VTS is established for this area in 33 CFR 161 Subpart C / Table 1 to 161.12(c), and NAVCEN's VTS list (12 services) does not include one; neither source states it is exhaustive for all VTS types, so not recorded as Confirmed absent. Buzzards Bay has a VMRS ('Buzzards Bay Control', Ch 11), defined in 33 CFR 161.2 as a mandatory reporting system, not a VTS.",Confirmed present,SRS-027,"33 CFR 161 VMRS Buzzards Bay covers waters east and north of the line Sakonnet Point, Buzzards Bay Entrance Light, Cuttyhunk Island. The Buzzards Bay approach separation zone ends at 41°21.80′N 71°07.10′W, about 3.5 NM south of that line (own calculation), so the VMRS applies in the waters the lane leads into, not in the TSS. Not applicable to the Narragansett approach. WHALESNORTH does not extend this far west.",,VMRS Buzzards Bay also applies to any vessel required to carry a bridge-to-bridge radiotelephone (note 5 to Table 1 to 161.12(c)). Navy torpedo-range restricted area note in 167.103.,Intermediate,Two-branch scheme; mandatory VMRS at inner end of one branch; naval restricted area note.,SRC-118; SRC-117; SRC-127; SRC-054,Editorial decision needed: whether approach-only VMRS applicability should count as 'Confirmed present' for this TSS.,
TSS-0167,B34,G,"In the Approaches to Boston, Massachusetts","In the approach to Boston, MA (33 CFR 167.75-77)",United States,Confirmed,"Two precautionary areas (Boston approach 6.17 NM radius on 42°22.71′N 70°46.97′W; junction with Off New York TSS near 40°35′N 69°00′W) and a TSS. Amended MSC 48 (COLREG.2/Circ.20), and again at MSC 82 (2006) and MSC 85 (2008) per circulars in S14 (circular numbers not captured).",In force,Precautionary area off Boston; Junction precautionary area with Off New York TSS; Traffic separation scheme,Unresolved,,"No USCG VTS is established for this area in 33 CFR 161 Subpart C / Table 1 to 161.12(c), and NAVCEN's VTS list (12 services) does not include one; neither source states it is exhaustive for all VTS types, so not recorded as Confirmed absent.",Confirmed present,SRS-025,"WHALESNORTH (33 CFR 169.105) covers Massachusetts Bay and the Great South Channel down to 41°00′N. From the 167.76/167.77 coordinates, the Boston precautionary area and the lanes from 42°20′N down to 41°00′N lie inside the area (own geometry check); the southern part and the junction precautionary area (south of 41°00′N) are outside. Year-round system; self-propelled ships of 300 GT or more report on entry.",,"WHALESNORTH: self-propelled ships of 300 GT or more, except SOLAS V/8-1(c) government ships; report once on entering the area (33 CFR 169.125, 169.130).",Intermediate,Long TSS partly within an IMO mandatory ship reporting system; no VTS.,SRC-118; SRC-117; SRC-127; SRC-017; SRC-054,Confirm IMO resolution number for WHALESNORTH/WHALESSOUTH (not cited in 33 CFR 169).,
TSS-0168,B34,G,"In the Approaches to Portland, Maine","In the approaches to Portland, ME (33 CFR 167.50-53)",United States,Confirmed,"Precautionary area (5.45 NM radius on 43°31.60′N 70°05.53′W), Eastern approach and Southern approach; listed in early circular COLREG.2/Circ.5 (1978); CFR text revised USCG-2010-0718.",In force,Precautionary area; Eastern approach; Southern approach,Unresolved,,"No USCG VTS is established for this area in 33 CFR 161 Subpart C / Table 1 to 161.12(c), and NAVCEN's VTS list (12 services) does not include one; neither source states it is exhaustive for all VTS types, so not recorded as Confirmed absent.",Unresolved,,"Portland TSS lies at about 43°07′N to 43°32′N, north of WHALESNORTH's northern boundary (42°39′N to 42°45′N), so WHALESNORTH does not apply. No other mandatory reporting found.",,,Simple,Small port approach scheme; no overlay evidenced.,SRC-118; SRC-117; SRC-127; SRC-017; SRC-054,None.,
TSS-0169,B34,G,In the Bay of Fundy and approaches,In the Bay of Fundy and Approaches,Canada,Confirmed,"Listed by CCG NOTMAR as a compulsory Canadian routeing system adopted by IMO (ref. charts 4010, 4011, 4012, 4116). Original scheme adopted early 1980s (not effective before 1 June 1983); amended MSC 76 (COLREG.2/Circ.52, 6 Jan 2003), implemented 0000 UTC 1 July 2003; amended scheme has two parts.",In force,Part I; Part II,Confirmed present,VTS-052,"Bay of Fundy Local Eastern VTS Zone (SOR/2025-275 Sch. 3 item 7). RAMN Part 3 calling-in points for 'Fundy Traffic' include 'Southwest entrance to traffic separation scheme' (1A/1B), entrance/exit (4E) and north exit/entrance (5A/5B), so the TSS lies within the zone.",Unresolved,,"SOR/2025-275 Part 4 (Local Eastern VTS Zones): sailing plan 24 h before entry from outside Canadian waters, sailing plan 15 min before entry, position reports at calling-in points, final and deviation reports. National mandatory reporting (successor to ECAREG/SOR/89-99), not IMO-adopted.",,"Applies to vessels of 300 GT or more, tow/push combinations of 500 GT or more, and vessels carrying pollutants or dangerous goods; Part 4 reports also apply to vessels of 20 m or more (excluding pleasure craft under 30 m and small fishing vessels) and certain tows. Canadian modification to COLREG Rule 10 requires power-driven vessels over 20 m to use the scheme. Reporting under the Canadian Vessel Traffic Services Zones Regulations (SOR/2025-275) is the reporting duty of the VTS zone. Recorded under the Fundy Traffic and Canso Traffic services.",Intermediate,Two-part compulsory scheme inside a three-sector VTS zone with statutory reporting.,SRC-116; SRC-129; SRC-130; SRC-131; SRC-054; SRC-128; SRC-136,Part of the approach near the Canada/US boundary: confirm whether any TSS portion lies in US waters outside the zone.,reporting_finding: Confirmed present -> Unresolved. Reporting under the Canadian Vessel Traffic Services Zones Regulations (SOR/2025-275) is the reporting duty of the VTS zone. Recorded under the Fundy Traffic and Canso Traffic services. No separate mandatory scheme evidenced.
TSS-0170,B34,G,In the Approaches to Chedabucto Bay,In the Approaches to Chedabucto Bay,Canada,Confirmed,"Listed by CCG NOTMAR as a compulsory Canadian routeing system adopted by IMO (ref. charts 4013, 4233, 4301, 4321, 4335, 4374). Amended MSC 83 (COLREG.2/Circ.59), implemented 0000 UTC 1 May 2008; three parts.",In force,Part I; Part II; Part III,Confirmed present,VTS-053,"Strait of Canso and Eastern Approaches Local Eastern VTS Zone (SOR/2025-275 Sch. 3 item 5), bounded seaward by the territorial sea limit. RAMN Table 3-24 'Canso Traffic' calling-in points include 'Entrance to inbound traffic lane' (1A, 1C), 'Exit from outbound traffic lane' (1B, 1D, 1E) and lane points 2A/2B, 3A/3B, so the TSS is within or at the zone boundary.",Unresolved,,"SOR/2025-275 Part 4 Local Eastern VTS Zone reporting (24 h pre-entry sailing plan from outside Canadian waters, 15 min pre-entry sailing plan, calling-in-point position reports, final reports). National mandatory, not IMO-adopted.",,As for Bay of Fundy (SOR/2025-275 ss 3 and 24). Parts of the TSS seaward of the territorial sea limit may fall within the Eastern VTS Zone (Schedule 2) instead. Reporting under the Canadian Vessel Traffic Services Zones Regulations (SOR/2025-275) is the reporting duty of the VTS zone. Recorded under the Fundy Traffic and Canso Traffic services.,Intermediate,Compulsory scheme at the edge of a local VTS zone; zone boundary follows the territorial sea limit through the lanes.,SRC-116; SRC-129; SRC-130; SRC-131; SRC-054; SRC-128; SRC-136,Exact split of the TSS between the Local Zone and the Eastern VTS Zone at the territorial sea limit.,reporting_finding: Confirmed present -> Unresolved. Reporting under the Canadian Vessel Traffic Services Zones Regulations (SOR/2025-275) is the reporting duty of the VTS zone. Recorded under the Fundy Traffic and Canso Traffic services. No separate mandatory scheme evidenced.
