tss_id,tss_name,imo_parent_ref,imo_section,legacy_ids,legacy_batch,mapping_type,proposed_association_status,vts_name,vts_authority,vts_centre_sectors,vts_legacy_ids,vts_leads,vts_boundary_basis,mandatory_reporting,vrs_id,reporting_scheme_name,reporting_boundary_basis,voluntary_reporting,applicability_notes,legacy_source_urls,open_questions,carry_over_notes,imo2025_batch,main_stage2_note,review_status,carried_over
TSS-0036,Off Ushant,B-II/4,Western European waters,TSS-0059,B12,Manual reconciliation,VTS + MRS,"Ouessant VTS (Corsen/Ouessant vessel traffic service, call sign 'Ushant Traffic'), CROSS Corsen",France: CROSS Corsen (Direction des Affaires Maritimes / DGAMPA),"CROSS Corsen, radar at Stiff tower, Ouessant",VTS-021,,"IMO MSC.52(66): OUESSREP area 'covers a circular area 35 miles in radius centred on the Ile d'Ouessant' and 'The TSS covers the entire area'; shore authority is the Corsen/Ouessant VTS 'Ushant Traffic' at CROSS Corsen, VHF 13 (S16). French ministry 2024: 'DST Ouessant : zone de compétences CROSS Corsen' (S19).",Yes,VRS-0006,OUESSREP,"OUESSREP, IMO-adopted SOLAS mandatory ship reporting system (MSC.52(66), amended MSC.251(83) in force 1 May 2008) covering the TSS (S16, S17); French 2024 publication confirms Channel CROSS monitor ships over 300 UMS 'soumis à un compte rendu obligatoire' (S19).",,"Ships of more than 300 GRT (S16). Report content amended 2008 to include bunker quantity for ships carrying over 5,000 t bunkers (S17).","https://wwwcdn.imo.org/localresources/en/KnowledgeCentre/IndexofIMOResolutions/MSCResolutions/MSC.52(66).pdf
https://wwwcdn.imo.org/localresources/en/KnowledgeCentre/IndexofIMOResolutions/MSCResolutions/MSC.251(83).pdf
https://cimrc.shmtu.edu.cn/_upload/article/files/63/dc/35c66be74d12873254dc88a2ef00/a4f3f58b-c400-41cb-858b-89dccee63151.pdf
https://www.statistiques.developpement-durable.gouv.fr/edition-numerique/chiffres-cles-mer-littoral/18-surveillance-de-la-navigation-maritime",A current CROSS Corsen or Premar Atlantique page with VHF channels was not retrieved; channels are from the 1996 IMO text.,"Legacy research did not check WETREP (VRS-0005, heavy-grade oil tankers of 600 dwt and above); check it for this TSS.",B08,,Legacy lead: re-audit under Stage 2 before use,2026-09-29
TSS-0043,Off Brown Ridge,B-II/9,Western European waters,TSS-0054,B11,One-to-one name reconciliation,Unresolved,,,,,,"No Dutch VTS was found whose defined area covers this offshore scheme. The Netherlands Coastguard performs Vessel Traffic Monitoring (VTMon) and distinguishes VTS as provided by traffic centres (S14, S15); VTMon is recorded as a lead only, not as a VTS.",Unresolved,,,No IMO-adopted mandatory ship reporting system or national mandatory reporting specific to this scheme was found. Netherlands Coastguard states it 'has no powers to impose traffic directions' (S13). A failed search is not proof of absence.,,Search snippet (lead) states it forms part of a mandatory route for some classes of vessels; not verified.,"https://transportstyrelsen.se/globalassets/global/sjofart/dokument/sjotrafik_dok/ruttsystem.pdf
https://www.fpp.uni-lj.si/mma_bin.php?id=2011032217361737
https://en.wikipedia.org/wiki/List_of_traffic_separation_schemes",Identify adopting instrument (possibly COLREG.2/Circ.64 or a 2012/2013 Dutch package); Dutch official texts on puc.overheid.nl blocked (HTTP 403); Dutch NtM 2017 no.183 returned 404.,,B09,,Legacy lead: re-audit under Stage 2 before use,2026-09-29
TSS-0044,West Friesland,B-II/9,Western European waters,TSS-0055,B11,One-to-one name reconciliation,Unresolved,,,,,,"No Dutch VTS was found whose defined area covers this offshore scheme. The Netherlands Coastguard performs Vessel Traffic Monitoring (VTMon) and distinguishes VTS as provided by traffic centres (S14, S15); VTMon is recorded as a lead only, not as a VTS.",Unresolved,,,No IMO-adopted mandatory ship reporting system or national mandatory reporting specific to this scheme was found. Netherlands Coastguard states it 'has no powers to impose traffic directions' (S13). A failed search is not proof of absence.,,Western route of Off Friesland is strongly recommended for deep-draught tankers exempted from the southern part of the mandatory tanker route (S1).,"https://cimrc.shmtu.edu.cn/_upload/article/files/63/dc/35c66be74d12873254dc88a2ef00/465d5392-0ba5-4f33-8e61-a48e3499b1b3.pdf
https://www.vimawa.gov.vn/f/Circ%2066.pdf
https://mindev.gov.ua/storage/app/sites/1/uploaded-files/colreg2-circ66-corr1-corrigendum-secretariat.pdf
https://www.isesassociation.com/wp-content/uploads/2024/12/MSC_109_Summary_Report.pdf
https://kustwacht.nl/hulpverlening/vtm/
https://kustwacht.nl/maritieme-organisaties/verkeerscentrales/","Grouping: TSS-0055, TSS-0056, TSS-0057 and TSS-0058 appear to be components of the single IMO routeing system 'Off Friesland'; consider merging.",,B09,,Legacy lead: re-audit under Stage 2 before use,2026-09-29
TSS-0045,North Friesland,B-II/9,Western European waters,TSS-0056,B12,One-to-one name reconciliation,Unresolved,,,,,,"No Dutch VTS was found whose defined area covers this offshore scheme. The Netherlands Coastguard performs Vessel Traffic Monitoring (VTMon) and distinguishes VTS as provided by traffic centres (S14, S15); VTMon is recorded as a lead only, not as a VTS.",Unresolved,,,No IMO-adopted mandatory ship reporting system or national mandatory reporting specific to this scheme was found. Netherlands Coastguard states it 'has no powers to impose traffic directions' (S13). A failed search is not proof of absence.,,,"https://www.vimawa.gov.vn/f/Circ%2066.pdf
https://mindev.gov.ua/storage/app/sites/1/uploaded-files/colreg2-circ66-corr1-corrigendum-secretariat.pdf
https://kustwacht.nl/hulpverlening/vtm/
https://kustwacht.nl/maritieme-organisaties/verkeerscentrales/",Merge with TSS-0055/0057. Confirm fate of Friesland Junction precautionary area.,,B09,,Legacy lead: re-audit under Stage 2 before use,2026-09-29
TSS-0046,East Friesland,B-II/9,Western European waters,TSS-0057,B12,One-to-one name reconciliation,Unresolved,,,,,,"No Dutch VTS was found whose defined area covers this offshore scheme. The Netherlands Coastguard performs Vessel Traffic Monitoring (VTMon) and distinguishes VTS as provided by traffic centres (S14, S15); VTMon is recorded as a lead only, not as a VTS.",Unresolved,,,No IMO-adopted mandatory ship reporting system or national mandatory reporting specific to this scheme was found. Netherlands Coastguard states it 'has no powers to impose traffic directions' (S13). A failed search is not proof of absence.,,,"https://www.vimawa.gov.vn/f/Circ%2066.pdf
https://mindev.gov.ua/storage/app/sites/1/uploaded-files/colreg2-circ66-corr1-corrigendum-secretariat.pdf
https://kustwacht.nl/hulpverlening/vtm/
https://kustwacht.nl/maritieme-organisaties/verkeerscentrales/",Merge with TSS-0055/0056. Eastern extent (toward German EEZ) not verified.,,B10,,Legacy lead: re-audit under Stage 2 before use,2026-09-29
TSS-0047,Off Botney Ground,B-II/9,Western European waters,TSS-0058,B12,One-to-one name reconciliation,Unresolved,,,,,,"No Dutch VTS was found whose defined area covers this offshore scheme. The Netherlands Coastguard performs Vessel Traffic Monitoring (VTMon) and distinguishes VTS as provided by traffic centres (S14, S15); VTMon is recorded as a lead only, not as a VTS.",Unresolved,,,No IMO-adopted mandatory ship reporting system or national mandatory reporting specific to this scheme was found. Netherlands Coastguard states it 'has no powers to impose traffic directions' (S13). A failed search is not proof of absence.,,Deep-draught tankers exempted from the southern part of the mandatory tanker route are 'strongly recommended' to use this western route and log the deviation (S1).,"https://cimrc.shmtu.edu.cn/_upload/article/files/63/dc/35c66be74d12873254dc88a2ef00/465d5392-0ba5-4f33-8e61-a48e3499b1b3.pdf
https://www.fpp.uni-lj.si/mma_bin.php?id=2011032217361737
https://en.wikipedia.org/wiki/List_of_traffic_separation_schemes",Confirm coordinates and responsible State; confirm whether still in force after the 2015 Off Friesland amendments. Consider grouping with Off Friesland records.,,B10,,Legacy lead: re-audit under Stage 2 before use,2026-09-29
TSS-0055,IJmuiden West Inner,B-II/11,Western European waters,TSS-0053,B11,Manual reconciliation; split from grouped legacy row,VTS only,VTS North Sea Canal Area (IJmuiden Approaches / Sector IJmuiden),Central Nautical Management North Sea Canal Area (Port of Amsterdam / Rijkswaterstaat),"IJmuiden Approaches (VHF 07, information only), Sector IJmuiden (VHF 61), further inland sectors",VTS-019,,Legacy research: eastern 4 to 5 nm of IJmuiden West Inner lies inside the 12 nm VTS North Sea Canal Area (derived from COLREG.2/Circ.64 coordinates; reference position approximate).,Unresolved,,,"No IMO or national mandatory reporting system specific to the TSS found. Within the VTS area there are ordinary VTS reporting duties: report on arrival at 12 nm to Sector IJmuiden VHF 61 and to IJmuiden Approaches VHF 07 'as soon as VHF contact is possible' (S12). These are VTS reporting duties, recorded separately.",,VTS reporting and listening watch apply to vessels in the VTS area per S12.,"https://transportstyrelsen.se/globalassets/global/sjofart/dokument/sjotrafik_dok/ruttsystem.pdf
https://www.portofamsterdam.com/sites/default/files/2025-09/2025-479_VTS%20communicatieregeling%202.0%20def_NLEN_rev.pdf
https://www.fpp.uni-lj.si/mma_bin.php?id=2011032217361737",Retrieve Circ.64 annex or chart INT 1418 to test whether any TSS lane lies within 12 nm of the breakwaters or on the extended IJ-geul. Dutch 2020 to 2023 Notices to Mariners (defensie.nl) returned 404.,,B11,,Legacy lead: re-audit under Stage 2 before use,2026-09-29
TSS-0056,IJmuiden North,B-II/11,Western European waters,TSS-0053,B11,Manual reconciliation; split from grouped legacy row,Unresolved,,,,,VTS North Sea Canal Area (IJmuiden Approaches / Sector IJmuiden),Legacy research: IJmuiden North is outside the 12 nm VTS North Sea Canal Area.,Unresolved,,,"No IMO or national mandatory reporting system specific to the TSS found. Within the VTS area there are ordinary VTS reporting duties: report on arrival at 12 nm to Sector IJmuiden VHF 61 and to IJmuiden Approaches VHF 07 'as soon as VHF contact is possible' (S12). These are VTS reporting duties, recorded separately.",,VTS reporting and listening watch apply to vessels in the VTS area per S12.,"https://transportstyrelsen.se/globalassets/global/sjofart/dokument/sjotrafik_dok/ruttsystem.pdf
https://www.portofamsterdam.com/sites/default/files/2025-09/2025-479_VTS%20communicatieregeling%202.0%20def_NLEN_rev.pdf
https://www.fpp.uni-lj.si/mma_bin.php?id=2011032217361737",Retrieve Circ.64 annex or chart INT 1418 to test whether any TSS lane lies within 12 nm of the breakwaters or on the extended IJ-geul. Dutch 2020 to 2023 Notices to Mariners (defensie.nl) returned 404.,,B12,,Legacy lead: re-audit under Stage 2 before use,2026-09-29
TSS-0057,IJmuiden West Outer,B-II/11,Western European waters,TSS-0053,B11,Manual reconciliation; split from grouped legacy row,Unresolved,,,,,VTS North Sea Canal Area (IJmuiden Approaches / Sector IJmuiden),Legacy research: IJmuiden West Outer is outside the 12 nm VTS North Sea Canal Area.,Unresolved,,,"No IMO or national mandatory reporting system specific to the TSS found. Within the VTS area there are ordinary VTS reporting duties: report on arrival at 12 nm to Sector IJmuiden VHF 61 and to IJmuiden Approaches VHF 07 'as soon as VHF contact is possible' (S12). These are VTS reporting duties, recorded separately.",,VTS reporting and listening watch apply to vessels in the VTS area per S12.,"https://transportstyrelsen.se/globalassets/global/sjofart/dokument/sjotrafik_dok/ruttsystem.pdf
https://www.portofamsterdam.com/sites/default/files/2025-09/2025-479_VTS%20communicatieregeling%202.0%20def_NLEN_rev.pdf
https://www.fpp.uni-lj.si/mma_bin.php?id=2011032217361737",Retrieve Circ.64 annex or chart INT 1418 to test whether any TSS lane lies within 12 nm of the breakwaters or on the extended IJ-geul. Dutch 2020 to 2023 Notices to Mariners (defensie.nl) returned 404.,,B12,,Legacy lead: re-audit under Stage 2 before use,2026-09-29
TSS-0058,Off Texel,B-II/12,Western European waters,TSS-0052,B11,One-to-one name reconciliation,Unresolved,,,,,,"No Dutch VTS was found whose defined area covers this offshore scheme. The Netherlands Coastguard performs Vessel Traffic Monitoring (VTMon) and distinguishes VTS as provided by traffic centres (S14, S15); VTMon is recorded as a lead only, not as a VTS. Den Helder port VTS not researched for coverage of this scheme.",Unresolved,,,No IMO-adopted mandatory ship reporting system or national mandatory reporting specific to this scheme was found. Netherlands Coastguard states it 'has no powers to impose traffic directions' (S13). A failed search is not proof of absence.,,"Mandatory route for tankers from North Hinder to the German Bight applies to oil tankers 10,000 GT and over, chemical/NLS tankers 5,000 GT (X/Y) or 10,000 GT (Z) and over, and gas carriers 10,000 GT and over (S1, annex 4).","https://cimrc.shmtu.edu.cn/_upload/article/files/63/dc/35c66be74d12873254dc88a2ef00/465d5392-0ba5-4f33-8e61-a48e3499b1b3.pdf
https://transportstyrelsen.se/globalassets/global/sjofart/dokument/sjotrafik_dok/ruttsystem.pdf
https://kustwacht.nl/hulpverlening/vtm/
https://kustwacht.nl/maritieme-organisaties/verkeerscentrales/",Retrieve COLREG.2/Circ.64 (NOAA copy redirects; IMO copy not found). Check Den Helder VTS area against the scheme.,,B12,,Legacy lead: re-audit under Stage 2 before use,2026-09-29
TSS-0059,Off Vlieland,B-II/13,Western European waters,TSS-0051,B11,One-to-one name reconciliation,Unresolved,,,,,,"No Dutch VTS was found whose defined area covers this offshore scheme. The Netherlands Coastguard performs Vessel Traffic Monitoring (VTMon) and distinguishes VTS as provided by traffic centres (S14, S15); VTMon is recorded as a lead only, not as a VTS.",Unresolved,,,No IMO-adopted mandatory ship reporting system or national mandatory reporting specific to this scheme was found. Netherlands Coastguard states it 'has no powers to impose traffic directions' (S13). A failed search is not proof of absence.,,"Mandatory route for tankers from North Hinder to the German Bight applies to oil tankers 10,000 GT and over, chemical/NLS tankers 5,000 GT (X/Y) or 10,000 GT (Z) and over, and gas carriers 10,000 GT and over (S1, annex 4).","https://cimrc.shmtu.edu.cn/_upload/article/files/63/dc/35c66be74d12873254dc88a2ef00/465d5392-0ba5-4f33-8e61-a48e3499b1b3.pdf
https://transportstyrelsen.se/globalassets/global/sjofart/dokument/sjotrafik_dok/ruttsystem.pdf
https://www.isesassociation.com/wp-content/uploads/2024/12/MSC_109_Summary_Report.pdf
https://kustwacht.nl/en/merchant-shipping/advice-for-container-ships-near-west-frisian-islands/
https://kustwacht.nl/hulpverlening/vtm/
https://kustwacht.nl/maritieme-organisaties/verkeerscentrales/
https://www.fpp.uni-lj.si/mma_bin.php?id=2011032217361737",Merge with TSS-0050. Text of the 2024 containership recommendation not retrieved.,,B12,,Legacy lead: re-audit under Stage 2 before use,2026-09-29
TSS-0060,Vlieland North,B-II/13,Western European waters,TSS-0050,B10,One-to-one name reconciliation,Unresolved,,,,,,"No Dutch VTS was found whose defined area covers this offshore scheme. The Netherlands Coastguard performs Vessel Traffic Monitoring (VTMon) and distinguishes VTS as provided by traffic centres (S14, S15); VTMon is recorded as a lead only, not as a VTS.",Unresolved,,,No IMO-adopted mandatory ship reporting system or national mandatory reporting specific to this scheme was found. Netherlands Coastguard states it 'has no powers to impose traffic directions' (S13). A failed search is not proof of absence.,,"Mandatory route for tankers from North Hinder to the German Bight applies to oil tankers 10,000 GT and over, chemical/NLS tankers 5,000 GT (X/Y) or 10,000 GT (Z) and over, and gas carriers 10,000 GT and over (S1, annex 4).","https://cimrc.shmtu.edu.cn/_upload/article/files/63/dc/35c66be74d12873254dc88a2ef00/465d5392-0ba5-4f33-8e61-a48e3499b1b3.pdf
https://transportstyrelsen.se/globalassets/global/sjofart/dokument/sjotrafik_dok/ruttsystem.pdf
https://kustwacht.nl/en/merchant-shipping/advice-for-container-ships-near-west-frisian-islands/
https://kustwacht.nl/hulpverlening/vtm/
https://kustwacht.nl/maritieme-organisaties/verkeerscentrales/
https://www.fpp.uni-lj.si/mma_bin.php?id=2011032217361737","Duplicate/grouping: likely to merge with TSS-0051 under 'Off Vlieland, Vlieland North and Vlieland Junction'. Current Dutch legal text (puc.overheid.nl) returned HTTP 403.",,B12,,Legacy lead: re-audit under Stage 2 before use,2026-09-29
TSS-0061,Terschelling–German Bight,B-II/14,Western European waters,TSS-0049,B10,One-to-one name reconciliation,VTS only,German Bight Traffic (Verkehrszentrale Wilhelmshaven),Wasserstraßen- und Schifffahrtsamt Weser-Jade-Nordsee (WSV); strom- und schifffahrtspolizeiliche Behörde GDWS,"VTS Centre Wilhelmshaven; Revierzentrale German Bight Traffic (with Northcoast Traffic, VHF 79)",VTS-016,,"Bekanntmachung 19.1.4 and 19.1.5 require vessels using the TSS 'Terschelling - German Bight' and its inshore traffic zone to report to German Bight Traffic at Borkumriff buoy (VHF 79) and at TG 17/C eastbound (VHF 80) (S7). This establishes coverage of the German (eastern) part only. For the Dutch part: No Dutch VTS was found whose defined area covers this offshore scheme. The Netherlands Coastguard performs Vessel Traffic Monitoring (VTMon) and distinguishes VTS as provided by traffic centres (S14, S15); VTMon is recorded as a lead only, not as a VTS.",Unresolved,,,"SeeSchStrO § 58 entry and position reports (vessels 50 m or more) and AnlBV Nr. 3.1 (over 300 GT) apply on the German part (S6, S7). National, not IMO. No mandatory reporting identified for the Dutch part.",,"Mandatory route for tankers from North Hinder to the German Bight applies to oil tankers 10,000 GT and over, chemical/NLS tankers 5,000 GT (X/Y) or 10,000 GT (Z) and over, and gas carriers 10,000 GT and over (S1, annex 4). Coastguard advice targets container ships 100 to 200 m at 3 m waves and over 200 m at 4 m waves (S13). Reports under AnlBV Anlage Nr. 3.1 and SeeSchStrO section 58 are made to German Bight Traffic, a VTS. Recorded under the service as VTS reporting duties (national statute, not an IMO-adopted scheme).","https://cimrc.shmtu.edu.cn/_upload/article/files/63/dc/35c66be74d12873254dc88a2ef00/465d5392-0ba5-4f33-8e61-a48e3499b1b3.pdf
https://transportstyrelsen.se/globalassets/global/sjofart/dokument/sjotrafik_dok/ruttsystem.pdf
https://www.isesassociation.com/wp-content/uploads/2024/12/MSC_109_Summary_Report.pdf
https://www.gesetze-im-internet.de/anlbv_2004/anlage.html
https://www.elwis.de/DE/Schifffahrtsrecht/Seeschifffahrtsrecht/SeeSchStrO/Achter-Abschnitt/58/58-node.html
https://www.wsa-weser-jade-nordsee.wsv.de/Webs/WSA/Weser-Jade-Nordsee/DE/Schifffahrt/Verkehrszentralen/verkehrsundrevierzentralen_node.html
https://epflicht.ulb.uni-bonn.de/download/pdf/564811
https://kustwacht.nl/en/merchant-shipping/advice-for-container-ships-near-west-frisian-islands/
https://kustwacht.nl/hulpverlening/vtm/
https://kustwacht.nl/maritieme-organisaties/verkeerscentrales/
https://www.fpp.uni-lj.si/mma_bin.php?id=2011032217361737","Exact boundary between German Bight Traffic coverage and the Dutch part not verified. Rijkswaterstaat Brandaris (Terschelling) VTS designation could not be read (officielebekendmakingen.nl returned HTTP 403); search snippets indicate its area is the Terschelling zeegat approach, not the TSS.",,B13,,Legacy lead: re-audit under Stage 2 before use,2026-09-29
TSS-0062,German Bight western approach,B-II/15,Western European waters,TSS-0046,B10,One-to-one name reconciliation,VTS only,German Bight Traffic (Verkehrszentrale Wilhelmshaven),Wasserstraßen- und Schifffahrtsamt Weser-Jade-Nordsee (WSV); strom- und schifffahrtspolizeiliche Behörde GDWS,"VTS Centre Wilhelmshaven; Revierzentrale German Bight Traffic (with Northcoast Traffic, VHF 79)",VTS-016,,"AnlBV Anlage Nr. 3.1 requires ships approaching the Inner German Bight from the west to report to 'German Bight Traffic' at 007° 10' E 'unabhängig davon, ob das Verkehrstrennungsgebiet German Bight Western Approach benutzt wird' (S6); Nr. 5.1 states traffic is monitored under maritime traffic safety. Coverage evidenced for the eastern part of the scheme and its approach into the Inner German Bight; the western extent of the scheme relative to the VTS area was not verified.",Unresolved,,,"National mandatory report (AnlBV Nr. 3.1) at 007° 10' E for ships and tows over 300 GT, expressly regardless of use of this TSS (S6). Not an IMO-adopted SRS.",,"Report: over 300 GT. Mandatory use of the TSS (AnlBV Nr. 6): oil tankers over 10,000 GT, NLS Z tankers over 10,000 GT, NLS X/Y tankers over 5,000 GT, gas tankers over 10,000 GT approaching or leaving the Inner German Bight from the west. Mandatory route for tankers from North Hinder to the German Bight applies to oil tankers 10,000 GT and over, chemical/NLS tankers 5,000 GT (X/Y) or 10,000 GT (Z) and over, and gas carriers 10,000 GT and over (S1, annex 4). Reports under AnlBV Anlage Nr. 3.1 and SeeSchStrO section 58 are made to German Bight Traffic, a VTS. Recorded under the service as VTS reporting duties (national statute, not an IMO-adopted scheme).","https://cimrc.shmtu.edu.cn/_upload/article/files/63/dc/35c66be74d12873254dc88a2ef00/465d5392-0ba5-4f33-8e61-a48e3499b1b3.pdf
https://transportstyrelsen.se/globalassets/global/sjofart/dokument/sjotrafik_dok/ruttsystem.pdf
https://www.isesassociation.com/wp-content/uploads/2024/12/MSC_109_Summary_Report.pdf
https://www.gesetze-im-internet.de/anlbv_2004/anlage.html
https://www.wsa-weser-jade-nordsee.wsv.de/Webs/WSA/Weser-Jade-Nordsee/DE/Schifffahrt/Verkehrszentralen/verkehrsundrevierzentralen_node.html
https://www.elwis.de/DE/Seeschifffahrt/Verkehrs-und-Sicherheitsmanagement/Verkehrszentralen/Verkehrskanaele.pdf?__blob=publicationFile
https://epflicht.ulb.uni-bonn.de/download/pdf/564811
https://www.fpp.uni-lj.si/mma_bin.php?id=2011032217361737","Exact westward extent of the scheme and whether any part lies in Netherlands waters not verified. IMO text of the 2024 containership recommendation (MSC 109) not retrieved. No evidence found of any recent IMO renaming of German TSS, but Circ. texts after 2016 were not all retrieved.",,B13,,Legacy lead: re-audit under Stage 2 before use,2026-09-29
TSS-0063,Jade approach,B-II/16,Western European waters,TSS-0048,B10,One-to-one name reconciliation,VTS only,German Bight Traffic (Verkehrszentrale Wilhelmshaven),Wasserstraßen- und Schifffahrtsamt Weser-Jade-Nordsee (WSV); strom- und schifffahrtspolizeiliche Behörde GDWS,"VTS Centre Wilhelmshaven; Revierzentrale German Bight Traffic (with Northcoast Traffic, VHF 79)",VTS-016,,AnlBV Nr. 8 locates the scheme in the Inner German Bight outside the territorial sea; Nr. 5.1 states traffic there is monitored under maritime traffic safety and Nr. 3.1 routes reports to German Bight Traffic (S6). German Bight Traffic monitors the inner German Bight from Borkum to Helgoland (S8).,Unresolved,,,"AnlBV Nr. 3.1 report at 54° 20' N or 007° 10' E; SeeSchStrO § 58 entry report at 54° 15' N west of Helgoland to German Bight Traffic (S6, S7).",,"AnlBV: over 300 GT. SeeSchStrO § 58: 50 m or more. Compulsory pilotage from the Jade Approach transfer position for large tankers, bulk carriers and other ships per AnlBV Nr. 8 (S6). Reports under AnlBV Anlage Nr. 3.1 and SeeSchStrO section 58 are made to German Bight Traffic, a VTS. Recorded under the service as VTS reporting duties (national statute, not an IMO-adopted scheme).","https://transportstyrelsen.se/globalassets/global/sjofart/dokument/sjotrafik_dok/ruttsystem.pdf
https://www.gesetze-im-internet.de/anlbv_2004/anlage.html
https://www.elwis.de/DE/Schifffahrtsrecht/Seeschifffahrtsrecht/SeeSchStrO/Achter-Abschnitt/58/58-node.html
https://www.wsa-weser-jade-nordsee.wsv.de/Webs/WSA/Weser-Jade-Nordsee/DE/Schifffahrt/Verkehrszentralen/verkehrsundrevierzentralen_node.html
https://epflicht.ulb.uni-bonn.de/download/pdf/564811
https://www.fpp.uni-lj.si/mma_bin.php?id=2011032217361737",Adopting IMO instrument and any recent amendments not retrieved.,,B13,,Legacy lead: re-audit under Stage 2 before use,2026-09-29
TSS-0064,Elbe approach,B-II/17,Western European waters,TSS-0047,B10,One-to-one name reconciliation,VTS only,Cuxhaven Elbe Traffic (Verkehrszentrale Cuxhaven); German Bight Traffic (Verkehrszentrale Wilhelmshaven),Wasserstraßen- und Schifffahrtsamt Elbe-Nordsee (WSV); Wasserstraßen- und Schifffahrtsamt Weser-Jade-Nordsee (WSV); strom- und schifffahrtspolizeiliche Behörde GDWS,"VTS Centre Cuxhaven; Brunsbüttel Elbe Traffic (VHF 68) is a separate Verkehrszentrale upstream; VTS Centre Wilhelmshaven; Revierzentrale German Bight Traffic (with Northcoast Traffic, VHF 79)",VTS-018; VTS-016,,"Cuxhaven VTS is responsible for the Elbe 'im Bereich der Elbeansteuerung' (Elbe approach) (S9); the GDWS Bekanntmachung sets the Cuxhaven Elbe Traffic area from buoy Nordergründe-Nord (008° E), with outbound reports there to German Bight Traffic on VHF 80 (S7). Coverage is of the direct approach; the TSS lanes themselves are in the Inner German Bight covered by German Bight Traffic, but the exact TSS-to-sector boundary was not verified.",Unresolved,,,"SeeSchStrO § 58 position report at NGN (008° E) to Cuxhaven Elbe Traffic inbound and German Bight Traffic outbound (S7); AnlBV Nr. 3.1 entry report for ships entering the Inner German Bight from west or north (S6). National, not IMO.",,"SeeSchStrO § 58: vessels of 50 m LOA or more and ships under § 30(1). AnlBV: over 300 GT. SeeSchStrO section 58 reports on the Elbe approach are made to the VTS centres. Recorded under the service as VTS reporting duties. Reports under AnlBV Anlage Nr. 3.1 and SeeSchStrO section 58 are made to German Bight Traffic, a VTS. Recorded under the service as VTS reporting duties (national statute, not an IMO-adopted scheme).","https://transportstyrelsen.se/globalassets/global/sjofart/dokument/sjotrafik_dok/ruttsystem.pdf
https://www.gesetze-im-internet.de/anlbv_2004/anlage.html
https://www.elwis.de/DE/Schifffahrtsrecht/Seeschifffahrtsrecht/SeeSchStrO/Achter-Abschnitt/58/58-node.html
https://www.wsa-elbe-nordsee.wsv.de/Webs/WSA/Elbe-Nordsee/DE/2_Schifffahrt/4_Verkehrszentralen/2_Cuxhaven/Cuxhaven_node.html
https://www.elwis.de/DE/Seeschifffahrt/Verkehrs-und-Sicherheitsmanagement/Verkehrszentralen/Verkehrskanaele.pdf?__blob=publicationFile
https://www.fpp.uni-lj.si/mma_bin.php?id=2011032217361737",Adopting IMO instrument and current chart geometry not retrieved; confirm whether the TSS lies seaward of NGN (German Bight Traffic sector) or partly within Cuxhaven Elbe Traffic sector.,,B13,,Legacy lead: re-audit under Stage 2 before use,2026-09-29
TSS-0094,Off Finisterre,B-II/28,Western European waters,TSS-0060,B12,One-to-one name reconciliation,VTS + MRS,Finisterre Traffic VTS (Centro de Coordinación de Salvamento Finisterre),Spain: Sociedad de Salvamento y Seguridad Marítima (SASEMAR) / Dirección General de la Marina Mercante,CCS Finisterre (Fisterra),VTS-022,,"MSC.63(67): FINREP area 'includes the traffic separation scheme ""off Finisterre""' and ships 'shall report to the Finisterre Traffic VTS' (S20). The amended 2004 outer southbound lane reaches 010° 13.7' W (S21), slightly west of the 1996 FINREP limit (010° 10' W), so coverage of the outermost lane is not evidenced.",Yes,VRS-0011,FINREP,"FINREP, IMO-adopted mandatory SRS in force 3 June 1997 (S20).",,FINREP: ships of 50 m LOA or more; ships carrying hazardous or potentially polluting cargo; tows over 50 m; smaller vessels fishing in or using lanes in emergency (S20). Dangerous cargo ships use designated outer lanes (S21).,"https://wwwcdn.imo.org/localresources/en/KnowledgeCentre/IndexofIMOResolutions/MSCResolutions/MSC.63(67).pdf
https://wwwcdn.imo.org/localresources/en/KnowledgeCentre/IndexofIMOResolutions/AssemblyDocuments/A.957(23).pdf
https://metropolitano.gal/extra/el-centro-de-coordinacion-de-salvamento-maritimo-de-vigo-rescato-a-316-personas-en-el-2024
https://www.fpp.uni-lj.si/mma_bin.php?id=2011032217361737","Salvamento Marítimo website returned HTTP 503/TLS failure, so current VTS name and VHF channel not confirmed from operator; only a 2025 news lead (S22). Check whether FINREP geographical limits were amended after 2004.","Legacy research did not check WETREP (VRS-0005, heavy-grade oil tankers of 600 dwt and above); check it for this TSS.",B19,,Legacy lead: re-audit under Stage 2 before use,2026-09-29
TSS-0095,Off Cape Roca,B-II/29,Western European waters,TSS-0061,B13,One-to-one name reconciliation,VTS + MRS,"VTS costeiro do continente (Centro de Controlo de Tráfego Marítimo do Continente, call sign 'Roca Control')","Portugal: IPTM in 2009 statute (functions now reported to sit with DGRM, not verified from a DGRM page)","CCTMC, Paço de Arcos",VTS-023,,DL 263/2009 art. 6 defines the coastal VTS area (west limit 10° 14' W north of 38° 41' N) and art. 10(4) gives the CCTMC supervision of 'regras aplicáveis aos esquemas de separação de tráfego' (S24); DL 198/2006 art. 9 assigns TSS enforcement to the national VTS authority (S23). All Circ.61 positions of the scheme (westmost 010° 13.78' W) fall inside the statutory VTS area on coordinate comparison (S26).,Yes,VRS-0012,COPREP,"COPREP (MSC.278(85), in force 1 June 2009) area bounded west by 010° 14' W and to the south-west by the line 38° 41' N 010° 14' W to 36° 30' N 009° 35' W (S25); the scheme lies inside on coordinate comparison. Reports to Roca Control.",,"COPREP and VTS: ships of 300 GT or above, dangerous/polluting cargo, passenger ships, tows over 100 m, fishing vessels 24 m or more (S24, S25). Separate lanes for ships carrying dangerous or pollutant cargoes in bulk (S26).","https://www.marinha.pt/Conteudos_Externos/LexMar2/PGPAT%20100/PGPAT%201000%20-%20Cap%C3%ADtulos/Capitulo%20K%20EST/Decreto-Lei%20198-2006%20(19OUT2006).pdf
https://www.marinha.pt/Conteudos_Externos/LexMar2/PGPAT%20100/PGPAT%201000%20-%20Cap%C3%ADtulos/Capitulo%20K%20EST/Dec.%20Lei%20263_2009,%20de%2028Set.pdf
https://wwwcdn.imo.org/localresources/en/KnowledgeCentre/IndexofIMOResolutions/MSCResolutions/MSC.278(85).pdf
https://cimrc.shmtu.edu.cn/_upload/article/files/63/dc/35c66be74d12873254dc88a2ef00/25e2ceb4-d2d9-4cf2-b55b-cdb3d56001b5.pdf",DL 263/2009 cites IPTM; current operating authority (DGRM) not confirmed from a DGRM page. Coverage relies on coordinate comparison.,"Legacy research did not check WETREP (VRS-0005, heavy-grade oil tankers of 600 dwt and above); check it for this TSS.",B19,,Legacy lead: re-audit under Stage 2 before use,2026-09-29
TSS-0096,Off Cape S. Vicente,B-II/30,Western European waters,TSS-0062,B13,One-to-one name reconciliation,VTS + MRS,"VTS costeiro do continente (Centro de Controlo de Tráfego Marítimo do Continente, call sign 'Roca Control')","Portugal: IPTM in 2009 statute (functions now reported to sit with DGRM, not verified from a DGRM page)","CCTMC, Paço de Arcos",VTS-023,,"As TSS-0061: statutory VTS area and CCTMC duty to supervise TSS rules (S24 art. 6, 10(4)); DL 198/2006 art. 9 (S23). Circ.61 positions (around 36° 36' to 37° 02' N, 008° 58' to 009° 34' W for retrieved points) lie inside the VTS area line 38° 41' N 10° 14' W to 36° 30' N 9° 35' W on coordinate comparison (S26).",Yes,VRS-0012,COPREP,COPREP area (S25) encloses the scheme on coordinate comparison; reports to Roca Control.,,As TSS-0061.,"https://www.marinha.pt/Conteudos_Externos/LexMar2/PGPAT%20100/PGPAT%201000%20-%20Cap%C3%ADtulos/Capitulo%20K%20EST/Decreto-Lei%20198-2006%20(19OUT2006).pdf
https://www.marinha.pt/Conteudos_Externos/LexMar2/PGPAT%20100/PGPAT%201000%20-%20Cap%C3%ADtulos/Capitulo%20K%20EST/Dec.%20Lei%20263_2009,%20de%2028Set.pdf
https://wwwcdn.imo.org/localresources/en/KnowledgeCentre/IndexofIMOResolutions/MSCResolutions/MSC.278(85).pdf
https://cimrc.shmtu.edu.cn/_upload/article/files/63/dc/35c66be74d12873254dc88a2ef00/25e2ceb4-d2d9-4cf2-b55b-cdb3d56001b5.pdf",Outermost southbound dangerous-cargo lane coordinates not all extracted; verify it lies east of the COPREP/VTS boundary.,"Legacy research did not check WETREP (VRS-0005, heavy-grade oil tankers of 600 dwt and above); check it for this TSS.",B20,Agrees with main B20 (inside COPREP; Roca Control).,Legacy lead: re-audit under Stage 2 before use,2026-09-29
TSS-0097,At Banco del Hoyo,B-II/31,Western European waters,TSS-0063,B13,One-to-one name reconciliation,Unresolved,,,,,,"Location not established, so no VTS coverage could be tested. Possible leads (not evidenced): Tarifa VTS / GIBREP if the scheme lies in the western approach to the Strait of Gibraltar, but GIBREP area is 005° 58' W to 005° 15' W only (MSC.63(67) annex 2, S20).",Unresolved,,,No reporting system linked; location not established.,,,"https://transportstyrelsen.se/globalassets/global/sjofart/dokument/sjotrafik_dok/ruttsystem.pdf
https://wwwcdn.imo.org/localresources/en/KnowledgeCentre/IndexofIMOResolutions/MSCResolutions/MSC.63(67).pdf
https://www.fpp.uni-lj.si/mma_bin.php?id=2011032217361737
https://en.wikipedia.org/wiki/List_of_traffic_separation_schemes",Retrieve Ships' Routeing Part B II/32 or resolution A.284(VIII) to fix location; confirm whether still in force in 2026.,,B20,Agrees with main B20 (unresolved).,Legacy lead: re-audit under Stage 2 before use,2026-09-29
TSS-0098,In the Strait of Gibraltar,B-III/1,Mediterranean Sea and Black Sea,TSS-0066,B14,One-to-one name reconciliation,VTS + MRS,Tarifa Traffic (Centro de Coordinación de Salvamento Marítimo de Tarifa); Tangier Traffic (Centre de Surveillance du Trafic Maritime de Tanger),"Salvamento Marítimo (SASEMAR), Spain; Moroccan Merchant Marine Directorate",CCS Tarifa; CSTM Tanger,VTS-025; VTS-026,,MSC.300(87) annex 3.5.1: both Tarifa and Tangier centres monitor navigation in the TSS using radar and AIS; S11 confirms CCS Tarifa ('Tarifa Tráfico') provides the maritime traffic service in the Strait.,Yes,VRS-0013,GIBREP,GIBREP area (005°58'W to 005°15'W) includes the amended TSS (MSC.300(87) annex 2.1).,,GIBREP: all ships of 300 GT and over; all ships carrying hazardous or potentially polluting cargo; towing/pushing; vessels under 300 GT using lanes to fish or the separation zone in emergency. Cross-Strait scheduled ferries may have special arrangements.,"https://www.transportstyrelsen.se/globalassets/global/sjofart/dokument/sjotrafik_dok/imo_colreg.2_cirkular.pdf?id=58526
https://wwwcdn.imo.org/localresources/en/KnowledgeCentre/IndexofIMOResolutions/MSCResolutions/MSC.300(87).pdf
https://www.transportes.gob.es/recursos_mfom/comodin/recursos/06_los_dst_autopistas_del_mar.pdf
https://transportstyrelsen.se/globalassets/global/sjofart/dokument/sjotrafik_dok/mandatory-and-recommended-srs.pdf","Lead (news/petition, not primary) that Tarifa Tráfico functions were moved provisionally to CCS Algeciras; not verified because salvamentomaritimo.es returned HTTP 503. Current VHF channels should be rechecked against the latest ALRS/Spanish NtM.",,B20,Agrees with main B20 (GIBREP names the TSS; Tarifa and Tangier Traffic).,Legacy lead: re-audit under Stage 2 before use,2026-09-29
TSS-0099,Off Cabo de Gata,B-III/2,Mediterranean Sea and Black Sea,TSS-0067,B14,One-to-one name reconciliation,VTS only,"Salvamento Marítimo maritime traffic service, DST Cabo de Gata","Salvamento Marítimo (SASEMAR), Spain",Centre not named in fetched primary source; CCS Almería per unfetched search snippets (lead),VTS-027,,"S11 (Ministry of Transport, Feb 2025): Salvamento Marítimo is responsible for controlling traffic safety in the DST of Cabo de Gata; S12 (2015) counts vessels identified passing the Cabo de Gata DST. Controlling centre (CCS Almería) is lead only.",Unresolved,,,S11 states Spain's mandatory reporting systems are at Fisterra and the Strait of Gibraltar (plus Canarias PSSA) 'mientras que en el cabo de Gata existe un sistema de notificación voluntaria'. Absence of mandatory reporting positively stated by an official source.,,,"https://www.transportstyrelsen.se/globalassets/global/sjofart/dokument/sjotrafik_dok/imo_colreg.2_cirkular.pdf?id=58526
https://www.transportes.gob.es/recursos_mfom/comodin/recursos/06_los_dst_autopistas_del_mar.pdf
https://www.lamoncloa.gob.es/serviciosdeprensa/notasprensa/mfom/Paginas/2015/140115-tarifa.aspx","Confirm centre name (CCS Almería), call sign and VHF channel from Salvamento Marítimo (site returned HTTP 503) or ALRS Vol 6.",,B20,CONFLICT with main B20: main records Almeria as a lead only and no VTS. Legacy VTS finding rests on a 2025 Ministry of Transport magazine article saying Salvamento Maritimo controls the Cabo de Gata DST. Resolve before registering.,Legacy lead: re-audit under Stage 2 before use,2026-09-29
TSS-0100,Off Cape Palos,B-III/3,Mediterranean Sea and Black Sea,TSS-0068,B14,One-to-one name reconciliation,Unresolved,,,,,Salvamento Marítimo CCS Cartagena (lead),"S11 lists the DSTs Salvamento Marítimo controls as Fisterra, Tarifa, Cabo de Gata and Canarias, omitting Cabo de Palos, but the same article also states generally that DSTs are controlled by VTS assigned to Salvamento Marítimo. No source establishes CCS Cartagena coverage of the TSS.",Unresolved,,,S11: 'En España existen sistemas de notificación obligatoria en Fisterra y en el estrecho de Gibraltar' (plus Canarias PSSA); Cabo de Palos not included. Moderate confidence: enumerative statement in an official publication rather than a formal complete list.,,,"https://www.transportstyrelsen.se/globalassets/global/sjofart/dokument/sjotrafik_dok/imo_colreg.2_cirkular.pdf?id=58526
https://www.transportes.gob.es/recursos_mfom/comodin/recursos/06_los_dst_autopistas_del_mar.pdf",Does CCS Cartagena monitor the Palos TSS? salvamentomaritimo.es (HTTP 503) and ALRS not accessible.,,B20,Agrees with main B20 (unresolved).,Legacy lead: re-audit under Stage 2 before use,2026-09-29
TSS-0101,Off Cape La Nao,B-III/4,Mediterranean Sea and Black Sea,TSS-0069,B14,One-to-one name reconciliation,Unresolved,,,,,Salvamento Marítimo CCS Valencia (lead),As for Cabo de Palos: S11 omits La Nao from the DSTs Salvamento Marítimo controls; no source establishes CCS Valencia coverage.,Unresolved,,,"S11 enumerates Spain's mandatory reporting systems (Fisterra, Gibraltar, Canarias PSSA); La Nao not included. Moderate confidence.",,,"https://www.transportstyrelsen.se/globalassets/global/sjofart/dokument/sjotrafik_dok/imo_colreg.2_cirkular.pdf?id=58526
https://www.transportes.gob.es/recursos_mfom/comodin/recursos/06_los_dst_autopistas_del_mar.pdf",Does CCS Valencia monitor the La Nao TSS? Primary Salvamento Marítimo pages not accessible (HTTP 503).,,B21,,Legacy lead: re-audit under Stage 2 before use,2026-09-29
TSS-0102,In the Corsica Channel,B-III/5,Mediterranean Sea and Black Sea,TSS-0072,B15,One-to-one name reconciliation,Unresolved,,,,,,"Italian Guardia Costiera lists 11 VTS centres (S18, S19); none (Livorno not among them) is shown to cover the Corsica Channel. French coverage (CROSS MED) not researched to primary; CROSS is not a VTS.",Unresolved,,,No IMO SRS for the Corsica Channel in S14 (2017 list); any later measure or national reporting not found.,,,"https://www.transportstyrelsen.se/globalassets/global/sjofart/dokument/sjotrafik_dok/imo_colreg.2_cirkular.pdf?id=58526
https://www.guardiacostiera.gov.it/portale/vessel-traffic-service
https://documenti.camera.it/leg19/documentiAcquisiti/COM08/Audizioni/leg19.com08.Audizioni.Memoria.PUBBLICO.ideGes.7923.15-06-2023-16-25-26.360.pdf
https://transportstyrelsen.se/globalassets/global/sjofart/dokument/sjotrafik_dok/mandatory-and-recommended-srs.pdf",Italian MIT page on the 2015 Italy-France agreement (mit.gov.it/node/298) returned HTTP 503. Check whether a Livorno VTS has since been activated and whether France/Italy require reporting.,,B21,,Legacy lead: re-audit under Stage 2 before use,2026-09-29
TSS-0103,Off Cani Island,B-III/6,Mediterranean Sea and Black Sea,TSS-0070,B14,One-to-one name reconciliation,Unresolved,,,,,,No Tunisian VTS or traffic monitoring centre covering the scheme found; searches returned only general coastal surveillance (RMAC) news.,Unresolved,,,No IMO-adopted SRS for the area in S14 list; national reporting not researched to a primary source.,,,"https://www.transportstyrelsen.se/globalassets/global/sjofart/dokument/sjotrafik_dok/imo_colreg.2_cirkular.pdf?id=58526
https://transportstyrelsen.se/globalassets/global/sjofart/dokument/sjotrafik_dok/mandatory-and-recommended-srs.pdf",Tunisian Marine Marchande / SHOM Tunisie sources not found online. Region hint linking Cani Island to BONIFREP is wrong: BONIFREP (MSC.73(69)) is Corsica/Sardinia and not relevant here.,,B21,,Legacy lead: re-audit under Stage 2 before use,2026-09-29
TSS-0104,Off Cape Bon,B-III/7,Mediterranean Sea and Black Sea,TSS-0071,B15,One-to-one name reconciliation,Unresolved,,,,,,No Tunisian VTS covering the scheme found.,Unresolved,,,No IMO-adopted SRS listed for the area (S14); national reporting not established.,,,"https://www.transportstyrelsen.se/globalassets/global/sjofart/dokument/sjotrafik_dok/imo_colreg.2_cirkular.pdf?id=58526
https://transportstyrelsen.se/globalassets/global/sjofart/dokument/sjotrafik_dok/mandatory-and-recommended-srs.pdf",As for TSS-0070; Italian VTS/Pantelleria-Sicily Channel arrangements not researched (outside scheme).,,B21,,Legacy lead: re-audit under Stage 2 before use,2026-09-29
TSS-0105,In the Adriatic Sea: in the North Adriatic Sea,B-III/8,Mediterranean Sea and Black Sea,TSS-0073,B15,One-to-one name reconciliation,MRS only,,,,,VTS Croatia (VTS Hrvatska),S20: VTS Croatia supervises application of the Adriatic TSS of COLREG.2/Circ.54 and 58 'u VTS području' (area incl. territorial sea and ZERP). Whether each component lies within the Croatian VTS area was not verified; no Italian VTS area covers this offshore scheme.,Yes,VRS-0015,ADRIREP,"ADRIREP covers the whole Adriatic north of 40°25'N (S13), which includes this scheme.",,"ADRIREP (revised, from 1 Dec 2026): oil tankers 150 GT and above, ships 10,000 GT and above, any ship carrying hazardous cargo.","https://www.transportstyrelsen.se/globalassets/global/sjofart/dokument/sjotrafik_dok/imo_colreg.2_cirkular.pdf?id=58526
https://wwwcdn.imo.org/localresources/en/KnowledgeCentre/IndexofIMOResolutions/MSCResolutions/MSC.598(111).pdf
https://www.hhi.hr/Portals/0/adam/HHI/a14_Qn4yJECeVbpwF_KLag/CouponFiles/VTS_RS_2015.pdf",Plot components against Croatian ZERP/VTS chart 950 VTS to confirm coverage; confirm whether 2015 Croatian VTS description remains current. Later Adriatic TSS amendments after 2016 not checked (compilation ends c. Circ.68).,,B21,,Legacy lead: re-audit under Stage 2 before use,2026-09-29
TSS-0106,In the Adriatic Sea: approaches to Gulf of Trieste,B-III/9,Mediterranean Sea and Black Sea,TSS-0074,B15,One-to-one name reconciliation,MRS only,,,,,VTS Croatia (VTS Hrvatska),"Scheme lies offshore south-west of Istria, outside the VTS Trieste and Koper areas (S15, S16). VTS Croatia supervises Circ.54 schemes within its area (S20) but location of this component relative to that area not verified.",Yes,VRS-0015,ADRIREP,Within ADRIREP area (whole Adriatic north of 40°25'N).,,ADRIREP categories as in RPT-adrirep.,"https://www.transportstyrelsen.se/globalassets/global/sjofart/dokument/sjotrafik_dok/imo_colreg.2_cirkular.pdf?id=58526
https://wwwcdn.imo.org/localresources/en/KnowledgeCentre/IndexofIMOResolutions/MSCResolutions/MSC.598(111).pdf
https://www.hhi.hr/Portals/0/adam/HHI/a14_Qn4yJECeVbpwF_KLag/CouponFiles/VTS_RS_2015.pdf",Confirm which State's waters and VTS area contain this component.,,B22,,Legacy lead: re-audit under Stage 2 before use,2026-09-29
TSS-0107,In the Adriatic Sea: approaches to Gulf of Venice,B-III/10,Mediterranean Sea and Black Sea,TSS-0075,B15,One-to-one name reconciliation,MRS only,,,,,Venice VTS (VTS Venezia),"Direct approach: TSS northern terminus (c. 45°10'-45°14'N, 012°29'-012°39'E, S4) adjoins the Venice VTS area outer limit B-C (45°08.4'N 012°25.7'E to 45°16.0'N 012°35.0'E, S17), and participating vessels must call Venice VTS 5 NM outside that limit, i.e. while in the TSS. Coverage inferred by comparing coordinates from two primary sources; the manual does not say in words that the VTS covers the TSS.",Yes,VRS-0015,ADRIREP,"Within ADRIREP area; Venice MRSC and VTS Venezia are ADRIREP authorities (S13, S17).",,Venice VTS participation mandatory for vessels of 300 GT and upwards (S17); ADRIREP categories as in RPT-adrirep. ADRIREP rules in force until 30 Nov 2026 are MSC.139(76) annex 2; MSC.598(111) applies from 1 Dec 2026.,"https://www.transportstyrelsen.se/globalassets/global/sjofart/dokument/sjotrafik_dok/imo_colreg.2_cirkular.pdf?id=58526
https://wwwcdn.imo.org/localresources/en/KnowledgeCentre/IndexofIMOResolutions/MSCResolutions/MSC.598(111).pdf
https://www.guardiacostiera.gov.it/portale/documents/d/guest/en_venezia_manuale_utentevts
https://www.guardiacostiera.gov.it/portale/vessel-traffic-service",Venice manual dated 2017; check current edition. Reviewer to confirm the direct-approach judgement.,,B22,,Legacy lead: re-audit under Stage 2 before use,2026-09-29
TSS-0108,In the Gulf of Trieste,B-III/11,Mediterranean Sea and Black Sea,TSS-0076,B16,Manual reconciliation; split from grouped legacy row,VTS + MRS,Koper VTS; VTS Trieste,"Slovenian Maritime Administration (URSP); Guardia Costiera, Capitaneria di Porto di Trieste",Koper; Trieste (RRS Monte Belvedere and Molo V),VTS-030; VTS-031,,Koper VTS manual section 7.1 describes both TSS and requires vessels in its area to use the lanes (S15). VTS Trieste manual: 'Nell'Area VTS di Trieste è ricompreso lo schema obbligatorio di separazione del traffico ... Golfo di Trieste' (S16). Each covers the part within its national waters.,Yes,VRS-0015,ADRIREP,"Within ADRIREP area; MRCC Koper and VTS Trieste are ADRIREP authorities (S13). Separate mandatory VTS reports to Koper VTS (entry/exit, 1 h before entry) and VTS Trieste are VTS duties, not separate schemes.",,"Koper VTS: ships of 300 GT and upwards; fishing, traditional and recreational craft of 45 m and upwards; warships and government vessels exempt. VTS Trieste: 300 GT and over; pleasure/traditional craft 45 m and over.","https://www.transportstyrelsen.se/globalassets/global/sjofart/dokument/sjotrafik_dok/imo_colreg.2_cirkular.pdf?id=58526
https://wwwcdn.imo.org/localresources/en/KnowledgeCentre/IndexofIMOResolutions/MSCResolutions/MSC.598(111).pdf
https://www.gov.si/assets/organi-v-sestavi/URSP/Dokumenti/VTS/Koper-VTS-Users-Manual.pdf
https://www.guardiacostiera.gov.it/portale/documents/d/guest/it_trieste_manuale_utentevts",Croatian role (VTS Croatia/Umag) in the Gulf of Trieste not checked.,Legacy finding was made at the grouped-heading level; confirm it applies to this individual TSS.,B22,,Legacy lead: re-audit under Stage 2 before use,2026-09-29
TSS-0109,Approaches to/from Koper,B-III/11,Mediterranean Sea and Black Sea,TSS-0076,B16,Manual reconciliation; split from grouped legacy row,VTS + MRS,Koper VTS; VTS Trieste,"Slovenian Maritime Administration (URSP); Guardia Costiera, Capitaneria di Porto di Trieste",Koper; Trieste (RRS Monte Belvedere and Molo V),VTS-030; VTS-031,,Koper VTS manual section 7.1 describes both TSS and requires vessels in its area to use the lanes (S15). VTS Trieste manual: 'Nell'Area VTS di Trieste è ricompreso lo schema obbligatorio di separazione del traffico ... Golfo di Trieste' (S16). Each covers the part within its national waters.,Yes,VRS-0015,ADRIREP,"Within ADRIREP area; MRCC Koper and VTS Trieste are ADRIREP authorities (S13). Separate mandatory VTS reports to Koper VTS (entry/exit, 1 h before entry) and VTS Trieste are VTS duties, not separate schemes.",,"Koper VTS: ships of 300 GT and upwards; fishing, traditional and recreational craft of 45 m and upwards; warships and government vessels exempt. VTS Trieste: 300 GT and over; pleasure/traditional craft 45 m and over.","https://www.transportstyrelsen.se/globalassets/global/sjofart/dokument/sjotrafik_dok/imo_colreg.2_cirkular.pdf?id=58526
https://wwwcdn.imo.org/localresources/en/KnowledgeCentre/IndexofIMOResolutions/MSCResolutions/MSC.598(111).pdf
https://www.gov.si/assets/organi-v-sestavi/URSP/Dokumenti/VTS/Koper-VTS-Users-Manual.pdf
https://www.guardiacostiera.gov.it/portale/documents/d/guest/it_trieste_manuale_utentevts",Croatian role (VTS Croatia/Umag) in the Gulf of Trieste not checked.,Legacy finding was made at the grouped-heading level; confirm it applies to this individual TSS.,B22,,Legacy lead: re-audit under Stage 2 before use,2026-09-29
TSS-0110,Approaches to/from Monfalcone,B-III/11,Mediterranean Sea and Black Sea,TSS-0077,B16,Manual reconciliation,VTS + MRS,VTS Trieste,"Guardia Costiera, Capitaneria di Porto di Trieste",Trieste (RRS Monte Belvedere and Molo V),VTS-031,,"VTS Trieste area limits were set taking account of the TSS 'nella parte finale di ingresso/uscita dal porto di Monfalcone', and the manual states the Monfalcone TSS is included within the VTS area (S16).",Yes,VRS-0015,ADRIREP,Within ADRIREP area; VTS Trieste is an ADRIREP authority (S13).,,VTS Trieste participation mandatory for ships of 300 GT and over etc. ADRIREP rules in force until 30 Nov 2026 are MSC.139(76) annex 2; MSC.598(111) applies from 1 Dec 2026. Trieste manual states the VTS limits were drawn to include the Monfalcone entry/exit part of the TSS.,"https://www.transportstyrelsen.se/globalassets/global/sjofart/dokument/sjotrafik_dok/imo_colreg.2_cirkular.pdf?id=58526
https://wwwcdn.imo.org/localresources/en/KnowledgeCentre/IndexofIMOResolutions/MSCResolutions/MSC.598(111).pdf
https://www.guardiacostiera.gov.it/portale/documents/d/guest/it_trieste_manuale_utentevts",Confirm whether all of the Monfalcone TSS or only its final part lies in the VTS area.,,B22,,Legacy lead: re-audit under Stage 2 before use,2026-09-29
TSS-0111,Saronicos Gulf (in the approaches to Piraeus Harbour),B-III/12,Mediterranean Sea and Black Sea,TSS-0078,B16,Manual reconciliation,Unresolved,,,,,Piraeus VTS (Hellenic Coast Guard) (lead),Lead only (S24): VTS in Piraeus linked to national VTMIS covering the wider Piraeus sea area. No primary source on VTS area or TSS coverage (hcg.gr HTTP 403).,Unresolved,,,No IMO SRS for Greece in S14; Greek national VTS participation rules seen only in search snippets (lead).,,,"https://www.transportstyrelsen.se/globalassets/global/sjofart/dokument/sjotrafik_dok/imo_colreg.2_cirkular.pdf?id=58526
https://mitos.gov.gr/index.php/%CE%94%CE%94:%CE%A3%CF%84%CE%B5%CE%BB%CE%AD%CF%87%CF%89%CF%83%CE%B7_%CF%84%CF%89%CE%BD_%CE%9A%CE%AD%CE%BD%CF%84%CF%81%CF%89%CE%BD_%CE%A0%CE%B1%CF%81%CE%B1%CE%BA%CE%BF%CE%BB%CE%BF%CF%8D%CE%B8%CE%B7%CF%83%CE%B7%CF%82_%CE%B8%CE%B1%CE%BB%CE%AC%CF%83%CF%83%CE%B9%CE%B1%CF%82_%CE%9A%CF%85%CE%BA%CE%BB%CE%BF%CF%86%CE%BF%CF%81%CE%AF%CE%B1%CF%82_(VTS)_%CF%84%CE%B7%CF%82_%CE%A7%CF%8E%CF%81%CE%B1%CF%82
https://maredu.hcg.gr/modules/document/file.php/MAK264/%CE%9D%CE%B1%CF%85%CF%84%CE%B9%CE%BA%CE%AD%CF%82%20%CE%95%CF%80%CE%B9%CE%BA%CE%BF%CE%B9%CE%BD%CF%89%CE%BD%CE%AF%CE%B5%CF%82%20-%20%CE%9D%CE%97%CE%9F/%CE%A3%CF%85%CF%83%CF%84%CE%AE%CE%BC%CE%B1%CF%84%CE%B1%20%CF%80%CE%B1%CF%81%CE%B1%CE%BA%CE%BF%CE%BB%CE%BF%CF%8D%CE%B8%CE%B7%CF%83%CE%B7%CF%82%20%CF%80%CE%BB%CE%BF%CE%AF%CF%89%CE%BD%20%CE%B1%CE%BD%CE%AC%20%CF%84%CE%B7%CE%BD%20%CF%85%CF%86%CE%AE%CE%BB%CE%B9%CE%BF%20%CE%BA%CE%B1%CE%B9%20%CE%B5%CE%BE%CE%BF%CF%80%CE%BB%CE%B9%CF%83%CE%BC%CF%8C%CF%82%20%CE%B5%CF%80%CE%AF%20%CF%84%CE%BF%CF%85%20%CF%80%CE%BB%CE%BF%CE%AF%CE%BF%CF%85.pdf",Obtain Hellenic Coast Guard VTS Piraeus regulation/ALRS entry; confirm TSS still current in Ships' Routeing (operational status provisional).,,B23,,Legacy lead: re-audit under Stage 2 before use,2026-09-29
TSS-0112,In the approaches to the port of Thessaloniki,B-III/13,Mediterranean Sea and Black Sea,TSS-0079,B16,One-to-one name reconciliation,Unresolved,,,,,,"No source found for a Thessaloniki VTS; lead S24 lists Greek VTS at Piraeus, Patras, Igoumenitsa and Kerkyra only (undated, not primary).",Unresolved,,,No IMO SRS; national reporting not established.,,,"https://www.transportstyrelsen.se/globalassets/global/sjofart/dokument/sjotrafik_dok/imo_colreg.2_cirkular.pdf?id=58526
https://mitos.gov.gr/index.php/%CE%94%CE%94:%CE%A3%CF%84%CE%B5%CE%BB%CE%AD%CF%87%CF%89%CF%83%CE%B7_%CF%84%CF%89%CE%BD_%CE%9A%CE%AD%CE%BD%CF%84%CF%81%CF%89%CE%BD_%CE%A0%CE%B1%CF%81%CE%B1%CE%BA%CE%BF%CE%BB%CE%BF%CF%8D%CE%B8%CE%B7%CF%83%CE%B7%CF%82_%CE%B8%CE%B1%CE%BB%CE%AC%CF%83%CF%83%CE%B9%CE%B1%CF%82_%CE%9A%CF%85%CE%BA%CE%BB%CE%BF%CF%86%CE%BF%CF%81%CE%AF%CE%B1%CF%82_(VTS)_%CF%84%CE%B7%CF%82_%CE%A7%CF%8E%CF%81%CE%B1%CF%82
https://maredu.hcg.gr/modules/document/file.php/MAK264/%CE%9D%CE%B1%CF%85%CF%84%CE%B9%CE%BA%CE%AD%CF%82%20%CE%95%CF%80%CE%B9%CE%BA%CE%BF%CE%B9%CE%BD%CF%89%CE%BD%CE%AF%CE%B5%CF%82%20-%20%CE%9D%CE%97%CE%9F/%CE%A3%CF%85%CF%83%CF%84%CE%AE%CE%BC%CE%B1%CF%84%CE%B1%20%CF%80%CE%B1%CF%81%CE%B1%CE%BA%CE%BF%CE%BB%CE%BF%CF%8D%CE%B8%CE%B7%CF%83%CE%B7%CF%82%20%CF%80%CE%BB%CE%BF%CE%AF%CF%89%CE%BD%20%CE%B1%CE%BD%CE%AC%20%CF%84%CE%B7%CE%BD%20%CF%85%CF%86%CE%AE%CE%BB%CE%B9%CE%BF%20%CE%BA%CE%B1%CE%B9%20%CE%B5%CE%BE%CE%BF%CF%80%CE%BB%CE%B9%CF%83%CE%BC%CF%8C%CF%82%20%CE%B5%CF%80%CE%AF%20%CF%84%CE%BF%CF%85%20%CF%80%CE%BB%CE%BF%CE%AF%CE%BF%CF%85.pdf",Check Hellenic Coast Guard for any Thessaloniki VTS (planned or operational) and port reporting duties.,,B23,,Legacy lead: re-audit under Stage 2 before use,2026-09-29
TSS-0113,Western approach to Mina Dumyat,B-III/14,Mediterranean Sea and Black Sea,TSS-0089,B18,Manual reconciliation; split from grouped legacy row,Unresolved,,,,,,No primary source retrieved. Leads (search snippets only): Port Said port control on VHF 12; Damietta Port VTMS. Suez Canal Authority navigation pages fetched had no VTMS content.,Unresolved,,,No reporting system identified.,,,https://cimrc.shmtu.edu.cn/_upload/article/files/63/dc/35c66be74d12873254dc88a2ef00/a4f3f58b-c400-41cb-858b-89dccee63151.pdf,Obtain Suez Canal Authority Rules of Navigation (Port Said approach reporting) and Damietta Port Authority VTS details.,Legacy finding was made at the grouped-heading level; confirm it applies to this individual TSS.,B23,,Legacy lead: re-audit under Stage 2 before use,2026-09-29
TSS-0114,Eastern approaches to Mina Dumyat,B-III/14,Mediterranean Sea and Black Sea,TSS-0089,B18,Manual reconciliation; split from grouped legacy row,Unresolved,,,,,,No primary source retrieved. Leads (search snippets only): Port Said port control on VHF 12; Damietta Port VTMS. Suez Canal Authority navigation pages fetched had no VTMS content.,Unresolved,,,No reporting system identified.,,,https://cimrc.shmtu.edu.cn/_upload/article/files/63/dc/35c66be74d12873254dc88a2ef00/a4f3f58b-c400-41cb-858b-89dccee63151.pdf,Obtain Suez Canal Authority Rules of Navigation (Port Said approach reporting) and Damietta Port Authority VTS details.,Legacy finding was made at the grouped-heading level; confirm it applies to this individual TSS.,B23,,Legacy lead: re-audit under Stage 2 before use,2026-09-29
TSS-0115,Western approaches to Bur Said,B-III/14,Mediterranean Sea and Black Sea,TSS-0089,B18,Manual reconciliation; split from grouped legacy row,Unresolved,,,,,,No primary source retrieved. Leads (search snippets only): Port Said port control on VHF 12; Damietta Port VTMS. Suez Canal Authority navigation pages fetched had no VTMS content.,Unresolved,,,No reporting system identified.,,,https://cimrc.shmtu.edu.cn/_upload/article/files/63/dc/35c66be74d12873254dc88a2ef00/a4f3f58b-c400-41cb-858b-89dccee63151.pdf,Obtain Suez Canal Authority Rules of Navigation (Port Said approach reporting) and Damietta Port Authority VTS details.,Legacy finding was made at the grouped-heading level; confirm it applies to this individual TSS.,B23,,Legacy lead: re-audit under Stage 2 before use,2026-09-29
TSS-0116,Eastern approach to Bur Said,B-III/14,Mediterranean Sea and Black Sea,TSS-0089,B18,Manual reconciliation; split from grouped legacy row,Unresolved,,,,,,No primary source retrieved. Leads (search snippets only): Port Said port control on VHF 12; Damietta Port VTMS. Suez Canal Authority navigation pages fetched had no VTMS content.,Unresolved,,,No reporting system identified.,,,https://cimrc.shmtu.edu.cn/_upload/article/files/63/dc/35c66be74d12873254dc88a2ef00/a4f3f58b-c400-41cb-858b-89dccee63151.pdf,Obtain Suez Canal Authority Rules of Navigation (Port Said approach reporting) and Damietta Port Authority VTS details.,Legacy finding was made at the grouped-heading level; confirm it applies to this individual TSS.,B24,,Legacy lead: re-audit under Stage 2 before use,2026-09-29
TSS-0117,In the southern approaches to the Kerch Strait,B-III/15,Mediterranean Sea and Black Sea,TSS-0088,B18,One-to-one name reconciliation,Unresolved,,,,,,No VTS source retrieved for the southern approaches; any service would be subject to the jurisdictional dispute. Not assessed.,Unresolved,,,No reporting system identified.,,Ukraine reports (CL 4508) that the Russian Federation interfered with the functioning of this IMO scheme and closed parts of the Kerch Strait area. This record does not assert current safe operation.,"https://wwwcdn.imo.org/localresources/en/KnowledgeCentre/IndexofIMOResolutions/AssemblyDocuments/A.374(10).pdf
https://iho.int/uploads/user/Inter-Regional%20Coordination/RHC/MBSHC/BASWG/BASWG15/StatementOnMSI_Ukraine.pdf
https://marina.gov.ph/wp-content/uploads/2022/03/Circular-Letter-No.4508-Communication-From-The-Government-Of-Ukraine-Secretariat1.pdf",Confirm implementation date and any later amendment; review IMO and NAVAREA III status. Editorial neutrality review required.,,B24,,Legacy lead: re-audit under Stage 2 before use,2026-09-29
TSS-0118,In the area off the south-western coast of the Crimea,B-III/16,Mediterranean Sea and Black Sea,TSS-0087,B18,One-to-one name reconciliation,Unresolved,,,,,,No VTS source retrieved. Any service in this area would be operated by authorities whose jurisdiction is disputed; not assessed.,Unresolved,,,No reporting system identified.,,"Ukraine told IMO (CL 4508, Feb 2022) and IHO (2021) that the Russian Federation interfered with or disabled use of these IMO schemes through closures of areas. The scheme remains an IMO-adopted measure on the evidence found; this record does not assert that it can currently be used safely.","https://cimrc.shmtu.edu.cn/_upload/article/files/63/dc/35c66be74d12873254dc88a2ef00/25e2ceb4-d2d9-4cf2-b55b-cdb3d56001b5.pdf
https://iho.int/uploads/user/Inter-Regional%20Coordination/RHC/MBSHC/BASWG/BASWG15/StatementOnMSI_Ukraine.pdf
https://marina.gov.ph/wp-content/uploads/2022/03/Circular-Letter-No.4508-Communication-From-The-Government-Of-Ukraine-Secretariat1.pdf",Check latest IMO Ships' Routeing edition and any MSC decisions for current status; check navigational warnings (NAVAREA III) for closures. Editorial neutrality review required.,,B24,,Legacy lead: re-audit under Stage 2 before use,2026-09-29
TSS-0119,"Approaches to the Chornomorsk, Odesa and Pivdennyi ports",B-III/17,Mediterranean Sea and Black Sea,TSS-0085; TSS-0086,B17; B18,Manual reconciliation,Unresolved,,,,,VTCP Odesa (vessel traffic service of the Delta-Lotsman branch of SE USPA),"USPA confirms a 'VTCP Odesa' operated by Delta-Lotsman; Marad refers to 'The VTS of ... Delta Pilot' in proposing TSS changes, but no source defines the VTS area as covering the scheme. Wartime corridor arrangements apply (2022 notice). | As TSS-0085: VTCP Odesa exists, coverage of this scheme not evidenced.",Unresolved,,,No reporting system identified for the scheme in retrieved sources. | No reporting system identified.,,,"https://marad.gov.ua/storage/app/sites/1/international-activities/Propozicii_sistemi_rozpodilu_ryhu_en.pdf
https://hksoa.org/member_circulars/colreg-2-circ-78-new-separation-schemes-and-associated-measures/
https://www.uspa.gov.ua/en/announcements-en/information-for-shipowners-agents-port-operators
https://www.transportstyrelsen.se/globalassets/global/sjofart/dokument/sjotrafik_dok/imo_colreg.2_cirkular.pdf?id=58526","Retrieve COLREG.2/Circ.78 from IMO directly; recommend the guide records the successor scheme instead. Confirm VTCP Odesa area, VHF channel and any mandatory reporting under current Ukrainian port rules. Superseded record: VTS and reporting findings do not apply; research belongs on the successor scheme once COLREG.2/Circ.78 is read. | Merge with TSS-0085 as one successor record.",Legacy rows described the superseded Odesa/Ilichevsk schemes; research the successor scheme directly. Several legacy rows map to this TSS; findings combined.,B24,,Legacy lead: re-audit under Stage 2 before use,2026-09-29
TSS-0120,Strait of Istanbul – North approach,B-III/18,Mediterranean Sea and Black Sea,TSS-0080,B16,One-to-one name reconciliation,VTS + MRS,"Turkish Straits Vessel Traffic Services (TSVTS; Türk Boğazları Gemi Trafik Hizmetleri, TBGTH)","Directorate General of Coastal Safety (KEGM) on behalf of the Ministry of Transport and Infrastructure, Türkiye","Two VTS centres: İstinye (Istanbul) and Akbaş (Çanakkale). Sector names (Türkeli, Kandilli, Kadıköy, Marmara; Gelibolu, Nara, Kumkale) are search-snippet leads only",VTS-034,,"Turkish Straits Maritime Traffic Regulation 2019, Art. 4-5: TSS in the Turkish Straits and their approaches (northern limit 41°20'.944 N) with TBGTH established for application and supervision of the TSS and reporting system; S21 confirms TSVTS operational since 2003 with İstanbul centre.",Yes,,"TUBRAP (Turkish Straits, national; IMO recommends only)","Regulation Art. 7: SP-2 2 h or 20 NM before entering the Istanbul Strait and position report 5 NM before the entrance, i.e. in the North Approach. National mandatory system, not IMO-adopted.",,SP-1: ships carrying dangerous cargo and ships of 500 GT and over (24 h before entry); position and calling-in point reports: ships of 20 m and over.,"https://www.transportstyrelsen.se/globalassets/global/sjofart/dokument/sjotrafik_dok/imo_colreg.2_cirkular.pdf?id=58526
https://kiyiemniyeti.gov.tr/vessel_traffic_and_pilotage_services
https://www.resmigazete.gov.tr/eskiler/2019/08/20190815-18.pdf
https://transportstyrelsen.se/globalassets/global/sjofart/dokument/sjotrafik_dok/mandatory-and-recommended-srs.pdf","Sector names/channels (Türkeli etc.) not confirmed from a primary source; Regulation read from scanned Resmî Gazete images (pages 2, 3, 5 only); 2020 amendments not checked.",,B24,,Legacy lead: re-audit under Stage 2 before use,2026-09-29
TSS-0121,Strait of Istanbul,B-III/19,Mediterranean Sea and Black Sea,TSS-0081,B17,One-to-one name reconciliation,VTS + MRS,"Turkish Straits Vessel Traffic Services (TSVTS; Türk Boğazları Gemi Trafik Hizmetleri, TBGTH)","Directorate General of Coastal Safety (KEGM) on behalf of the Ministry of Transport and Infrastructure, Türkiye","Two VTS centres: İstinye (Istanbul) and Akbaş (Çanakkale). Sector names (Türkeli, Kandilli, Kadıköy, Marmara; Gelibolu, Nara, Kumkale) are search-snippet leads only",VTS-034,,"KEGM states the TSVTS serves the Istanbul Strait, Marmara Sea and Çanakkale Strait, and was extended in 2008 to cover the Marmara TSS.",Yes,,"TUBRAP (Turkish Straits, national; IMO recommends only)",Implementing Directive Art. 12: ships wishing to transit the Straits must submit SP-1 via the Administration's system; non-compliance leads to administrative action and loss of transit turn. IMO A.827(19) strongly recommends TUBRAP participation.,,Per unofficial English translation (lead only): SP-1 for ships with dangerous cargo or 500 GRT and over at least 24 h before arrival; SP-2 2 h or 20 NM before entrance; position report 5 NM before entrance and calling point reports for LOA 20 m and over; MARRAP for Marmara traffic. Daylight transit advised for draught 15 m+ or LOA over 200 m (A.827(19)).,"https://kiyiemniyeti.gov.tr/vessel_traffic_and_pilotage_services
https://www.kiyiemniyeti.gov.tr/gemi_trafik_ve_kilavuzluk_hizmeti
https://denizcilik.uab.gov.tr/uploads/pages/yonerge-talimat/tbdtduy.pdf
https://wwwcdn.imo.org/localresources/en/KnowledgeCentre/IndexofIMOResolutions/AssemblyDocuments/A.827(19).pdf
https://media.ellinikahoaxes.gr/uploads/2021/03/TURK-BOGAZLARI-DENIZ-TRAFIK-DUZENI-YONETMELIGI-INGILIZCE-2019.pdf
https://www.transportstyrelsen.se/globalassets/global/sjofart/dokument/sjotrafik_dok/imo_colreg.2_cirkular.pdf?id=58526","Official Gazette PDF (resmigazete.gov.tr) and mevzuat.gov.tr timed out, so the official Turkish regulation text was not read; English text is an unofficial copy. Confirm whether the source label also covers the North Approach scheme. VTS sector VHF channels not confirmed from a primary page.",,B25,,Legacy lead: re-audit under Stage 2 before use,2026-09-29
TSS-0122,Strait of Istanbul – South approach and Sea of Marmara,B-III/20,Mediterranean Sea and Black Sea,TSS-0082,B17,One-to-one name reconciliation,VTS + MRS,"Turkish Straits Vessel Traffic Services (TSVTS; Türk Boğazları Gemi Trafik Hizmetleri, TBGTH)","Directorate General of Coastal Safety (KEGM) on behalf of the Ministry of Transport and Infrastructure, Türkiye","Two VTS centres: İstinye (Istanbul) and Akbaş (Çanakkale). Sector names (Türkeli, Kandilli, Kadıköy, Marmara; Gelibolu, Nara, Kumkale) are search-snippet leads only",VTS-034,,KEGM (Turkish page) states TBGTH was extended in 2008 to include the Marmara Sea 'Trafik Ayırım Düzeni'; Implementing Directive Art. 18 addresses ships in the Marmara TSS under TBGTH coordination.,Yes,,"TUBRAP (Turkish Straits, national; IMO recommends only)",Implementing Directive Art. 12: ships wishing to transit the Straits must submit SP-1 via the Administration's system; non-compliance leads to administrative action and loss of transit turn. IMO A.827(19) strongly recommends TUBRAP participation. Marmara-specific MARRAP and 6 h pre-departure SP-1 for Marmara ports appear only in the unofficial translation.,,Per unofficial English translation (lead only): SP-1 for ships with dangerous cargo or 500 GRT and over at least 24 h before arrival; SP-2 2 h or 20 NM before entrance; position report 5 NM before entrance and calling point reports for LOA 20 m and over; MARRAP for Marmara traffic. Daylight transit advised for draught 15 m+ or LOA over 200 m (A.827(19)).,"https://kiyiemniyeti.gov.tr/vessel_traffic_and_pilotage_services
https://www.kiyiemniyeti.gov.tr/gemi_trafik_ve_kilavuzluk_hizmeti
https://denizcilik.uab.gov.tr/uploads/pages/yonerge-talimat/tbdtduy.pdf
https://wwwcdn.imo.org/localresources/en/KnowledgeCentre/IndexofIMOResolutions/AssemblyDocuments/A.827(19).pdf
https://media.ellinikahoaxes.gr/uploads/2021/03/TURK-BOGAZLARI-DENIZ-TRAFIK-DUZENI-YONETMELIGI-INGILIZCE-2019.pdf
https://www.transportstyrelsen.se/globalassets/global/sjofart/dokument/sjotrafik_dok/imo_colreg.2_cirkular.pdf?id=58526",Official Turkish regulation text not retrieved (site timeout).,,B25,,Legacy lead: re-audit under Stage 2 before use,2026-09-29
TSS-0123,Strait of Çanakkale,B-III/21,Mediterranean Sea and Black Sea,TSS-0083,B17,One-to-one name reconciliation,VTS + MRS,"Turkish Straits Vessel Traffic Services (TSVTS; Türk Boğazları Gemi Trafik Hizmetleri, TBGTH)","Directorate General of Coastal Safety (KEGM) on behalf of the Ministry of Transport and Infrastructure, Türkiye","Two VTS centres: İstinye (Istanbul) and Akbaş (Çanakkale). Sector names (Türkeli, Kandilli, Kadıköy, Marmara; Gelibolu, Nara, Kumkale) are search-snippet leads only",VTS-034,,"KEGM states the TSVTS serves the Istanbul Strait, Marmara Sea and Çanakkale Strait, and was extended in 2008 to cover the Marmara TSS. Akbaş (Çanakkale) VTS centre.",Yes,,"TUBRAP (Turkish Straits, national; IMO recommends only)",Implementing Directive Art. 12: ships wishing to transit the Straits must submit SP-1 via the Administration's system; non-compliance leads to administrative action and loss of transit turn. IMO A.827(19) strongly recommends TUBRAP participation.,,"Per unofficial English translation (lead only): SP-1 for ships with dangerous cargo or 500 GRT and over at least 24 h before arrival; SP-2 2 h or 20 NM before entrance; position report 5 NM before entrance and calling point reports for LOA 20 m and over; MARRAP for Marmara traffic. Daylight transit advised for draught 15 m+ or LOA over 200 m (A.827(19)). TUBRAP is national, not IMO-adopted (IMO recommends it). Sailing Plan 1 applies to ships of 500 GRT and over or carrying dangerous cargo.","https://kiyiemniyeti.gov.tr/vessel_traffic_and_pilotage_services
https://denizcilik.uab.gov.tr/uploads/pages/yonerge-talimat/tbdtduy.pdf
https://wwwcdn.imo.org/localresources/en/KnowledgeCentre/IndexofIMOResolutions/AssemblyDocuments/A.827(19).pdf
https://media.ellinikahoaxes.gr/uploads/2021/03/TURK-BOGAZLARI-DENIZ-TRAFIK-DUZENI-YONETMELIGI-INGILIZCE-2019.pdf
https://www.transportstyrelsen.se/globalassets/global/sjofart/dokument/sjotrafik_dok/imo_colreg.2_cirkular.pdf?id=58526","VHF sector channels (Gelibolu, Nara, Kumkale) only from search snippets.",,B25,,Legacy lead: re-audit under Stage 2 before use,2026-09-29
TSS-0124,Strait of Çanakkale – South-west approach,B-III/22,Mediterranean Sea and Black Sea,TSS-0084,B17,One-to-one name reconciliation,Unresolved,,,,,"Turkish Straits Vessel Traffic Services (TSVTS; Türk Boğazları Gemi Trafik Hizmetleri, TBGTH)","TSVTS confirmed for the Çanakkale Strait, but no primary source retrieved defines the VTS area as extending over the south-west approach. Unofficial translation places the regulation's southern boundary at about 39°44'N, beyond the approach scheme (lead only).",Unresolved,,,"TUBRAP applies to ships transiting the Straits (primary). That SP-2 is given 20 NM before the entrance, i.e. in the approach, comes only from the unofficial translation.",,Per unofficial English translation (lead only): SP-1 for ships with dangerous cargo or 500 GRT and over at least 24 h before arrival; SP-2 2 h or 20 NM before entrance; position report 5 NM before entrance and calling point reports for LOA 20 m and over; MARRAP for Marmara traffic. Daylight transit advised for draught 15 m+ or LOA over 200 m (A.827(19)).,"https://kiyiemniyeti.gov.tr/vessel_traffic_and_pilotage_services
https://denizcilik.uab.gov.tr/uploads/pages/yonerge-talimat/tbdtduy.pdf
https://media.ellinikahoaxes.gr/uploads/2021/03/TURK-BOGAZLARI-DENIZ-TRAFIK-DUZENI-YONETMELIGI-INGILIZCE-2019.pdf
https://www.transportstyrelsen.se/globalassets/global/sjofart/dokument/sjotrafik_dok/imo_colreg.2_cirkular.pdf?id=58526",Obtain official regulation text or Turkish NtM chartlet showing TBGTH area limits and reporting points in the SW approach.,,B25,,Legacy lead: re-audit under Stage 2 before use,2026-09-29
TSS-0125,In the Gulf of Suez,B-IV/1,Indian Ocean and adjacent waters,TSS-0092,B19,One-to-one name reconciliation,Unresolved,,,,,Gulf of Suez Vessel Traffic Information Management System (VTIMS),Only trade press (2002) describes a Gulf of Suez VTIMS with two centres on the Gulf; no current Egyptian primary source retrieved.,Unresolved,,,No reporting system identified; Suez Canal Authority rules not retrieved.,,,"https://www.transportstyrelsen.se/globalassets/global/sjofart/dokument/sjotrafik_dok/imo_colreg.2_cirkular.pdf?id=58526
https://wwwcdn.imo.org/localresources/en/KnowledgeCentre/IndexofIMOResolutions/AssemblyDocuments/A.374(10).pdf
https://www.marinelink.com/news/307563",Identify the current Egyptian authority and VTS (Egyptian Authority for Maritime Safety or Ports and Lighthouses successor) and any Gulf of Suez reporting requirement.,,B25,,Legacy lead: re-audit under Stage 2 before use,2026-09-29
TSS-0126,In the entrance to the Gulf of Aqaba,B-IV/2,Indian Ocean and adjacent waters,TSS-0093,B19,One-to-one name reconciliation,Unresolved,,,,,,No VTS source retrieved for the Strait of Tiran entrance.,Unresolved,,,No reporting system identified.,,Associated ATBAs (A.827(19)): ships carrying dangerous or toxic cargoes or exceeding 500 GT should avoid specified areas north of Tiran and at Sharm El Sheikh / Ras Mohammed.,"https://www.transportstyrelsen.se/globalassets/global/sjofart/dokument/sjotrafik_dok/imo_colreg.2_cirkular.pdf?id=58526
https://wwwcdn.imo.org/localresources/en/KnowledgeCentre/IndexofIMOResolutions/AssemblyDocuments/A.827(19).pdf",Check for any Egyptian or Saudi VTS coverage at Tiran and any reporting requirement for Gulf of Aqaba traffic.,,B26,,Legacy lead: re-audit under Stage 2 before use,2026-09-29
TSS-0128,In the southern Red Sea – west and south of Hanish al Kubra,B-IV/4,Indian Ocean and adjacent waters,TSS-0094,B19,One-to-one name reconciliation,Unresolved,,,,,,No VTS source retrieved.,Unresolved,,,No reporting system identified.,,Area affected by Red Sea security incidents; security advisories are outside the scope of this record.,https://www.transportstyrelsen.se/globalassets/global/sjofart/dokument/sjotrafik_dok/imo_colreg.2_cirkular.pdf?id=58526,Confirm proposing State(s) from MSC 76 report; check for any Yemeni or regional VTS; confirm no amendment since 2003.,,B26,,Legacy lead: re-audit under Stage 2 before use,2026-09-29
TSS-0129,In the southern Red Sea – east of Jabal Zuqar Island,B-IV/5,Indian Ocean and adjacent waters,TSS-0095,B19,One-to-one name reconciliation,Unresolved,,,,,,No VTS source retrieved.,Unresolved,,,No reporting system identified.,,As TSS-0094.,https://www.transportstyrelsen.se/globalassets/global/sjofart/dokument/sjotrafik_dok/imo_colreg.2_cirkular.pdf?id=58526,As TSS-0094.,,B26,,Legacy lead: re-audit under Stage 2 before use,2026-09-29
TSS-0130,In the Strait of Bab el Mandeb,B-IV/6,Indian Ocean and adjacent waters,TSS-0096,B20,One-to-one name reconciliation,Unresolved,,,,,,"No VTS covering the strait was found in any primary source (Yemen, Djibouti). Searches returned only commentary.",Unresolved,,,No IMO-adopted mandatory ship reporting system found for Bab el Mandeb. No national mandatory reporting evidenced.,,,"https://wwwcdn.imo.org/localresources/en/KnowledgeCentre/IndexofIMOResolutions/AssemblyDocuments/A.284(8).pdf
https://www.transportstyrelsen.se/globalassets/global/sjofart/dokument/sjotrafik_dok/imo_colreg.2_cirkular.pdf?id=58526
https://www.liscr.com/marketing/liscr/media/liscr/online%20library/maritime/msb-14_2026.pdf","Confirm any VTS at Perim/Djibouti; confirm VRA extent from UKMTO/MSCIO primary page (403). Current edition of IMO Ships' Routeing and UKHO ANM Section 17 not retrieved (UKHO download returned HTTP 500), so later amendments or revocations after the cited circular cannot be excluded.",,B26,,Legacy lead: re-audit under Stage 2 before use,2026-09-29
TSS-0131,Off Ras al Hadd,B-IV/7,Indian Ocean and adjacent waters,TSS-0097,B20,One-to-one name reconciliation,Unresolved,,,,,,No Omani VTS covering the Ras al Hadd TSS found in a primary source. Oman port VTS (e.g. nearby Sur/Qalhat) not evidenced to cover the scheme.,Unresolved,,,No IMO-adopted mandatory ship reporting system found; no Omani national mandatory reporting evidenced.,,,"https://www.transportstyrelsen.se/globalassets/global/sjofart/dokument/sjotrafik_dok/imo_colreg.2_cirkular.pdf?id=58526
https://www.liscr.com/marketing/liscr/media/liscr/online%20library/maritime/msb-14_2026.pdf","Oman Ministry of Transport VTS list not found online. Current edition of IMO Ships' Routeing and UKHO ANM Section 17 not retrieved (UKHO download returned HTTP 500), so later amendments or revocations after the cited circular cannot be excluded.",,B27,,Legacy lead: re-audit under Stage 2 before use,2026-09-29
TSS-0132,Off Ra’s al Kuh,B-IV/8,Indian Ocean and adjacent waters,TSS-0098,B20,One-to-one name reconciliation,Unresolved,,,,,,No Iranian VTS evidenced as covering this scheme. Bandar Abbas VTS (Iran PMO) is a lead for the Hormuz area only and is not linked to Ra's al Kuh.,Unresolved,,,No IMO-adopted mandatory reporting system found; no national requirement evidenced.,,,"https://www.transportstyrelsen.se/globalassets/global/sjofart/dokument/sjotrafik_dok/imo_colreg.2_cirkular.pdf?id=58526
https://www.liscr.com/marketing/liscr/media/liscr/online%20library/maritime/msb-14_2026.pdf","Confirm proposing Government from MSC 78 report or Ships' Routeing. Current edition of IMO Ships' Routeing and UKHO ANM Section 17 not retrieved (UKHO download returned HTTP 500), so later amendments or revocations after the cited circular cannot be excluded.",,B27,,Legacy lead: re-audit under Stage 2 before use,2026-09-29
TSS-0133,In the Strait of Hormuz,B-IV/9,Indian Ocean and adjacent waters,TSS-0099,B20,One-to-one name reconciliation,Unresolved,,,,,Bandar Abbas VTS (Vessel Traffic Centre),"No primary source establishing a VTS covering the IMO Hormuz TSS. Lead: search snippet (puertos.es document, HTTP 403) says Bandar Abbas VTC requires contact on VHF 13 before entering local 'TSS (area A/B)' between Larak, Hormuz and Qeshm, which appear to be port-approach lanes rather than the IMO scheme. Omani radar monitoring from Musandam is a press lead only.",Unresolved,,,No IMO-adopted mandatory ship reporting system for the Strait of Hormuz found. Flag-State guidance recommends voluntary security reporting only.,,Conflict-affected (2026); security level 3 advised by at least one flag State for Liberian ships. Recorded neutrally.,"https://www.imo.org/en/mediacentre/hottopics/pages/middle-east-strait-of-hormuz.aspx
https://wwwcdn.imo.org/localresources/en/KnowledgeCentre/IndexofIMOResolutions/AssemblyDocuments/A.284(8).pdf
https://www.transportstyrelsen.se/globalassets/global/sjofart/dokument/sjotrafik_dok/imo_colreg.2_cirkular.pdf?id=58526
https://www.liscr.com/marketing/liscr/media/liscr/online%20library/maritime/msb-14_2026.pdf","Obtain Oman NAVAREA IX notices on temporary routes and any Omani/Iranian VTS covering the TSS; puertos.es document on Bandar Abbas VTS blocked (403). Current edition of IMO Ships' Routeing and UKHO ANM Section 17 not retrieved (UKHO download returned HTTP 500), so later amendments or revocations after the cited circular cannot be excluded.",,B27,,Legacy lead: re-audit under Stage 2 before use,2026-09-29
TSS-0134,Tunb–Farur,B-IV/10,Indian Ocean and adjacent waters,TSS-0100,B20,One-to-one name reconciliation,Unresolved,,,,,,No VTS evidenced as covering the scheme.,Unresolved,,,No IMO-adopted mandatory reporting found; none evidenced nationally.,,,"https://wwwcdn.imo.org/localresources/en/KnowledgeCentre/IndexofIMOResolutions/AssemblyDocuments/A.284(8).pdf
https://www.liscr.com/marketing/liscr/media/liscr/online%20library/maritime/msb-14_2026.pdf","Confirm current status (Ships' Routeing Part B). Current edition of IMO Ships' Routeing and UKHO ANM Section 17 not retrieved (UKHO download returned HTTP 500), so later amendments or revocations after the cited circular cannot be excluded.",,B27,,Legacy lead: re-audit under Stage 2 before use,2026-09-29
TSS-0135,Between Zaqqum and Umm Shaif,B-IV/11,Indian Ocean and adjacent waters,TSS-0101,B21,One-to-one name reconciliation,Unresolved,,,,,Das VTIS,"ADNOC Harbour Master (Port of Das, Zirku & Mubarraz) notice on traffic within the Zaqqum TSS instructs vessels to maintain a listening watch on VHF 23 (Das VTIS) and to inform Das VTIS. Notice is temporary (2023 pipe-laying) so full VTS area limits are not stated.",Unresolved,,,"No IMO-adopted or national mandatory reporting system evidenced for the scheme; Das VTIS reporting duties are within the VTS, not a separate system.",,,"https://www.transportstyrelsen.se/globalassets/global/sjofart/dokument/sjotrafik_dok/imo_colreg.2_cirkular.pdf?id=58526
https://ppa.adnoc.ae/-/media/ppa/files/marine-notices/local-marine-notices/das/2023/marine-notice-019-2023---pipe-laying-operation---traffic-arrangement-in-zaqqum-tss.ashx
https://www.liscr.com/marketing/liscr/media/liscr/online%20library/maritime/msb-14_2026.pdf","Obtain a standing ADNOC PPA document describing the Das VTIS area; confirm UAE notification date of implementation. Current edition of IMO Ships' Routeing and UKHO ANM Section 17 not retrieved (UKHO download returned HTTP 500), so later amendments or revocations after the cited circular cannot be excluded.",,B27,,Legacy lead: re-audit under Stage 2 before use,2026-09-29
TSS-0136,In the approaches to Ras Tanura and Ju’aymah,B-IV/12,Indian Ocean and adjacent waters,TSS-0102,B21,One-to-one name reconciliation,Unresolved,,,,,Ras Tanura Port Control (Saudi Aramco VTMS),"Lead only: Saudi Aramco Ports and Terminals documents (search snippets) mention Ras Tanura Port Control on VHF 10/16 and a Vessel Traffic Management System at Ju'aymah, but every Aramco PDF returned 404/403 so coverage of the TSS could not be verified.",Unresolved,,,No IMO-adopted mandatory reporting system found; port reporting requirements not verified.,,,"https://wwwcdn.imo.org/localresources/en/KnowledgeCentre/IndexofIMOResolutions/AssemblyDocuments/A.284(8).pdf
https://wwwcdn.imo.org/localresources/en/KnowledgeCentre/IndexofIMOResolutions/AssemblyDocuments/A.338%289%29.pdf
https://www.liscr.com/marketing/liscr/media/liscr/online%20library/maritime/msb-14_2026.pdf","Aramco 'Port of Ras Tanura' and Ju'aymah terminal PDFs would not load (404/403, HTTP/2 errors). Current edition of IMO Ships' Routeing and UKHO ANM Section 17 not retrieved (UKHO download returned HTTP 500), so later amendments or revocations after the cited circular cannot be excluded.",,B28,,Legacy lead: re-audit under Stage 2 before use,2026-09-29
TSS-0137,Marjan/Zuluf,B-IV/13,Indian Ocean and adjacent waters,TSS-0103,B21,One-to-one name reconciliation,Unresolved,,,,,,No VTS evidenced as covering the scheme; Saudi Aramco documents could not be retrieved.,Unresolved,,,No IMO-adopted or national mandatory reporting evidenced.,,,"https://www.transportstyrelsen.se/globalassets/global/sjofart/dokument/sjotrafik_dok/imo_colreg.2_cirkular.pdf?id=58526
https://www.liscr.com/marketing/liscr/media/liscr/online%20library/maritime/msb-14_2026.pdf","Current edition of IMO Ships' Routeing and UKHO ANM Section 17 not retrieved (UKHO download returned HTTP 500), so later amendments or revocations after the cited circular cannot be excluded.",,B28,,Legacy lead: re-audit under Stage 2 before use,2026-09-29
TSS-0138,Approaches to the port of Ra’s al Khafji,B-IV/14,Indian Ocean and adjacent waters,TSS-0104,B21,One-to-one name reconciliation,Unresolved,,,,,,No VTS evidenced (Al-Khafji Joint Operations port control not found in a primary source).,Unresolved,,,No IMO-adopted or national mandatory reporting evidenced.,,,"https://www.transportstyrelsen.se/globalassets/global/sjofart/dokument/sjotrafik_dok/imo_colreg.2_cirkular.pdf?id=58526
https://cimrc.shmtu.edu.cn/_upload/article/files/63/dc/35c66be74d12873254dc88a2ef00/aa83707e-76b8-4c8b-b69d-ff9f9a86bd6c.pdf
https://www.liscr.com/marketing/liscr/media/liscr/online%20library/maritime/msb-14_2026.pdf","Khafji lies near the former Saudi-Kuwaiti Divided/Neutral Zone; operator arrangements not checked. Current edition of IMO Ships' Routeing and UKHO ANM Section 17 not retrieved (UKHO download returned HTTP 500), so later amendments or revocations after the cited circular cannot be excluded.",,B28,,Legacy lead: re-audit under Stage 2 before use,2026-09-29
TSS-0139,North scheme I,B-IV/15,Indian Ocean and adjacent waters,TSS-0105,B21,Manual reconciliation; split from grouped legacy row,Unresolved,,,,,,"No VTS evidenced; port information sites (lead only) say marine operations are run by the Kuwait Oil Company harbour master, without VTS coverage details.",Unresolved,,,No IMO-adopted or national mandatory reporting evidenced.,,,"https://www.transportstyrelsen.se/globalassets/global/sjofart/dokument/sjotrafik_dok/imo_colreg.2_cirkular.pdf?id=58526
https://www.liscr.com/marketing/liscr/media/liscr/online%20library/maritime/msb-14_2026.pdf","Kuwait Ports Authority / KOC port regulations not found online. Current edition of IMO Ships' Routeing and UKHO ANM Section 17 not retrieved (UKHO download returned HTTP 500), so later amendments or revocations after the cited circular cannot be excluded.",Legacy finding was made at the grouped-heading level; confirm it applies to this individual TSS.,B28,,Legacy lead: re-audit under Stage 2 before use,2026-09-29
TSS-0140,North scheme II,B-IV/15,Indian Ocean and adjacent waters,TSS-0105,B21,Manual reconciliation; split from grouped legacy row,Unresolved,,,,,,"No VTS evidenced; port information sites (lead only) say marine operations are run by the Kuwait Oil Company harbour master, without VTS coverage details.",Unresolved,,,No IMO-adopted or national mandatory reporting evidenced.,,,"https://www.transportstyrelsen.se/globalassets/global/sjofart/dokument/sjotrafik_dok/imo_colreg.2_cirkular.pdf?id=58526
https://www.liscr.com/marketing/liscr/media/liscr/online%20library/maritime/msb-14_2026.pdf","Kuwait Ports Authority / KOC port regulations not found online. Current edition of IMO Ships' Routeing and UKHO ANM Section 17 not retrieved (UKHO download returned HTTP 500), so later amendments or revocations after the cited circular cannot be excluded.",Legacy finding was made at the grouped-heading level; confirm it applies to this individual TSS.,B28,,Legacy lead: re-audit under Stage 2 before use,2026-09-29
TSS-0141,South scheme,B-IV/15,Indian Ocean and adjacent waters,TSS-0105,B21,Manual reconciliation; split from grouped legacy row,Unresolved,,,,,,"No VTS evidenced; port information sites (lead only) say marine operations are run by the Kuwait Oil Company harbour master, without VTS coverage details.",Unresolved,,,No IMO-adopted or national mandatory reporting evidenced.,,,"https://www.transportstyrelsen.se/globalassets/global/sjofart/dokument/sjotrafik_dok/imo_colreg.2_cirkular.pdf?id=58526
https://www.liscr.com/marketing/liscr/media/liscr/online%20library/maritime/msb-14_2026.pdf","Kuwait Ports Authority / KOC port regulations not found online. Current edition of IMO Ships' Routeing and UKHO ANM Section 17 not retrieved (UKHO download returned HTTP 500), so later amendments or revocations after the cited circular cannot be excluded.",Legacy finding was made at the grouped-heading level; confirm it applies to this individual TSS.,B29,,Legacy lead: re-audit under Stage 2 before use,2026-09-29
TSS-0142,Off Dondra Head,B-IV/16,Indian Ocean and adjacent waters,TSS-0106,B22,One-to-one name reconciliation,Unresolved,,,,,,"No VTS covering the TSS found. Sri Lanka Ports Authority VTMS at Colombo (supplier press releases, lead only) is a port system and not evidenced to cover Dondra Head.",Unresolved,,,No IMO-adopted or national mandatory reporting system evidenced.,,,https://www.worldshipping.org/s/MEPC-80-16-3-Call-for-establishment-of-a-new-traffic-separation-scheme-south-of-Sri-Lanka-IWC-ICS-BI.pdf,"Retrieve the 1980 adoption instrument and any Sri Lanka Merchant Shipping Secretariat notice. Current edition of IMO Ships' Routeing and UKHO ANM Section 17 not retrieved (UKHO download returned HTTP 500), so later amendments or revocations after the cited circular cannot be excluded.",,B29,,Legacy lead: re-audit under Stage 2 before use,2026-09-29
TSS-0143,Off Alphard Banks 34 miles south of Cape Infanta,B-IV/17,Indian Ocean and adjacent waters,TSS-0090,B18,One-to-one name reconciliation,Unresolved,,,,,,No VTS evidenced for this offshore area; port VTS services not shown to extend here.,Unresolved,,,"SASAR Regulations 2016 reg. 30 require a ship reporting system to be established (general SAR reporting, not TSS-specific); SAMSA MN 13/2017 imposes reporting for compromised vessels in SA waters. Neither is a TSS reporting system.",,,"https://www.transportstyrelsen.se/globalassets/global/sjofart/dokument/sjotrafik_dok/imo_colreg.2_cirkular.pdf?id=58526
https://www.westpandi.com/globalassets/news/mn-13-of-2017.pdf
https://source.acts.co.za/south-african-maritime-and%20aeronautical-search-and-rescue-act-2002/r604_30__ship_reporting_sy.php",Confirm whether any SAMSA/Transnet VTS or coastal surveillance covers the area; confirm current name and status of the SA ship reporting system (SAFREP lead).,,B29,,Legacy lead: re-audit under Stage 2 before use,2026-09-29
TSS-0144,Off the FA platform 47 miles south of Mossel Bay,B-IV/18,Indian Ocean and adjacent waters,TSS-0091,B19,One-to-one name reconciliation,Unresolved,,,,,,No VTS evidenced; Mossel Bay port services not shown to cover a scheme 47 NM offshore.,Unresolved,,,As TSS-0090.,,,"https://www.transportstyrelsen.se/globalassets/global/sjofart/dokument/sjotrafik_dok/imo_colreg.2_cirkular.pdf?id=58526
https://www.westpandi.com/globalassets/news/mn-13-of-2017.pdf
https://source.acts.co.za/south-african-maritime-and%20aeronautical-search-and-rescue-act-2002/r604_30__ship_reporting_sy.php",Check whether the FA platform remains in place (scheme purpose) and whether South Africa has proposed amendment or revocation.,,B29,,Legacy lead: re-audit under Stage 2 before use,2026-09-29
TSS-0145,At One Fathom Bank,B-V/1,South-East Asia,TSS-0107,B22,One-to-one name reconciliation,VTS + MRS,Klang VTS,Malaysia,Five STRAITREP sectors,VTS-004,,"Scheme spans c. 03°02'.7N to 02°41'N (Circ.44). On the STRAITREP chartlet the Sector 1 (Angsa)/Sector 2 (Jugra) boundary runs at about 02°52'N towards Port Klang, so the scheme lies in Sectors 1 and 2, both 'Klang VTS' (MSC.73(69) para 3.4); VHF 66 (Sector 1) and 88 (Sector 2).",Yes,VRS-0016,STRAITREP,"STRAITREP (MSC.73(69), in force 1 Dec 1998) applies throughout the operational area, which 'includes the routeing system in the Straits of Malacca and Singapore'; reports to the VTS authority for the sector. Sectors 1-2: Klang VTS.",,STRAITREP participants: ships of 300 GT and above; 50 m or more in length; towing/pushing combinations of 300 GT or 50 m; any tonnage carrying hazardous cargo; all VHF-fitted passenger vessels; smaller VHF-fitted vessels using the lanes in an emergency (MSC.73(69) Annex 1 para 1.1).,"https://www.transportstyrelsen.se/globalassets/global/sjofart/dokument/sjotrafik_dok/imo_colreg.2_cirkular.pdf?id=58526
https://www.mpa.gov.sg/api/media/78c165e3-67e4-4da3-9496-c196739374d2/-pc98-65.pdf
https://www.mpa.gov.sg/port-marine-ops/operations/vessel-traffic-information-system/operational-areas
https://file.go.gov.sg/spi2026apr17.pdf","Sector boundaries are published only as chartlets (MSC.73(69) appendices 1-2); allocation is by visual interpretation of the MPA 2026 chartlet against Circ.44 coordinates, not by stated boundary coordinates. Later amendments to the Malacca schemes after 1998 not checked. Operating authority of Klang and Johor VTS (Marine Department Malaysia) not stated in fetched sources; Malaysian sources not retrieved.",,B29,,Legacy lead: re-audit under Stage 2 before use,2026-09-29
TSS-0146,Port Klang to Port Dickson,B-V/2,South-East Asia,TSS-0108,B22,One-to-one name reconciliation,VTS + MRS,Klang VTS,Malaysia,Five STRAITREP sectors,VTS-004,,"Scheme runs c. 02°44'N 101°15'E to 02°24'-02°29'N 101°35'-101°39'E. On the chartlet it lies in Sector 2 (Jugra), with its south-eastern end and the Off Port Dickson precautionary area at or just across the Sector 2/3 boundary off Port Dickson; both sectors are Klang VTS (VHF 88 Sector 2, 84 Sector 3).",Yes,VRS-0016,STRAITREP,"STRAITREP (MSC.73(69), in force 1 Dec 1998) applies throughout the operational area, which 'includes the routeing system in the Straits of Malacca and Singapore'; reports to the VTS authority for the sector. Sectors 2 (mainly) and 3: Klang VTS.",,STRAITREP participants: ships of 300 GT and above; 50 m or more in length; towing/pushing combinations of 300 GT or 50 m; any tonnage carrying hazardous cargo; all VHF-fitted passenger vessels; smaller VHF-fitted vessels using the lanes in an emergency (MSC.73(69) Annex 1 para 1.1).,"https://www.transportstyrelsen.se/globalassets/global/sjofart/dokument/sjotrafik_dok/imo_colreg.2_cirkular.pdf?id=58526
https://www.mpa.gov.sg/api/media/78c165e3-67e4-4da3-9496-c196739374d2/-pc98-65.pdf
https://www.mpa.gov.sg/port-marine-ops/operations/vessel-traffic-information-system/operational-areas
https://file.go.gov.sg/spi2026apr17.pdf","Sector boundaries are published only as chartlets (MSC.73(69) appendices 1-2); allocation is by visual interpretation of the MPA 2026 chartlet against Circ.44 coordinates, not by stated boundary coordinates. Later amendments to the Malacca schemes after 1998 not checked. Operating authority of Klang and Johor VTS (Marine Department Malaysia) not stated in fetched sources; Malaysian sources not retrieved.",,B30,,Legacy lead: re-audit under Stage 2 before use,2026-09-29
TSS-0147,Port Dickson to Tanjung Keling,B-V/3,South-East Asia,TSS-0109,B22,One-to-one name reconciliation,VTS + MRS,Klang VTS,Malaysia,Five STRAITREP sectors,VTS-004,,"Scheme runs c. 02°24'N 101°41'E to 02°03'-02°12'N 101°54'-102°01'E. On the chartlet it lies in Sector 3 (Cape Rachado), Klang VTS, VHF 84; the Off Malacca/Dumai precautionary area at its south-eastern end sits near the Sector 3/4 boundary (Sector 4 also Klang VTS, VHF 61).",Yes,VRS-0016,STRAITREP,"STRAITREP (MSC.73(69), in force 1 Dec 1998) applies throughout the operational area, which 'includes the routeing system in the Straits of Malacca and Singapore'; reports to the VTS authority for the sector. Sector 3: Klang VTS.",,STRAITREP participants: ships of 300 GT and above; 50 m or more in length; towing/pushing combinations of 300 GT or 50 m; any tonnage carrying hazardous cargo; all VHF-fitted passenger vessels; smaller VHF-fitted vessels using the lanes in an emergency (MSC.73(69) Annex 1 para 1.1).,"https://www.transportstyrelsen.se/globalassets/global/sjofart/dokument/sjotrafik_dok/imo_colreg.2_cirkular.pdf?id=58526
https://www.mpa.gov.sg/api/media/78c165e3-67e4-4da3-9496-c196739374d2/-pc98-65.pdf
https://www.mpa.gov.sg/port-marine-ops/operations/vessel-traffic-information-system/operational-areas
https://file.go.gov.sg/spi2026apr17.pdf","Sector boundaries are published only as chartlets (MSC.73(69) appendices 1-2); allocation is by visual interpretation of the MPA 2026 chartlet against Circ.44 coordinates, not by stated boundary coordinates. Later amendments to the Malacca schemes after 1998 not checked. Operating authority of Klang and Johor VTS (Marine Department Malaysia) not stated in fetched sources; Malaysian sources not retrieved.",,B30,,Legacy lead: re-audit under Stage 2 before use,2026-09-29
TSS-0148,Malacca to Iyu Kecil,B-V/4,South-East Asia,TSS-0110,B22,One-to-one name reconciliation,VTS + MRS,Klang VTS; Johor VTS; Singapore VTS,Malaysia; Malaysia; Singapore,Five STRAITREP sectors; One STRAITREP sector; Three STRAITREP sectors,VTS-004; VTS-005; VTS-006,,"Scheme runs c. 02°05'N 102°04'E to 01°09'-01°14'N 103°27'-103°30'E. On the chartlets it crosses Sectors 4 (Undan) and 5 (Segenting) of Klang VTS (VHF 61, 88) and Sector 6 (Piai) of Johor VTS (VHF 88). Its eastern end meets the Tg Piai - Pulau Karimun Kecil line (reporting line, and Sector 6/7 boundary on Appendix 2); by the Circ.44 coordinates the easternmost lane ends lie marginally east of that line, in Sector 7 (Singapore VTS, VHF 73), where the associated Off Sultan Shoal precautionary area also lies. North-western end adjoins the Sector 3/4 boundary.",Yes,VRS-0016,STRAITREP,"STRAITREP (MSC.73(69), in force 1 Dec 1998) applies throughout the operational area, which 'includes the routeing system in the Straits of Malacca and Singapore'; reports to the VTS authority for the sector. Sectors 4-5 Klang VTS, Sector 6 Johor VTS; ships crossing the Tg Piai - Karimun Kecil line report on entering Singapore VTS Sector 7.",,STRAITREP participants: ships of 300 GT and above; 50 m or more in length; towing/pushing combinations of 300 GT or 50 m; any tonnage carrying hazardous cargo; all VHF-fitted passenger vessels; smaller VHF-fitted vessels using the lanes in an emergency (MSC.73(69) Annex 1 para 1.1).,"https://www.transportstyrelsen.se/globalassets/global/sjofart/dokument/sjotrafik_dok/imo_colreg.2_cirkular.pdf?id=58526
https://www.mpa.gov.sg/api/media/78c165e3-67e4-4da3-9496-c196739374d2/-pc98-65.pdf
https://www.mpa.gov.sg/port-marine-ops/operations/vessel-traffic-information-system/operational-areas
https://file.go.gov.sg/spi2026apr17.pdf","Sector boundaries are published only as chartlets (MSC.73(69) appendices 1-2); allocation is by visual interpretation of the MPA 2026 chartlet against Circ.44 coordinates, not by stated boundary coordinates. Later amendments to the Malacca schemes after 1998 not checked. Operating authority of Klang and Johor VTS (Marine Department Malaysia) not stated in fetched sources; Malaysian sources not retrieved. Whether the Singapore VTS link should be treated as scheme coverage or only its terminus is a judgement for the editor.",,B30,,Legacy lead: re-audit under Stage 2 before use,2026-09-29
TSS-0149,In the Singapore Strait (Main Strait),B-V/5,South-East Asia,TSS-0111,B23,One-to-one name reconciliation,VTS + MRS,Singapore VTS,Singapore,Three STRAITREP sectors,VTS-006,,"Scheme spans roughly 103°33'E to 103°50'E. MPA defines Sector 7 as between the Tg Piai to Pulau Karimun Kecil line and 103°44.5'E, and Sector 8 as 103°44.5'E to 104°02.1'E (S3); both are Singapore VTS sectors (S1). West part in Sector 7 (VTIS West, Ch 73), east part in Sector 8 (VTIS Central, Ch 14). Not in Johor VTS Sector 6 or Klang VTS sectors.",Yes,VRS-0016,STRAITREP,"STRAITREP operational area (100°40'E to 104°23'E) expressly includes the routeing system in the Straits (S5, S2); segment wholly within.",,"STRAITREP categories: 300 GT and above; 50 m or more in length; towing/pushing with combined 300 GT or 50 m; any tonnage carrying hazardous cargo; passenger vessels fitted with VHF (S5, S2).","https://www.mpa.gov.sg/port-marine-ops/operations/vessel-traffic-information-system/operational-areas
https://www.mpa.gov.sg/port-marine-ops/operations/vessel-traffic-information-system
https://www.mpa.gov.sg/port-marine-ops/arrivals-and-departures/vessels-arriving-in-singapore
https://file.go.gov.sg/spi2025feb01.pdf
https://wwwcdn.imo.org/localresources/en/KnowledgeCentre/IndexofIMOResolutions/MSCResolutions/MSC.73(69).pdf","Sector boundaries in MSC.73(69) appear only on chartlets; allocation relies on MPA longitudes (S3). Precise western boundary of the scheme relative to the Tg Piai line not plotted, but all scheme coordinates are east of 103°30.75'E.",,B30,,Legacy lead: re-audit under Stage 2 before use,2026-09-29
TSS-0150,Singapore Strait (Off St. John’s Island),B-V/6,South-East Asia,TSS-0112,B23,One-to-one name reconciliation,VTS + MRS,Singapore VTS,Singapore,Three STRAITREP sectors,VTS-006,,"Whole scheme lies between 103°44.5'E and 104°02.1'E, i.e. STRAITREP Sector 8 (VTIS Central, Ch 14), a Singapore VTS sector (S3, S1).",Yes,VRS-0016,STRAITREP,"Within STRAITREP operational area, which includes the routeing system (S5, S2).",,"STRAITREP categories: 300 GT and above; 50 m or more in length; towing/pushing with combined 300 GT or 50 m; any tonnage carrying hazardous cargo; passenger vessels fitted with VHF (S5, S2).","https://www.mpa.gov.sg/port-marine-ops/operations/vessel-traffic-information-system/operational-areas
https://www.mpa.gov.sg/port-marine-ops/operations/vessel-traffic-information-system
https://www.mpa.gov.sg/port-marine-ops/arrivals-and-departures/vessels-arriving-in-singapore
https://file.go.gov.sg/spi2025feb01.pdf
https://wwwcdn.imo.org/localresources/en/KnowledgeCentre/IndexofIMOResolutions/MSCResolutions/MSC.73(69).pdf",None material.,,B30,,Legacy lead: re-audit under Stage 2 before use,2026-09-29
TSS-0151,Singapore Strait (Off Changi/Pulau Batam),B-V/7,South-East Asia,TSS-0113,B23,Manual reconciliation,VTS + MRS,Singapore VTS,Singapore,Three STRAITREP sectors,VTS-006,,"Scheme runs from about 103°53.75'E to 104°03.35'E, crossing the Sector 8/9 boundary at 104°02.1'E (S3): mostly Sector 8 (VTIS Central, Ch 14), eastern tip in Sector 9 (VTIS East, Ch 10). Both Singapore VTS (S1).",Yes,VRS-0016,STRAITREP,"Within STRAITREP operational area (S5, S2).",,"STRAITREP categories: 300 GT and above; 50 m or more in length; towing/pushing with combined 300 GT or 50 m; any tonnage carrying hazardous cargo; passenger vessels fitted with VHF (S5, S2).","https://www.mpa.gov.sg/port-marine-ops/operations/vessel-traffic-information-system/operational-areas
https://www.mpa.gov.sg/port-marine-ops/operations/vessel-traffic-information-system
https://www.mpa.gov.sg/port-marine-ops/arrivals-and-departures/vessels-arriving-in-singapore
https://file.go.gov.sg/spi2025feb01.pdf
https://wwwcdn.imo.org/localresources/en/KnowledgeCentre/IndexofIMOResolutions/MSCResolutions/MSC.73(69).pdf","Associated precautionary area 'Off Tanjung Setapa/Pulau Bintan' extends further east (to about 104°14.9'E), wholly in Sector 9.",,B31,,Legacy lead: re-audit under Stage 2 before use,2026-09-29
TSS-0152,At Horsburgh lighthouse area,B-V/8,South-East Asia,TSS-0114,B23,One-to-one name reconciliation,VTS + MRS,Singapore VTS,Singapore,Three STRAITREP sectors,VTS-006,,"Part coverage only. Western part (104°14.89'E to 104°23.0'E) is in Sector 9 (VTIS East, Ch 10), Singapore VTS (S3, S1). The north-eastern end of the scheme (to about 104°27.8'E) lies east of the 104°23'E STRAITREP limit, where no sector is defined (S2, S3).",Yes,VRS-0016,STRAITREP,"STRAITREP covers the scheme only west of 104°23'E (S2, S5). Horsburgh Lt (104°24.44'E) is itself a STRAITREP reference point just outside the limit; ships approaching from the east report on reaching Sector 9 (S5 para 3).",,"STRAITREP categories: 300 GT and above; 50 m or more in length; towing/pushing with combined 300 GT or 50 m; any tonnage carrying hazardous cargo; passenger vessels fitted with VHF (S5, S2).","https://www.mpa.gov.sg/port-marine-ops/operations/vessel-traffic-information-system/operational-areas
https://www.mpa.gov.sg/port-marine-ops/operations/vessel-traffic-information-system
https://www.mpa.gov.sg/port-marine-ops/arrivals-and-departures/vessels-arriving-in-singapore
https://file.go.gov.sg/spi2025feb01.pdf
https://wwwcdn.imo.org/localresources/en/KnowledgeCentre/IndexofIMOResolutions/MSCResolutions/MSC.73(69).pdf",No evidence found of any VTS or reporting duty for the part of the scheme east of 104°23'E (possible Malaysian or Indonesian coverage not researched).,,B31,,Legacy lead: re-audit under Stage 2 before use,2026-09-29
TSS-0153,In the Sunda Strait,B-V/9,South-East Asia,TSS-0115,B23,One-to-one name reconciliation,VTS + MRS,Merak VTS,"Directorate General of Sea Transportation, Ministry of Transportation, Indonesia",Merak (Banten),VTS-041,,DGST states ships in the Sunda Strait TSS communicate via VHF Ch 22 or 68 with call sign 'Merak VTS' (S7).,Yes,,SUNDAREP (national; mandatory for Indonesian-flag ships only),"SUNDAREP (Sistem Pelaporan dan Informasi Navigasi) is mandatory for all Indonesian-flagged ships transiting or crossing the TSS (S7). National scheme, not IMO-adopted SRS on evidence found.",,Mandatory only for Indonesian-flagged ships; voluntary for foreign ships. SUNDAREP is mandatory only for Indonesian-flag ships; foreign ships are strongly recommended to participate.,"https://bimco.org/media/gusfhkrc/colreg2circ74-new-traffic-separation-schemes-secretariat.pdf
https://hubla.dephub.go.id/home/post/read/7657/berlaku-1-juli-2020-kemenhub-jelaskan-sistem-pelaporan-kapal-di-tss-selat-sunda-dan-selat-lombok
https://hubla.dephub.go.id/home/post/read/5132/pentingnya-bagan-pemisahan-alur-laut-di-selat-sunda-dan-selat-lombok-bagi-indonesia",Text of KM 130/2020 not retrieved; VTS area limits of Merak VTS not retrieved.,,B31,,Legacy lead: re-audit under Stage 2 before use,2026-09-29
TSS-0154,In the Lombok Strait,B-V/10,South-East Asia,TSS-0116,B24,One-to-one name reconciliation,VTS + MRS,Benoa VTS,"Directorate General of Sea Transportation, Ministry of Transportation, Indonesia",Benoa (Bali),VTS-042,,DGST states ships in the Lombok Strait TSS communicate via VHF Ch 16 or 68 with call sign 'Benoa VTS' (S7).,Yes,,LOMBOKREP (national; mandatory for Indonesian-flag ships only),LOMBOKREP mandatory for Indonesian-flagged ships transiting or crossing the TSS (S7).,,Mandatory only for Indonesian-flagged ships; voluntary for foreign ships. LOMBOKREP is mandatory only for Indonesian-flag ships; foreign ships are strongly recommended to participate.,"https://bimco.org/media/gusfhkrc/colreg2circ74-new-traffic-separation-schemes-secretariat.pdf
https://hubla.dephub.go.id/home/post/read/7657/berlaku-1-juli-2020-kemenhub-jelaskan-sistem-pelaporan-kapal-di-tss-selat-sunda-dan-selat-lombok
https://hubla.dephub.go.id/home/post/read/5132/pentingnya-bagan-pemisahan-alur-laut-di-selat-sunda-dan-selat-lombok-bagi-indonesia",Region hint referred to 'Lombok VTS'; the authority names the service Benoa VTS. Lombok annex of COLREG.2/Circ.74 not read in detail.,,B31,,Legacy lead: re-audit under Stage 2 before use,2026-09-29
TSS-0155,Eastern approaches to Victoria Port (Tathong Channel),B-V/11,South-East Asia,TSS-0118,B24,Manual reconciliation,VTS only,Hong Kong Vessel Traffic Service,"Marine Department, HKSAR Government (Vessel Traffic Centre)","Vessel Traffic Centre; VHF sectors Eastern Approaches, Harbour East, Harbour, Western Approaches, Lantau South, Kwai Chung Control Station",VTS-043,,Hong Kong VTS covers all navigable waters of Hong Kong (S9); Tathong Channel Separation Buoy No. 1 is an Eastern Approaches (Ch 12) calling-in point (S10).,Unresolved,,,No separate mandatory SRS found; VTS participation duties recorded under the service.,,As TSS-0117.,"https://www.mardep.gov.hk/en/materials-and-publications/publications/hk-fact-sheet/index.html
https://www.mardep.gov.hk/filemanager/en/share/publications/pdf/materials/vtc_pamphlet.pdf
https://www.mardep.gov.hk/filemanager/en/share/pub-services/pdf/hkwaterlk_guide.pdf
https://www.mardep.gov.hk/filemanager/en/share/pub-services/pdf/vts_vscp.pdf",As TSS-0117.,,B31,,Legacy lead: re-audit under Stage 2 before use,2026-09-29
TSS-0156,Western approaches to Victoria Port (East Lamma Channel),B-V/11,South-East Asia,TSS-0117,B24,Manual reconciliation,VTS only,Hong Kong Vessel Traffic Service,"Marine Department, HKSAR Government (Vessel Traffic Centre)","Vessel Traffic Centre; VHF sectors Eastern Approaches, Harbour East, Harbour, Western Approaches, Lantau South, Kwai Chung Control Station",VTS-043,,"Hong Kong VTS covers all navigable waters of Hong Kong used by sea-going vessels (S9); the TSS lies in Hong Kong waters (S11). Lamma Patch is a calling-in point of the Eastern Approaches sector, Ch 12 (S10).",Unresolved,,,"No separate mandatory ship reporting system found. Mandatory VTS participation (vessels over 300 GT, Cap 313A reg 4) is an ordinary VTS reporting duty recorded under the service (S10).",,VTS participation required for vessels over 300 GT and smaller vessels as directed (Cap 313A reg 4); local vessels under Cap 548F s57 (S10).,"https://www.mardep.gov.hk/en/materials-and-publications/publications/hk-fact-sheet/index.html
https://www.mardep.gov.hk/filemanager/en/share/publications/pdf/materials/vtc_pamphlet.pdf
https://www.mardep.gov.hk/filemanager/en/share/pub-services/pdf/hkwaterlk_guide.pdf
https://www.mardep.gov.hk/filemanager/en/share/pub-services/pdf/vts_vscp.pdf",IMO adoption instrument for Hong Kong schemes not retrieved; Dangan Channel No. 2 precautionary area connects to East Lamma per S14 (lead).,,B32,,Legacy lead: re-audit under Stage 2 before use,2026-09-29
TSS-0157,In the Dangan Channel,B-V/12,South-East Asia,TSS-0119,B24,One-to-one name reconciliation,Unresolved,,,,,"Guangzhou VTS Centre (广州海事局船舶交通管理中心, Pearl River Estuary VTS)",Guangzhou MSA illustrates the TSS with a Guangzhou MSA VTS radar screenshot and directs ships in the TSS to seek assistance from 广州交管中心 on VHF 08/09 (S13). News report (lead) says a 'Dangan' monitoring station began trial operation on 8 April 2026 to bring the TSS under routine VTS control (S14).,Unresolved,,,Pearl River Estuary VTS has 21 reporting lines (S15) but no source places a reporting line or separate SRS on the Dangan TSS.,,,"https://m.thepaper.cn/newsDetail_forward_30326627
https://www.chinanews.com.cn/dwq/2026/04-08/10600653.shtml
https://www.gd.msa.gov.cn/288d370277a13952929caab591b72d65/784a5ef27d1d402db548f019c88978b6.jhtml",COLREG.2/Circ.71 (ics.org.ir copy) failed to load; Guangdong MSA page (S15) does not name Dangan; exact VTS area limits not retrieved; whether Shenzhen VTS has any role not established.,,B32,,Legacy lead: re-audit under Stage 2 before use,2026-09-29
TSS-0158,Off Cape Leeuwin,B-VI/1,Australasia,TSS-0126,B26,Manual reconciliation; split from grouped legacy row,MRS only,,,,,,No VTS found covering the schemes; REEFVTS not relevant. Absence not established. Verification: the AMSA list of authorised VTS providers (Marine Order 64) reportedly contains no provider for the south-west coast. Candidate for Confirmed absent once the page is reviewed directly (it could not be loaded at merge).,Yes,,"MASTREP (Australia, national; foreign ships only between first arrival and final departure)","Scheme lies in Australian waters where MASTREP (national, Navigation Act 2012 and MO 63) applies to specified vessel categories (S21). Not an IMO-adopted SRS.",,"MASTREP mandatory for foreign vessels from arrival at first Australian port until departure from final Australian port, and for regulated Australian vessels in the MASTREP area; reports are automatic via AIS (S21). MASTREP applies to foreign ships only between first arrival and final departure in Australia, so through traffic is outside it.","https://www.amsa.gov.au/safety-navigation/navigating-coastal-waters/offshore-oil-and-gas-exploration
https://www.amsa.gov.au/safety-navigation/navigation-systems/modernised-australian-ship-tracking-and-reporting-system",Australian Notices to Mariners (hydro.gov.au) timed out; Chatham Island component not confirmed from primary source.,Legacy finding was made at the grouped-heading level; confirm it applies to this individual TSS.,B32,,Legacy lead: re-audit under Stage 2 before use,2026-09-29
TSS-0159,Off Chatham Island,B-VI/1,Australasia,TSS-0126,B26,Manual reconciliation; split from grouped legacy row,MRS only,,,,,,No VTS found covering the schemes; REEFVTS not relevant. Absence not established. Verification: the AMSA list of authorised VTS providers (Marine Order 64) reportedly contains no provider for the south-west coast. Candidate for Confirmed absent once the page is reviewed directly (it could not be loaded at merge).,Yes,,"MASTREP (Australia, national; foreign ships only between first arrival and final departure)","Scheme lies in Australian waters where MASTREP (national, Navigation Act 2012 and MO 63) applies to specified vessel categories (S21). Not an IMO-adopted SRS.",,"MASTREP mandatory for foreign vessels from arrival at first Australian port until departure from final Australian port, and for regulated Australian vessels in the MASTREP area; reports are automatic via AIS (S21). MASTREP applies to foreign ships only between first arrival and final departure in Australia, so through traffic is outside it.","https://www.amsa.gov.au/safety-navigation/navigating-coastal-waters/offshore-oil-and-gas-exploration
https://www.amsa.gov.au/safety-navigation/navigation-systems/modernised-australian-ship-tracking-and-reporting-system",Australian Notices to Mariners (hydro.gov.au) timed out; Chatham Island component not confirmed from primary source.,Legacy finding was made at the grouped-heading level; confirm it applies to this individual TSS.,B32,,Legacy lead: re-audit under Stage 2 before use,2026-09-29
TSS-0160,South of Wilson Promontory in the Bass Strait,B-VI/2,Australasia,TSS-0127,B26,One-to-one name reconciliation,MRS only,,,,,,No VTS found; Port Phillip / Victorian port VTS not evidenced to cover it.,Yes,,"MASTREP (Australia, national; foreign ships only between first arrival and final departure)",MASTREP applies to specified categories (S21).,,"MASTREP mandatory for foreign vessels from arrival at first Australian port until departure from final Australian port, and for regulated Australian vessels in the MASTREP area; reports are automatic via AIS (S21).","https://www.amsa.gov.au/safety-navigation/navigating-coastal-waters/offshore-oil-and-gas-exploration
https://www.amsa.gov.au/safety-navigation/navigation-systems/modernised-australian-ship-tracking-and-reporting-system",Australian NtM No. 16 (IMO adopted TSS) would not load.,,B32,,Legacy lead: re-audit under Stage 2 before use,2026-09-29
TSS-0161,In the Bass Strait,B-VI/3,Australasia,TSS-0128,B26,One-to-one name reconciliation,MRS only,,,,,,No VTS found.,Yes,,"MASTREP (Australia, national; foreign ships only between first arrival and final departure)",MASTREP applies to specified categories (S21).,,"MASTREP mandatory for foreign vessels from arrival at first Australian port until departure from final Australian port, and for regulated Australian vessels in the MASTREP area; reports are automatic via AIS (S21).","https://www.amsa.gov.au/safety-navigation/navigating-coastal-waters/offshore-oil-and-gas-exploration
https://www.amsa.gov.au/safety-navigation/navigation-systems/modernised-australian-ship-tracking-and-reporting-system",Confirm scheme name and position from Australian NtM or IMO Ships' Routeing; check duplication with TSS-0127.,,B33,,Legacy lead: re-audit under Stage 2 before use,2026-09-29
TSS-0162,In Prince William Sound,B-VII/1,"North America, Pacific coast",TSS-0129,B26,One-to-one name reconciliation,VTS only,VTS Prince William Sound,US Coast Guard,Valdez centre,VTS-009,,"VTS area is north of the Cape Hinchinbrook Light to Schooner Rock Light line, 146°30'W to 147°20'W (S22); the TSS lanes (60°20.6'N to 60°58.9'N, about 146°46'W to 147°04'W) lie within it, and the Valdez Arm VTS Special Area is defined by the Valdez Arm TSS (S22). The VMRS monitoring area extends south to 60°00'N (S24). The Cape Hinchinbrook precautionary area extends to 59°51.8'N and 146°00'W, partly outside both.",Unresolved,,,"No separate mandatory SRS; VTS reporting points (Cape Hinchinbrook, Naked Island, Bligh Reef, Rocky Point, Entrance Island) are VTS duties under 33 CFR 161 (S22).",,VTS Special Area rules apply to vessels of 1600 GT or more and towing vessels 8 m or more (33 CFR 161.60(d)) (S22).,"https://www.ecfr.gov/current/title-33/part-161/section-161.60
https://www.ecfr.gov/current/title-33/part-167/section-167.1700
https://www.ecfr.gov/current/title-33/part-161/section-161.12",Southern part of Cape Hinchinbrook precautionary area lies outside the VTS and VMRS areas.,,B33,,Legacy lead: re-audit under Stage 2 before use,2026-09-29
TSS-0163,Western approach,B-VII/2,"North America, Pacific coast",TSS-0130,B26,Manual reconciliation; split from grouped legacy row,VTS only,"VTS Puget Sound; Victoria Traffic (CCG MCTS Victoria, Victoria VTS Zone)","US Coast Guard; cooperative US–Canada arrangements; Canadian Coast Guard, Marine Communications and Traffic Services","Seattle centre; cooperative Canadian centres listed separately by USCG; Victoria MCTS Centre; Sector 1 Ch 11, Sector 2 Ch 74, Sector 3 Ch 12, Sector 4 Ch 71; Seattle Traffic Ch 5A for CIPs 1, 3, 5, 8 in Sector 1",VTS-010; VTS-048,,"CVTS for the Juan de Fuca Region: VTS Puget Sound and Canadian centres manage traffic irrespective of the boundary (S25). Seattle Traffic Ch 5A covers US waters east of 124°40'W; Prince Rupert Traffic Ch 74 covers waters west of 124°40'W within 12 nm of Vancouver Island, north of 48°N and east of 125°15'W, which contains the approaches TSS (about 125°00'W to 125°09'W) (S24). Canada's Victoria VTS Zone follows the boundary through Juan de Fuca Strait to 124°40'W; Prince Rupert VTS Zone lies west of 124°40'W to the territorial sea boundary (S27).",Unresolved,,,No IMO SRS found. Canadian sailing plan and position reports (SOR/2025-275) and US VMRS reporting are VTS duties recorded under the services.,,"Canadian VTS Zone rules apply to vessels of 300 GT or more, towing/pushing with combined 500 GT or more, and vessels carrying pollutants or dangerous goods (S27).","https://www.ecfr.gov/current/title-33/part-161/section-161.12
https://www.ecfr.gov/current/title-33/part-161/section-161.55
https://www.ecfr.gov/current/title-33/part-167/section-167.1300
https://laws-lois.justice.gc.ca/eng/regulations/SOR-2025-275/FullText.html","Whether the southern parts of the approaches TSS (south of the international boundary, outside US territorial sea) fall in any VTS area not fully plotted; NAVCEN page not re-fetched.",Legacy finding was made at the grouped-heading level; confirm it applies to this individual TSS.,B33,,Legacy lead: re-audit under Stage 2 before use,2026-09-29
TSS-0164,South-western approach,B-VII/2,"North America, Pacific coast",TSS-0130,B26,Manual reconciliation; split from grouped legacy row,VTS only,"VTS Puget Sound; Victoria Traffic (CCG MCTS Victoria, Victoria VTS Zone)","US Coast Guard; cooperative US–Canada arrangements; Canadian Coast Guard, Marine Communications and Traffic Services","Seattle centre; cooperative Canadian centres listed separately by USCG; Victoria MCTS Centre; Sector 1 Ch 11, Sector 2 Ch 74, Sector 3 Ch 12, Sector 4 Ch 71; Seattle Traffic Ch 5A for CIPs 1, 3, 5, 8 in Sector 1",VTS-010; VTS-048,,"CVTS for the Juan de Fuca Region: VTS Puget Sound and Canadian centres manage traffic irrespective of the boundary (S25). Seattle Traffic Ch 5A covers US waters east of 124°40'W; Prince Rupert Traffic Ch 74 covers waters west of 124°40'W within 12 nm of Vancouver Island, north of 48°N and east of 125°15'W, which contains the approaches TSS (about 125°00'W to 125°09'W) (S24). Canada's Victoria VTS Zone follows the boundary through Juan de Fuca Strait to 124°40'W; Prince Rupert VTS Zone lies west of 124°40'W to the territorial sea boundary (S27).",Unresolved,,,No IMO SRS found. Canadian sailing plan and position reports (SOR/2025-275) and US VMRS reporting are VTS duties recorded under the services.,,"Canadian VTS Zone rules apply to vessels of 300 GT or more, towing/pushing with combined 500 GT or more, and vessels carrying pollutants or dangerous goods (S27).","https://www.ecfr.gov/current/title-33/part-161/section-161.12
https://www.ecfr.gov/current/title-33/part-161/section-161.55
https://www.ecfr.gov/current/title-33/part-167/section-167.1300
https://laws-lois.justice.gc.ca/eng/regulations/SOR-2025-275/FullText.html","Whether the southern parts of the approaches TSS (south of the international boundary, outside US territorial sea) fall in any VTS area not fully plotted; NAVCEN page not re-fetched.",Legacy finding was made at the grouped-heading level; confirm it applies to this individual TSS.,B33,,Legacy lead: re-audit under Stage 2 before use,2026-09-29
TSS-0165,Western lanes,B-VII/2,"North America, Pacific coast",TSS-0130,B26,Manual reconciliation; split from grouped legacy row,VTS only,"VTS Puget Sound; Victoria Traffic (CCG MCTS Victoria, Victoria VTS Zone)","US Coast Guard; cooperative US–Canada arrangements; Canadian Coast Guard, Marine Communications and Traffic Services","Seattle centre; cooperative Canadian centres listed separately by USCG; Victoria MCTS Centre; Sector 1 Ch 11, Sector 2 Ch 74, Sector 3 Ch 12, Sector 4 Ch 71; Seattle Traffic Ch 5A for CIPs 1, 3, 5, 8 in Sector 1",VTS-010; VTS-048,,"CVTS for the Juan de Fuca Region: VTS Puget Sound and Canadian centres manage traffic irrespective of the boundary (S25). Seattle Traffic Ch 5A covers US waters east of 124°40'W; Prince Rupert Traffic Ch 74 covers waters west of 124°40'W within 12 nm of Vancouver Island, north of 48°N and east of 125°15'W, which contains the approaches TSS (about 125°00'W to 125°09'W) (S24). Canada's Victoria VTS Zone follows the boundary through Juan de Fuca Strait to 124°40'W; Prince Rupert VTS Zone lies west of 124°40'W to the territorial sea boundary (S27).",Unresolved,,,No IMO SRS found. Canadian sailing plan and position reports (SOR/2025-275) and US VMRS reporting are VTS duties recorded under the services.,,"Canadian VTS Zone rules apply to vessels of 300 GT or more, towing/pushing with combined 500 GT or more, and vessels carrying pollutants or dangerous goods (S27).","https://www.ecfr.gov/current/title-33/part-161/section-161.12
https://www.ecfr.gov/current/title-33/part-161/section-161.55
https://www.ecfr.gov/current/title-33/part-167/section-167.1300
https://laws-lois.justice.gc.ca/eng/regulations/SOR-2025-275/FullText.html","Whether the southern parts of the approaches TSS (south of the international boundary, outside US territorial sea) fall in any VTS area not fully plotted; NAVCEN page not re-fetched.",Legacy finding was made at the grouped-heading level; confirm it applies to this individual TSS.,B33,,Legacy lead: re-audit under Stage 2 before use,2026-09-29
TSS-0166,Southern lanes,B-VII/2,"North America, Pacific coast",TSS-0130,B26,Manual reconciliation; split from grouped legacy row,VTS only,"VTS Puget Sound; Victoria Traffic (CCG MCTS Victoria, Victoria VTS Zone)","US Coast Guard; cooperative US–Canada arrangements; Canadian Coast Guard, Marine Communications and Traffic Services","Seattle centre; cooperative Canadian centres listed separately by USCG; Victoria MCTS Centre; Sector 1 Ch 11, Sector 2 Ch 74, Sector 3 Ch 12, Sector 4 Ch 71; Seattle Traffic Ch 5A for CIPs 1, 3, 5, 8 in Sector 1",VTS-010; VTS-048,,"CVTS for the Juan de Fuca Region: VTS Puget Sound and Canadian centres manage traffic irrespective of the boundary (S25). Seattle Traffic Ch 5A covers US waters east of 124°40'W; Prince Rupert Traffic Ch 74 covers waters west of 124°40'W within 12 nm of Vancouver Island, north of 48°N and east of 125°15'W, which contains the approaches TSS (about 125°00'W to 125°09'W) (S24). Canada's Victoria VTS Zone follows the boundary through Juan de Fuca Strait to 124°40'W; Prince Rupert VTS Zone lies west of 124°40'W to the territorial sea boundary (S27).",Unresolved,,,No IMO SRS found. Canadian sailing plan and position reports (SOR/2025-275) and US VMRS reporting are VTS duties recorded under the services.,,"Canadian VTS Zone rules apply to vessels of 300 GT or more, towing/pushing with combined 500 GT or more, and vessels carrying pollutants or dangerous goods (S27).","https://www.ecfr.gov/current/title-33/part-161/section-161.12
https://www.ecfr.gov/current/title-33/part-161/section-161.55
https://www.ecfr.gov/current/title-33/part-167/section-167.1300
https://laws-lois.justice.gc.ca/eng/regulations/SOR-2025-275/FullText.html","Whether the southern parts of the approaches TSS (south of the international boundary, outside US territorial sea) fall in any VTS area not fully plotted; NAVCEN page not re-fetched.",Legacy finding was made at the grouped-heading level; confirm it applies to this individual TSS.,B34,,Legacy lead: re-audit under Stage 2 before use,2026-09-29
TSS-0167,Northern lanes,B-VII/2,"North America, Pacific coast",TSS-0130,B26,Manual reconciliation; split from grouped legacy row,VTS only,"VTS Puget Sound; Victoria Traffic (CCG MCTS Victoria, Victoria VTS Zone)","US Coast Guard; cooperative US–Canada arrangements; Canadian Coast Guard, Marine Communications and Traffic Services","Seattle centre; cooperative Canadian centres listed separately by USCG; Victoria MCTS Centre; Sector 1 Ch 11, Sector 2 Ch 74, Sector 3 Ch 12, Sector 4 Ch 71; Seattle Traffic Ch 5A for CIPs 1, 3, 5, 8 in Sector 1",VTS-010; VTS-048,,"CVTS for the Juan de Fuca Region: VTS Puget Sound and Canadian centres manage traffic irrespective of the boundary (S25). Seattle Traffic Ch 5A covers US waters east of 124°40'W; Prince Rupert Traffic Ch 74 covers waters west of 124°40'W within 12 nm of Vancouver Island, north of 48°N and east of 125°15'W, which contains the approaches TSS (about 125°00'W to 125°09'W) (S24). Canada's Victoria VTS Zone follows the boundary through Juan de Fuca Strait to 124°40'W; Prince Rupert VTS Zone lies west of 124°40'W to the territorial sea boundary (S27).",Unresolved,,,No IMO SRS found. Canadian sailing plan and position reports (SOR/2025-275) and US VMRS reporting are VTS duties recorded under the services.,,"Canadian VTS Zone rules apply to vessels of 300 GT or more, towing/pushing with combined 500 GT or more, and vessels carrying pollutants or dangerous goods (S27).","https://www.ecfr.gov/current/title-33/part-161/section-161.12
https://www.ecfr.gov/current/title-33/part-161/section-161.55
https://www.ecfr.gov/current/title-33/part-167/section-167.1300
https://laws-lois.justice.gc.ca/eng/regulations/SOR-2025-275/FullText.html","Whether the southern parts of the approaches TSS (south of the international boundary, outside US territorial sea) fall in any VTS area not fully plotted; NAVCEN page not re-fetched.",Legacy finding was made at the grouped-heading level; confirm it applies to this individual TSS.,B34,,Legacy lead: re-audit under Stage 2 before use,2026-09-29
TSS-0168,Eastern lanes,B-VII/2,"North America, Pacific coast",TSS-0130,B26,Manual reconciliation; split from grouped legacy row,VTS only,"VTS Puget Sound; Victoria Traffic (CCG MCTS Victoria, Victoria VTS Zone)","US Coast Guard; cooperative US–Canada arrangements; Canadian Coast Guard, Marine Communications and Traffic Services","Seattle centre; cooperative Canadian centres listed separately by USCG; Victoria MCTS Centre; Sector 1 Ch 11, Sector 2 Ch 74, Sector 3 Ch 12, Sector 4 Ch 71; Seattle Traffic Ch 5A for CIPs 1, 3, 5, 8 in Sector 1",VTS-010; VTS-048,,"CVTS for the Juan de Fuca Region: VTS Puget Sound and Canadian centres manage traffic irrespective of the boundary (S25). Seattle Traffic Ch 5A covers US waters east of 124°40'W; Prince Rupert Traffic Ch 74 covers waters west of 124°40'W within 12 nm of Vancouver Island, north of 48°N and east of 125°15'W, which contains the approaches TSS (about 125°00'W to 125°09'W) (S24). Canada's Victoria VTS Zone follows the boundary through Juan de Fuca Strait to 124°40'W; Prince Rupert VTS Zone lies west of 124°40'W to the territorial sea boundary (S27).",Unresolved,,,No IMO SRS found. Canadian sailing plan and position reports (SOR/2025-275) and US VMRS reporting are VTS duties recorded under the services.,,"Canadian VTS Zone rules apply to vessels of 300 GT or more, towing/pushing with combined 500 GT or more, and vessels carrying pollutants or dangerous goods (S27).","https://www.ecfr.gov/current/title-33/part-161/section-161.12
https://www.ecfr.gov/current/title-33/part-161/section-161.55
https://www.ecfr.gov/current/title-33/part-167/section-167.1300
https://laws-lois.justice.gc.ca/eng/regulations/SOR-2025-275/FullText.html","Whether the southern parts of the approaches TSS (south of the international boundary, outside US territorial sea) fall in any VTS area not fully plotted; NAVCEN page not re-fetched.",Legacy finding was made at the grouped-heading level; confirm it applies to this individual TSS.,B34,,Legacy lead: re-audit under Stage 2 before use,2026-09-29
TSS-0169,In Puget Sound and its approaches,B-VII/3,"North America, Pacific coast",TSS-0131,B27,Manual reconciliation; split from grouped legacy row,VTS only,"VTS Puget Sound; Victoria Traffic (CCG MCTS Victoria, Victoria VTS Zone)","US Coast Guard; cooperative US–Canada arrangements; Canadian Coast Guard, Marine Communications and Traffic Services","Seattle centre; cooperative Canadian centres listed separately by USCG; Victoria MCTS Centre; Sector 1 Ch 11, Sector 2 Ch 74, Sector 3 Ch 12, Sector 4 Ch 71; Seattle Traffic Ch 5A for CIPs 1, 3, 5, 8 in Sector 1",VTS-010; VTS-048,,"US parts: 33 CFR 161.55 defines the VTS Puget Sound area as US navigable waters of the Salish Sea to the US/Canada boundary, and Table 161.12(c) assigns Seattle Traffic Ch 14 (Puget Sound) and Ch 5A (US Salish Sea incl. Rosario Strait and US side of Haro Strait). Canadian parts: CCG RAMN 2026 Table 3-1 places Canadian waters through Haro Strait, Boundary Pass and the Strait of Georgia in Victoria VTS Zone Sector 1 (Victoria Traffic Ch 11). Both operate within the US/Canadian CVTS; the CVTS northern limit is 49°N, so the Strait of Georgia component north of 49°N is a Canadian-only VTS area.",Unresolved,,,"No IMO-adopted (SOLAS V/11) mandatory ship reporting system found for this area. 33 CFR 161 VMRS reporting (sailing plans, position and final reports) applies, but it is the ordinary participation duty of the VTS and is recorded with the service, not as a separate reporting system. A failed search does not establish absence. Canadian side: Vessel Traffic Services Zones Regulations (SOR/2025-275, replacing SOR/89-98) require sailing plans, including a 24-hour report when entering from outside Canadian waters; again VTS participation reporting.",,"US: VMRS users per 33 CFR 161.16 (power-driven 40 m+, towing vessels 8 m+, passenger vessels certificated for 50+). Eastern San Juan Island Archipelago VTS Special Area rules (Rosario Strait) for vessels 100 m+ / 40,000 DWT+. Canada: vessels 300 GT+, tows 500 GT+ combined, pollutant/dangerous goods carriers; some provisions also to vessels 20 m+ (RAMN s3.5.1).","https://www.ecfr.gov/api/versioner/v1/full/2026-09-01/title-33.xml?part=161
https://www.ecfr.gov/api/versioner/v1/full/2026-09-01/title-33.xml?part=167
https://www.canada.ca/content/dam/ccg-gcc/documents/publications/mcts-sctm/ramn-arnm-2026-eng.pdf
https://www.transportstyrelsen.se/globalassets/global/sjofart/dokument/sjotrafik_dok/imo_colreg.2_cirkular.pdf?id=58526
https://www.navcen.uscg.gov/vessel-traffic-services-locations
https://laws-lois.justice.gc.ca/eng/regulations/SOR-89-98/FullText.html",Confirm whether 33 CFR 161.55 reference to a Vancouver centre is obsolete (RAMN 2026 lists Victoria Traffic only). SOR/2025-275 full text not fetched (only the SOR/89-98 repeal note).,Legacy finding was made at the grouped-heading level; confirm it applies to this individual TSS.,B34,,Legacy lead: re-audit under Stage 2 before use,2026-09-29
TSS-0170,In Haro Strait and Boundary Pass,B-VII/4,"North America, Pacific coast",TSS-0131,B27,Manual reconciliation; split from grouped legacy row,VTS only,"VTS Puget Sound; Victoria Traffic (CCG MCTS Victoria, Victoria VTS Zone)","US Coast Guard; cooperative US–Canada arrangements; Canadian Coast Guard, Marine Communications and Traffic Services","Seattle centre; cooperative Canadian centres listed separately by USCG; Victoria MCTS Centre; Sector 1 Ch 11, Sector 2 Ch 74, Sector 3 Ch 12, Sector 4 Ch 71; Seattle Traffic Ch 5A for CIPs 1, 3, 5, 8 in Sector 1",VTS-010; VTS-048,,"US parts: 33 CFR 161.55 defines the VTS Puget Sound area as US navigable waters of the Salish Sea to the US/Canada boundary, and Table 161.12(c) assigns Seattle Traffic Ch 14 (Puget Sound) and Ch 5A (US Salish Sea incl. Rosario Strait and US side of Haro Strait). Canadian parts: CCG RAMN 2026 Table 3-1 places Canadian waters through Haro Strait, Boundary Pass and the Strait of Georgia in Victoria VTS Zone Sector 1 (Victoria Traffic Ch 11). Both operate within the US/Canadian CVTS; the CVTS northern limit is 49°N, so the Strait of Georgia component north of 49°N is a Canadian-only VTS area.",Unresolved,,,"No IMO-adopted (SOLAS V/11) mandatory ship reporting system found for this area. 33 CFR 161 VMRS reporting (sailing plans, position and final reports) applies, but it is the ordinary participation duty of the VTS and is recorded with the service, not as a separate reporting system. A failed search does not establish absence. Canadian side: Vessel Traffic Services Zones Regulations (SOR/2025-275, replacing SOR/89-98) require sailing plans, including a 24-hour report when entering from outside Canadian waters; again VTS participation reporting.",,"US: VMRS users per 33 CFR 161.16 (power-driven 40 m+, towing vessels 8 m+, passenger vessels certificated for 50+). Eastern San Juan Island Archipelago VTS Special Area rules (Rosario Strait) for vessels 100 m+ / 40,000 DWT+. Canada: vessels 300 GT+, tows 500 GT+ combined, pollutant/dangerous goods carriers; some provisions also to vessels 20 m+ (RAMN s3.5.1).","https://www.ecfr.gov/api/versioner/v1/full/2026-09-01/title-33.xml?part=161
https://www.ecfr.gov/api/versioner/v1/full/2026-09-01/title-33.xml?part=167
https://www.canada.ca/content/dam/ccg-gcc/documents/publications/mcts-sctm/ramn-arnm-2026-eng.pdf
https://www.transportstyrelsen.se/globalassets/global/sjofart/dokument/sjotrafik_dok/imo_colreg.2_cirkular.pdf?id=58526
https://www.navcen.uscg.gov/vessel-traffic-services-locations
https://laws-lois.justice.gc.ca/eng/regulations/SOR-89-98/FullText.html",Confirm whether 33 CFR 161.55 reference to a Vancouver centre is obsolete (RAMN 2026 lists Victoria Traffic only). SOR/2025-275 full text not fetched (only the SOR/89-98 repeal note).,Legacy finding was made at the grouped-heading level; confirm it applies to this individual TSS.,B34,,Legacy lead: re-audit under Stage 2 before use,2026-09-29
TSS-0171,In the Strait of Georgia,B-VII/4,"North America, Pacific coast",TSS-0131,B27,Manual reconciliation; split from grouped legacy row,VTS only,"VTS Puget Sound; Victoria Traffic (CCG MCTS Victoria, Victoria VTS Zone)","US Coast Guard; cooperative US–Canada arrangements; Canadian Coast Guard, Marine Communications and Traffic Services","Seattle centre; cooperative Canadian centres listed separately by USCG; Victoria MCTS Centre; Sector 1 Ch 11, Sector 2 Ch 74, Sector 3 Ch 12, Sector 4 Ch 71; Seattle Traffic Ch 5A for CIPs 1, 3, 5, 8 in Sector 1",VTS-010; VTS-048,,"US parts: 33 CFR 161.55 defines the VTS Puget Sound area as US navigable waters of the Salish Sea to the US/Canada boundary, and Table 161.12(c) assigns Seattle Traffic Ch 14 (Puget Sound) and Ch 5A (US Salish Sea incl. Rosario Strait and US side of Haro Strait). Canadian parts: CCG RAMN 2026 Table 3-1 places Canadian waters through Haro Strait, Boundary Pass and the Strait of Georgia in Victoria VTS Zone Sector 1 (Victoria Traffic Ch 11). Both operate within the US/Canadian CVTS; the CVTS northern limit is 49°N, so the Strait of Georgia component north of 49°N is a Canadian-only VTS area.",Unresolved,,,"No IMO-adopted (SOLAS V/11) mandatory ship reporting system found for this area. 33 CFR 161 VMRS reporting (sailing plans, position and final reports) applies, but it is the ordinary participation duty of the VTS and is recorded with the service, not as a separate reporting system. A failed search does not establish absence. Canadian side: Vessel Traffic Services Zones Regulations (SOR/2025-275, replacing SOR/89-98) require sailing plans, including a 24-hour report when entering from outside Canadian waters; again VTS participation reporting.",,"US: VMRS users per 33 CFR 161.16 (power-driven 40 m+, towing vessels 8 m+, passenger vessels certificated for 50+). Eastern San Juan Island Archipelago VTS Special Area rules (Rosario Strait) for vessels 100 m+ / 40,000 DWT+. Canada: vessels 300 GT+, tows 500 GT+ combined, pollutant/dangerous goods carriers; some provisions also to vessels 20 m+ (RAMN s3.5.1).","https://www.ecfr.gov/api/versioner/v1/full/2026-09-01/title-33.xml?part=161
https://www.ecfr.gov/api/versioner/v1/full/2026-09-01/title-33.xml?part=167
https://www.canada.ca/content/dam/ccg-gcc/documents/publications/mcts-sctm/ramn-arnm-2026-eng.pdf
https://www.transportstyrelsen.se/globalassets/global/sjofart/dokument/sjotrafik_dok/imo_colreg.2_cirkular.pdf?id=58526
https://www.navcen.uscg.gov/vessel-traffic-services-locations
https://laws-lois.justice.gc.ca/eng/regulations/SOR-89-98/FullText.html",Confirm whether 33 CFR 161.55 reference to a Vancouver centre is obsolete (RAMN 2026 lists Victoria Traffic only). SOR/2025-275 full text not fetched (only the SOR/89-98 repeal note).,Legacy finding was made at the grouped-heading level; confirm it applies to this individual TSS.,B35,,Legacy lead: re-audit under Stage 2 before use,2026-09-29
TSS-0172,Off San Francisco,B-VII/5,"North America, Pacific coast",TSS-0132,B27,One-to-one name reconciliation,VTS only,VTS San Francisco,US Coast Guard,Yerba Buena Island centre,VTS-011,,"33 CFR 161.50 VTS area includes seaward approaches within a 38 nm radius of Mount Tamalpais. Table 161.12(c) expressly includes the San Francisco Offshore Precautionary Area (Ch 14) and the offshore waters within 38 nm (Ch 12). All 33 CFR 167.401-406 coordinates lie within about 30 nm of Mount Tamalpais (computed), so the whole scheme is within the VTS area.",Unresolved,,,"No IMO-adopted (SOLAS V/11) mandatory ship reporting system found for this area. 33 CFR 161 VMRS reporting (sailing plans, position and final reports) applies, but it is the ordinary participation duty of the VTS and is recorded with the service, not as a separate reporting system. A failed search does not establish absence.",Yes: Offshore Vessel Movement Reporting System (OVMRS),"VMRS users per 33 CFR 161.16 (power-driven 40 m+, towing vessels 8 m+, passenger vessels certificated for 50+).","https://www.navcen.uscg.gov/vessel-traffic-services-locations
https://www.ecfr.gov/api/versioner/v1/full/2026-09-01/title-33.xml?part=161
https://www.ecfr.gov/api/versioner/v1/full/2026-09-01/title-33.xml?part=167",OVMRS geographic extent not stated on NAVCEN page; not confirmed whether it extends beyond the 38 nm VTS area.,,B35,,Legacy lead: re-audit under Stage 2 before use,2026-09-29
TSS-0173,In the Santa Barbara Channel,B-VII/6,"North America, Pacific coast",TSS-0133,B27,Manual reconciliation; split from grouped legacy row,Unresolved,,,,,VTS Los Angeles–Long Beach,"Legacy research: only the south-east end of the Santa Barbara Channel TSS (near Point Vicente) is within the VTS Los Angeles-Long Beach VMRS radius; the rest is 53 to 135 nm away. Partial only, so not carried as confirmed.",Unresolved,,,"No IMO-adopted (SOLAS V/11) mandatory ship reporting system found for this area. 33 CFR 161 VMRS reporting (sailing plans, position and final reports) applies, but it is the ordinary participation duty of the VTS and is recorded with the service, not as a separate reporting system. A failed search does not establish absence. No reporting system for the Santa Barbara Channel part was evidenced.",,VMRS users per 33 CFR 161.16; Table 161.12(c) footnote exempts Los Angeles/Long Beach from the AIS-based requirement linked to MMSI areas.,"https://www.navcen.uscg.gov/vessel-traffic-services-locations
https://www.ecfr.gov/api/versioner/v1/full/2026-09-01/title-33.xml?part=161
https://www.ecfr.gov/api/versioner/v1/full/2026-09-01/title-33.xml?part=167
https://www.transportstyrelsen.se/globalassets/global/sjofart/dokument/sjotrafik_dok/imo_colreg.2_cirkular.pdf?id=58526",Whether the Marine Exchange provides any information service in the Santa Barbara Channel outside the 25 nm VMRS area not checked.,,B35,,Legacy lead: re-audit under Stage 2 before use,2026-09-29
TSS-0174,In the approaches to Los Angeles – Long Beach,B-VII/7,"North America, Pacific coast",TSS-0133,B27,Manual reconciliation; split from grouped legacy row,VTS only,VTS Los Angeles–Long Beach,US Coast Guard and Marine Exchange of Southern California,San Pedro joint centre,VTS-012,,"Legacy research: the LA/LB approaches fall within the 25 nm VMRS radius of Point Fermin, except the tip of the southern approach (about 25.7 nm).",Unresolved,,,"No IMO-adopted (SOLAS V/11) mandatory ship reporting system found for this area. 33 CFR 161 VMRS reporting (sailing plans, position and final reports) applies, but it is the ordinary participation duty of the VTS and is recorded with the service, not as a separate reporting system. A failed search does not establish absence. No reporting system for the Santa Barbara Channel part was evidenced.",,VMRS users per 33 CFR 161.16; Table 161.12(c) footnote exempts Los Angeles/Long Beach from the AIS-based requirement linked to MMSI areas.,"https://www.navcen.uscg.gov/vessel-traffic-services-locations
https://www.ecfr.gov/api/versioner/v1/full/2026-09-01/title-33.xml?part=161
https://www.ecfr.gov/api/versioner/v1/full/2026-09-01/title-33.xml?part=167
https://www.transportstyrelsen.se/globalassets/global/sjofart/dokument/sjotrafik_dok/imo_colreg.2_cirkular.pdf?id=58526",Whether the Marine Exchange provides any information service in the Santa Barbara Channel outside the 25 nm VMRS area not checked.,,B35,,Legacy lead: re-audit under Stage 2 before use,2026-09-29
TSS-0175,In the approaches to Salina Cruz,B-VII/8,"North America, Pacific coast",TSS-0134,B27,One-to-one name reconciliation,Unresolved,,,,,Salina Cruz Port Vessel Traffic Supervisor,IMO texts (1994/1995) state that ship movement in the port area is supervised by a Port Vessel Traffic Supervisor 24 h and ships using the TSS are requested to contact it on VHF Ch 6. This is historic and does not confirm a current VTS; no current SEMAR/Capitanía source found.,Unresolved,,,No mandatory reporting system evidenced; the IMO note is a request to contact the supervisor (voluntary).,,Southern approach recommended for ships over 500 GT; south-western approach for tankers to/from the SPMs or oil terminal.,"https://www.transportstyrelsen.se/globalassets/global/sjofart/dokument/sjotrafik_dok/imo_colreg.2_cirkular.pdf?id=58526
https://wwwcdn.imo.org/localresources/en/KnowledgeCentre/IndexofIMOResolutions/AssemblyDocuments/A.827(19).pdf",Need current SEMAR / Capitanía de Puerto de Salina Cruz source on any VTS (a gob.mx port PDF was image-only and unreadable).,,B35,,Legacy lead: re-audit under Stage 2 before use,2026-09-29
TSS-0176,Gulf of Panama,B-VIII/1,"South America, Pacific coast",TSS-0161,B33,Manual reconciliation; split from grouped legacy row,Unresolved,,,,,Flamenco Signal Station (Panama Canal Authority),ACP Flamenco Signal Station coordinates Pacific anchorage entry/exit and harbour movements (N-2-2026). It is not designated a VTS and no source states coverage of the TSS. Parts 2 and 3 are far west of Canal waters.,Unresolved,,,"Applies to Part 1 approach only: vessels must notify Flamenco Signal Station on Ch 12 at 8 NM from the Pacific Sea Buoy ('about 11 Nautical Miles from Flamenco Island'), which is roughly at the northern (inner) end of the Gulf of Panama lanes (8°44.7′N to 8°46′N). Not applicable to Parts 2 and 3.",,"Seasonal 10 kn whale speed restriction in both Gulf of Panama lanes (ACP A-24-2026). Approach reports to the Panama Canal Authority signal stations are port and canal arrival reporting. Recorded as an applicability note, not as a separate mandatory reporting scheme.","https://www.panamashipregistry.com/wp-content/uploads/2019/08/COLREG-2-Circ-65.pdf
https://pancanal.com/wp-content/uploads/2026/04/ADV-24-2026-Speed-Restriction-in-Traffic-Separation-Scheme-on-the-Pacific-Approach-to-the-Panama-Canal.pdf
https://pancanal.com/wp-content/uploads/2021/08/N02-2026-Harbor-Operations_BMV.pdf",Confirm whether AMP operates any coastal VTS covering Parts 2 and 3; confirm exact position of Pacific Sea Buoy relative to TSS northern end.,Legacy finding was made at the grouped-heading level; confirm it applies to this individual TSS.,B36,,Legacy lead: re-audit under Stage 2 before use,2026-09-29
TSS-0177,Morro de Puercos,B-VIII/1,"South America, Pacific coast",TSS-0161,B33,Manual reconciliation; split from grouped legacy row,Unresolved,,,,,Flamenco Signal Station (Panama Canal Authority),ACP Flamenco Signal Station coordinates Pacific anchorage entry/exit and harbour movements (N-2-2026). It is not designated a VTS and no source states coverage of the TSS. Parts 2 and 3 are far west of Canal waters.,Unresolved,,,"Applies to Part 1 approach only: vessels must notify Flamenco Signal Station on Ch 12 at 8 NM from the Pacific Sea Buoy ('about 11 Nautical Miles from Flamenco Island'), which is roughly at the northern (inner) end of the Gulf of Panama lanes (8°44.7′N to 8°46′N). Not applicable to Parts 2 and 3.",,"Seasonal 10 kn whale speed restriction in both Gulf of Panama lanes (ACP A-24-2026). Approach reports to the Panama Canal Authority signal stations are port and canal arrival reporting. Recorded as an applicability note, not as a separate mandatory reporting scheme.","https://www.panamashipregistry.com/wp-content/uploads/2019/08/COLREG-2-Circ-65.pdf
https://pancanal.com/wp-content/uploads/2026/04/ADV-24-2026-Speed-Restriction-in-Traffic-Separation-Scheme-on-the-Pacific-Approach-to-the-Panama-Canal.pdf
https://pancanal.com/wp-content/uploads/2021/08/N02-2026-Harbor-Operations_BMV.pdf",Confirm whether AMP operates any coastal VTS covering Parts 2 and 3; confirm exact position of Pacific Sea Buoy relative to TSS northern end.,Legacy finding was made at the grouped-heading level; confirm it applies to this individual TSS.,B36,,Legacy lead: re-audit under Stage 2 before use,2026-09-29
TSS-0178,Isla Jicarita,B-VIII/1,"South America, Pacific coast",TSS-0161,B33,Manual reconciliation; split from grouped legacy row,Unresolved,,,,,Flamenco Signal Station (Panama Canal Authority),ACP Flamenco Signal Station coordinates Pacific anchorage entry/exit and harbour movements (N-2-2026). It is not designated a VTS and no source states coverage of the TSS. Parts 2 and 3 are far west of Canal waters.,Unresolved,,,"Applies to Part 1 approach only: vessels must notify Flamenco Signal Station on Ch 12 at 8 NM from the Pacific Sea Buoy ('about 11 Nautical Miles from Flamenco Island'), which is roughly at the northern (inner) end of the Gulf of Panama lanes (8°44.7′N to 8°46′N). Not applicable to Parts 2 and 3.",,"Seasonal 10 kn whale speed restriction in both Gulf of Panama lanes (ACP A-24-2026). Approach reports to the Panama Canal Authority signal stations are port and canal arrival reporting. Recorded as an applicability note, not as a separate mandatory reporting scheme.","https://www.panamashipregistry.com/wp-content/uploads/2019/08/COLREG-2-Circ-65.pdf
https://pancanal.com/wp-content/uploads/2026/04/ADV-24-2026-Speed-Restriction-in-Traffic-Separation-Scheme-on-the-Pacific-Approach-to-the-Panama-Canal.pdf
https://pancanal.com/wp-content/uploads/2021/08/N02-2026-Harbor-Operations_BMV.pdf",Confirm whether AMP operates any coastal VTS covering Parts 2 and 3; confirm exact position of Pacific Sea Buoy relative to TSS northern end.,Legacy finding was made at the grouped-heading level; confirm it applies to this individual TSS.,B36,,Legacy lead: re-audit under Stage 2 before use,2026-09-29
TSS-0179,Landfall and approaches to Talara Bay,B-VIII/2,"South America, Pacific coast",TSS-0135,B27,One-to-one name reconciliation,Unresolved,,,,,,No current primary Peruvian source found establishing a VTS covering this TSS or its approach. DICAPI resolutions checked (anchorages) do not mention a VTS.,Unresolved,,,"No IMO-adopted or national mandatory ship reporting system specific to this area evidenced. Lead: SIMTRAC (Supreme Decree 008-2011-DE) is a DICAPI monitoring system requiring positioning devices, found only via search results; not treated as a reporting system.",,,"https://cimrc.shmtu.edu.cn/_upload/article/files/63/dc/35c66be74d12873254dc88a2ef00/4e997831-d3e8-440e-962a-5d1aaac44e37.pdf
https://www.transportstyrelsen.se/globalassets/global/sjofart/dokument/sjotrafik_dok/imo_colreg.2_cirkular.pdf?id=58526",No DICAPI/Capitanía de Talara VTS source found.,,B36,,Legacy lead: re-audit under Stage 2 before use,2026-09-29
TSS-0180,Landfall and approaches to Paita Bay,B-VIII/3,"South America, Pacific coast",TSS-0136,B28,Manual reconciliation,Unresolved,,,,,,No current primary Peruvian source found establishing a VTS covering this TSS or its approach. DICAPI resolutions checked (anchorages) do not mention a VTS.,Unresolved,,,"No IMO-adopted or national mandatory ship reporting system specific to this area evidenced. Lead: SIMTRAC (Supreme Decree 008-2011-DE) is a DICAPI monitoring system requiring positioning devices, found only via search results; not treated as a reporting system.",,,"https://www.transportstyrelsen.se/globalassets/global/sjofart/dokument/sjotrafik_dok/imo_colreg.2_cirkular.pdf?id=58526
https://nippon.zaidan.info/seikabutsu/1999/00484/contents/225.htm",No DICAPI/Capitanía de Paita VTS source found.,,B36,,Legacy lead: re-audit under Stage 2 before use,2026-09-29
TSS-0181,Landfall off Puerto Salaverry,B-VIII/4,"South America, Pacific coast",TSS-0137,B28,One-to-one name reconciliation,Unresolved,,,,,,No current primary Peruvian source found establishing a VTS covering this TSS or its approach. DICAPI resolutions checked (anchorages) do not mention a VTS.,Unresolved,,,"No IMO-adopted or national mandatory ship reporting system specific to this area evidenced. Lead: SIMTRAC (Supreme Decree 008-2011-DE) is a DICAPI monitoring system requiring positioning devices, found only via search results; not treated as a reporting system.",,,"https://cimrc.shmtu.edu.cn/_upload/article/files/63/dc/35c66be74d12873254dc88a2ef00/4e997831-d3e8-440e-962a-5d1aaac44e37.pdf
https://www.transportstyrelsen.se/globalassets/global/sjofart/dokument/sjotrafik_dok/imo_colreg.2_cirkular.pdf?id=58526",No VTS source for Salaverry found.,,B37,,Legacy lead: re-audit under Stage 2 before use,2026-09-29
TSS-0182,Landfall and approaches to Ferrol Bay (Puerto Chimbote),B-VIII/5,"South America, Pacific coast",TSS-0138,B28,One-to-one name reconciliation,Unresolved,,,,,,No current primary Peruvian source found establishing a VTS covering this TSS or its approach. DICAPI resolutions checked (anchorages) do not mention a VTS.,Unresolved,,,"No IMO-adopted or national mandatory ship reporting system specific to this area evidenced. Lead: SIMTRAC (Supreme Decree 008-2011-DE) is a DICAPI monitoring system requiring positioning devices, found only via search results; not treated as a reporting system.",,,"https://cimrc.shmtu.edu.cn/_upload/article/files/63/dc/35c66be74d12873254dc88a2ef00/4e997831-d3e8-440e-962a-5d1aaac44e37.pdf
https://www.transportstyrelsen.se/globalassets/global/sjofart/dokument/sjotrafik_dok/imo_colreg.2_cirkular.pdf?id=58526",No VTS source for Chimbote found.,,B37,,Legacy lead: re-audit under Stage 2 before use,2026-09-29
TSS-0183,Approaches to Puerto Callao,B-VIII/6,"South America, Pacific coast",TSS-0139,B28,One-to-one name reconciliation,Unresolved,,,,,VTS Callao,"Leads indicate a 'VTS Callao' operated under the Peruvian maritime authority (Revista de Marina 2023 article, 404 on fetch; industry reports of a 2019/2020 Wartsila VTS order), but no primary source fetched establishes its operation or coverage of the TSS. DICAPI anchorage resolutions for Callao (2025, 2026) do not mention it.",Unresolved,,,"No IMO-adopted or national mandatory ship reporting system specific to this area evidenced. Lead: SIMTRAC (Supreme Decree 008-2011-DE) is a DICAPI monitoring system requiring positioning devices, found only via search results; not treated as a reporting system.",,,"https://www.transportstyrelsen.se/globalassets/global/sjofart/dokument/sjotrafik_dok/imo_colreg.2_cirkular.pdf?id=58526
https://busquedas.elperuano.pe/dispositivo/NL/2458852-1
https://nippon.zaidan.info/seikabutsu/1999/00484/contents/225.htm","Obtain DICAPI resolution establishing VTS Callao (area, VHF channel, participation) and check whether it covers the TSS parts.",,B37,,Legacy lead: re-audit under Stage 2 before use,2026-09-29
TSS-0184,In the approaches to Puerto Pisco,B-VIII/7,"South America, Pacific coast",TSS-0140,B28,One-to-one name reconciliation,Unresolved,,,,,,No current primary Peruvian source found establishing a VTS covering this TSS or its approach. DICAPI resolutions checked (anchorages) do not mention a VTS.,Unresolved,,,"No IMO-adopted or national mandatory ship reporting system specific to this area evidenced. Lead: SIMTRAC (Supreme Decree 008-2011-DE) is a DICAPI monitoring system requiring positioning devices, found only via search results; not treated as a reporting system.",,,https://www.transportstyrelsen.se/globalassets/global/sjofart/dokument/sjotrafik_dok/imo_colreg.2_cirkular.pdf?id=58526,Renamed scheme: merge with any register entry for Puerto San Martín. No VTS source for Pisco found.,,B37,,Legacy lead: re-audit under Stage 2 before use,2026-09-29
TSS-0185,Landfall and approaches to San Nicolas Bay,B-VIII/8,"South America, Pacific coast",TSS-0141,B29,One-to-one name reconciliation,Unresolved,,,,,,No current primary Peruvian source found establishing a VTS covering this TSS or its approach. DICAPI resolutions checked (anchorages) do not mention a VTS.,Unresolved,,,"No IMO-adopted or national mandatory ship reporting system specific to this area evidenced. Lead: SIMTRAC (Supreme Decree 008-2011-DE) is a DICAPI monitoring system requiring positioning devices, found only via search results; not treated as a reporting system.",,,"https://cimrc.shmtu.edu.cn/_upload/article/files/63/dc/35c66be74d12873254dc88a2ef00/4e997831-d3e8-440e-962a-5d1aaac44e37.pdf
https://www.transportstyrelsen.se/globalassets/global/sjofart/dokument/sjotrafik_dok/imo_colreg.2_cirkular.pdf?id=58526",No VTS source for San Nicolás found.,,B37,,Legacy lead: re-audit under Stage 2 before use,2026-09-29
TSS-0186,Landfall and approaches to Puerto Ilo,B-VIII/9,"South America, Pacific coast",TSS-0142,B29,One-to-one name reconciliation,Unresolved,,,,,,No current primary Peruvian source found establishing a VTS covering this TSS or its approach. DICAPI resolutions checked (anchorages) do not mention a VTS.,Unresolved,,,"No IMO-adopted or national mandatory ship reporting system specific to this area evidenced. Lead: SIMTRAC (Supreme Decree 008-2011-DE) is a DICAPI monitoring system requiring positioning devices, found only via search results; not treated as a reporting system.",,,https://www.transportstyrelsen.se/globalassets/global/sjofart/dokument/sjotrafik_dok/imo_colreg.2_cirkular.pdf?id=58526,No VTS source for Ilo found.,,B38,,Legacy lead: re-audit under Stage 2 before use,2026-09-29
TSS-0187,In the approaches to Arica,B-VIII/10,"South America, Pacific coast",TSS-0143,B29,One-to-one name reconciliation,Unresolved,,,,,,No DIRECTEMAR source found establishing a VTS covering this TSS.,Unresolved,,,No mandatory ship reporting system for foreign ships evidenced. CHILREP is stated by DIRECTEMAR to be voluntary (mandatory position reports for Chilean-flag ships only); national 24 h arrival notice for foreign ships is a port pre-arrival duty.,Yes: CHILREP (Sistema de Notificación de la Situación de las Naves),,"https://www.transportstyrelsen.se/globalassets/global/sjofart/dokument/sjotrafik_dok/imo_colreg.2_cirkular.pdf?id=58526
https://www.directemar.cl/directemar/site/docs/20200515/20200515201601/chilrep_v2_espa__ol.pdf",Check SHOA Pub. 3008/3018 or Capitanía de Puerto de Arica resolutions for VTS/port control.,,B38,,Legacy lead: re-audit under Stage 2 before use,2026-09-29
TSS-0188,In the approaches to Iquique,B-VIII/11,"South America, Pacific coast",TSS-0144,B29,One-to-one name reconciliation,Unresolved,,,,,,No DIRECTEMAR source found establishing a VTS covering this TSS.,Unresolved,,,No mandatory ship reporting system for foreign ships evidenced. CHILREP is stated by DIRECTEMAR to be voluntary (mandatory position reports for Chilean-flag ships only); national 24 h arrival notice for foreign ships is a port pre-arrival duty.,Yes: CHILREP (Sistema de Notificación de la Situación de las Naves),,"https://www.transportstyrelsen.se/globalassets/global/sjofart/dokument/sjotrafik_dok/imo_colreg.2_cirkular.pdf?id=58526
https://www.directemar.cl/directemar/site/docs/20200515/20200515201601/chilrep_v2_espa__ol.pdf",No VTS source for Iquique found.,,B38,,Legacy lead: re-audit under Stage 2 before use,2026-09-29
TSS-0189,In the approaches to Antofagasta,B-VIII/12,"South America, Pacific coast",TSS-0145,B29,One-to-one name reconciliation,Unresolved,,,,,,No DIRECTEMAR source found establishing a VTS covering this TSS.,Unresolved,,,No mandatory ship reporting system for foreign ships evidenced. CHILREP is stated by DIRECTEMAR to be voluntary (mandatory position reports for Chilean-flag ships only); national 24 h arrival notice for foreign ships is a port pre-arrival duty.,Yes: CHILREP (Sistema de Notificación de la Situación de las Naves),,"https://www.transportstyrelsen.se/globalassets/global/sjofart/dokument/sjotrafik_dok/imo_colreg.2_cirkular.pdf?id=58526
https://www.directemar.cl/directemar/site/docs/20200515/20200515201601/chilrep_v2_espa__ol.pdf",No VTS source for Antofagasta found.,,B38,,Legacy lead: re-audit under Stage 2 before use,2026-09-29
TSS-0190,In the approaches to Quintero Bay,B-VIII/13,"South America, Pacific coast",TSS-0146,B30,One-to-one name reconciliation,Unresolved,,,,,,No DIRECTEMAR source found establishing a VTS covering this TSS.,Unresolved,,,No mandatory ship reporting system for foreign ships evidenced. CHILREP is stated by DIRECTEMAR to be voluntary (mandatory position reports for Chilean-flag ships only); national 24 h arrival notice for foreign ships is a port pre-arrival duty.,Yes: CHILREP (Sistema de Notificación de la Situación de las Naves),,"https://www.transportstyrelsen.se/globalassets/global/sjofart/dokument/sjotrafik_dok/imo_colreg.2_cirkular.pdf?id=58526
https://www.directemar.cl/directemar/site/docs/20200515/20200515201601/chilrep_v2_espa__ol.pdf",Whether VTS Valparaíso or a Quintero port control covers Quintero Bay approaches not established.,,B38,,Legacy lead: re-audit under Stage 2 before use,2026-09-29
TSS-0191,In the approaches to Valparaiso,B-VIII/14,"South America, Pacific coast",TSS-0147,B30,One-to-one name reconciliation,Unresolved,,,,,VTS Valparaíso (CBV-20),Lead: a 2018 DIRECTEMAR anchorage resolution (seen only via vLex) requires vessels to confirm with 'VTS Valparaíso (Vessel Trafic Service)/CBV-20' two hours ahead on Ch 16. Service area and coverage of the TSS not evidenced.,Unresolved,,,No mandatory ship reporting system for foreign ships evidenced. CHILREP is stated by DIRECTEMAR to be voluntary (mandatory position reports for Chilean-flag ships only); national 24 h arrival notice for foreign ships is a port pre-arrival duty.,Yes: CHILREP (Sistema de Notificación de la Situación de las Naves),,"https://www.transportstyrelsen.se/globalassets/global/sjofart/dokument/sjotrafik_dok/imo_colreg.2_cirkular.pdf?id=58526
https://www.directemar.cl/directemar/site/docs/20200515/20200515201601/chilrep_v2_espa__ol.pdf
https://vlex.cl/vid/resolucion-n-12-000-927122110",Obtain the original DIRECTEMAR resolution (12.000/934 of 2018) or a Gobernación Marítima de Valparaíso source defining VTS Valparaíso's area.,,B39,,Legacy lead: re-audit under Stage 2 before use,2026-09-29
TSS-0192,In the approaches to Concepcion Bay,B-VIII/15,"South America, Pacific coast",TSS-0148,B30,Manual reconciliation,Unresolved,,,,,,No DIRECTEMAR source found establishing a VTS covering this TSS.,Unresolved,,,No mandatory ship reporting system for foreign ships evidenced. CHILREP is stated by DIRECTEMAR to be voluntary (mandatory position reports for Chilean-flag ships only); national 24 h arrival notice for foreign ships is a port pre-arrival duty.,Yes: CHILREP (Sistema de Notificación de la Situación de las Naves),,"https://www.transportstyrelsen.se/globalassets/global/sjofart/dokument/sjotrafik_dok/imo_colreg.2_cirkular.pdf?id=58526
https://www.directemar.cl/directemar/site/docs/20200515/20200515201601/chilrep_v2_espa__ol.pdf",Check Gobernación Marítima de Talcahuano sources.,,B39,,Legacy lead: re-audit under Stage 2 before use,2026-09-29
TSS-0193,In the approaches to San Vicente Bay,B-VIII/16,"South America, Pacific coast",TSS-0149,B30,Manual reconciliation,Unresolved,,,,,,"DIRECTEMAR San Vicente terminal resolutions (2018, 2020) direct communications to the Capitanía de Puerto de San Vicente (CBT-23) on Ch 16; no VTS is named.",Unresolved,,,No mandatory ship reporting system for foreign ships evidenced. CHILREP is stated by DIRECTEMAR to be voluntary (mandatory position reports for Chilean-flag ships only); national 24 h arrival notice for foreign ships is a port pre-arrival duty.,Yes: CHILREP (Sistema de Notificación de la Situación de las Naves),,"https://www.transportstyrelsen.se/globalassets/global/sjofart/dokument/sjotrafik_dok/imo_colreg.2_cirkular.pdf?id=58526
https://www.directemar.cl/directemar/site/docs/20200515/20200515201601/chilrep_v2_espa__ol.pdf
https://www.directemar.cl/directemar/site/docs/20200825/20200825090936/09__12600_94_240820_san_vicente.pdf",Port captaincy radio contact is not a VTS; confirm whether any VTS operates at San Vicente/Talcahuano.,,B39,,Legacy lead: re-audit under Stage 2 before use,2026-09-29
TSS-0194,In the approaches to Punta Arenas,B-VIII/17,"South America, Pacific coast",TSS-0150,B30,Manual reconciliation,Unresolved,,,,,,No DIRECTEMAR source found establishing a VTS covering this TSS.,Unresolved,,,No mandatory ship reporting system for foreign ships evidenced. CHILREP is stated by DIRECTEMAR to be voluntary (mandatory position reports for Chilean-flag ships only); national 24 h arrival notice for foreign ships is a port pre-arrival duty.,Yes: CHILREP (Sistema de Notificación de la Situación de las Naves),,"https://www.transportstyrelsen.se/globalassets/global/sjofart/dokument/sjotrafik_dok/imo_colreg.2_cirkular.pdf?id=58526
https://www.directemar.cl/directemar/site/docs/20200515/20200515201601/chilrep_v2_espa__ol.pdf",Check Gobernación Marítima de Punta Arenas / Strait of Magellan traffic control arrangements.,,B39,,Legacy lead: re-audit under Stage 2 before use,2026-09-29
TSS-0195,In the approaches to Chedabucto Bay,B-IX/1,"Western North Atlantic Ocean, Gulf of Mexico and Caribbean Sea",TSS-0170,B34,One-to-one name reconciliation,VTS only,Canso Traffic (Strait of Canso and Eastern Approaches VTS Zone),Canadian Coast Guard MCTS (Sydney MCTS Centre),Single sector,VTS-053,,"Strait of Canso and Eastern Approaches Local Eastern VTS Zone (SOR/2025-275 Sch. 3 item 5), bounded seaward by the territorial sea limit. RAMN Table 3-24 'Canso Traffic' calling-in points include 'Entrance to inbound traffic lane' (1A, 1C), 'Exit from outbound traffic lane' (1B, 1D, 1E) and lane points 2A/2B, 3A/3B, so the TSS is within or at the zone boundary.",Unresolved,,,"SOR/2025-275 Part 4 Local Eastern VTS Zone reporting (24 h pre-entry sailing plan from outside Canadian waters, 15 min pre-entry sailing plan, calling-in-point position reports, final reports). National mandatory, not IMO-adopted.",,As for Bay of Fundy (SOR/2025-275 ss 3 and 24). Parts of the TSS seaward of the territorial sea limit may fall within the Eastern VTS Zone (Schedule 2) instead. Reporting under the Canadian Vessel Traffic Services Zones Regulations (SOR/2025-275) is the reporting duty of the VTS zone. Recorded under the Fundy Traffic and Canso Traffic services.,"https://laws-lois.justice.gc.ca/eng/regulations/SOR-2025-275/FullText.html
https://www.canada.ca/en/canadian-coast-guard/corporate/publications/radio-aids-marine-navigation/vessel-traffic-services.html
https://www.canada.ca/en/canadian-coast-guard/corporate/publications/radio-aids-marine-navigation/facilities-information.html
https://www.notmar.gc.ca/publications/annual/section-a/a10-en
https://www.transportstyrelsen.se/globalassets/global/sjofart/dokument/sjotrafik_dok/imo_colreg.2_cirkular.pdf?id=58526
https://laws-lois.justice.gc.ca/eng/regulations/SOR-89-98/page-1.html
https://laws-lois.justice.gc.ca/eng/regulations/SOR-89-99/page-1.html",Exact split of the TSS between the Local Zone and the Eastern VTS Zone at the territorial sea limit.,,B39,,Legacy lead: re-audit under Stage 2 before use,2026-09-29
TSS-0196,In the Bay of Fundy and approaches,B-IX/2,"Western North Atlantic Ocean, Gulf of Mexico and Caribbean Sea",TSS-0169,B34,One-to-one name reconciliation,VTS only,Fundy Traffic (Bay of Fundy VTS Zone),Canadian Coast Guard MCTS (Halifax MCTS Centre),Sectors 1-3,VTS-052,,"Bay of Fundy Local Eastern VTS Zone (SOR/2025-275 Sch. 3 item 7). RAMN Part 3 calling-in points for 'Fundy Traffic' include 'Southwest entrance to traffic separation scheme' (1A/1B), entrance/exit (4E) and north exit/entrance (5A/5B), so the TSS lies within the zone.",Unresolved,,,"SOR/2025-275 Part 4 (Local Eastern VTS Zones): sailing plan 24 h before entry from outside Canadian waters, sailing plan 15 min before entry, position reports at calling-in points, final and deviation reports. National mandatory reporting (successor to ECAREG/SOR/89-99), not IMO-adopted.",,"Applies to vessels of 300 GT or more, tow/push combinations of 500 GT or more, and vessels carrying pollutants or dangerous goods; Part 4 reports also apply to vessels of 20 m or more (excluding pleasure craft under 30 m and small fishing vessels) and certain tows. Canadian modification to COLREG Rule 10 requires power-driven vessels over 20 m to use the scheme. Reporting under the Canadian Vessel Traffic Services Zones Regulations (SOR/2025-275) is the reporting duty of the VTS zone. Recorded under the Fundy Traffic and Canso Traffic services.","https://laws-lois.justice.gc.ca/eng/regulations/SOR-2025-275/FullText.html
https://www.canada.ca/en/canadian-coast-guard/corporate/publications/radio-aids-marine-navigation/vessel-traffic-services.html
https://www.canada.ca/en/canadian-coast-guard/corporate/publications/radio-aids-marine-navigation/facilities-information.html
https://www.notmar.gc.ca/publications/annual/section-a/a10-en
https://www.transportstyrelsen.se/globalassets/global/sjofart/dokument/sjotrafik_dok/imo_colreg.2_cirkular.pdf?id=58526
https://laws-lois.justice.gc.ca/eng/regulations/SOR-89-98/page-1.html
https://laws-lois.justice.gc.ca/eng/regulations/SOR-89-99/page-1.html",Part of the approach near the Canada/US boundary: confirm whether any TSS portion lies in US waters outside the zone.,,B40,,Legacy lead: re-audit under Stage 2 before use,2026-09-29
TSS-0197,"In the approaches to Portland, Maine",B-IX/3,"Western North Atlantic Ocean, Gulf of Mexico and Caribbean Sea",TSS-0168,B34,One-to-one name reconciliation,Unresolved,,,,,,"No USCG VTS is established for this area in 33 CFR 161 Subpart C / Table 1 to 161.12(c), and NAVCEN's VTS list (12 services) does not include one; neither source states it is exhaustive for all VTS types, so not recorded as Confirmed absent.",Unresolved,,,"Portland TSS lies at about 43°07′N to 43°32′N, north of WHALESNORTH's northern boundary (42°39′N to 42°45′N), so WHALESNORTH does not apply. No other mandatory reporting found.",,,"https://www.ecfr.gov/api/versioner/v1/full/2026-09-01/title-33.xml?part=167
https://www.ecfr.gov/api/versioner/v1/full/2026-09-01/title-33.xml?part=161
https://www.ecfr.gov/api/versioner/v1/full/2026-09-01/title-33.xml?part=169
https://www.navcen.uscg.gov/vessel-traffic-services-locations
https://www.transportstyrelsen.se/globalassets/global/sjofart/dokument/sjotrafik_dok/imo_colreg.2_cirkular.pdf?id=58526",None.,,B40,,Legacy lead: re-audit under Stage 2 before use,2026-09-29
TSS-0198,"In the approach to Boston, Massachusetts",B-IX/4,"Western North Atlantic Ocean, Gulf of Mexico and Caribbean Sea",TSS-0167,B34,One-to-one name reconciliation,MRS only,,,,,,"No USCG VTS is established for this area in 33 CFR 161 Subpart C / Table 1 to 161.12(c), and NAVCEN's VTS list (12 services) does not include one; neither source states it is exhaustive for all VTS types, so not recorded as Confirmed absent.",Yes,VRS-0021,Off the north-eastern and south-eastern coasts of the United States (WHALESNORTH),"WHALESNORTH (33 CFR 169.105) covers Massachusetts Bay and the Great South Channel down to 41°00′N. From the 167.76/167.77 coordinates, the Boston precautionary area and the lanes from 42°20′N down to 41°00′N lie inside the area (own geometry check); the southern part and the junction precautionary area (south of 41°00′N) are outside. Year-round system; self-propelled ships of 300 GT or more report on entry.",,"WHALESNORTH: self-propelled ships of 300 GT or more, except SOLAS V/8-1(c) government ships; report once on entering the area (33 CFR 169.125, 169.130).","https://www.ecfr.gov/api/versioner/v1/full/2026-09-01/title-33.xml?part=167
https://www.ecfr.gov/api/versioner/v1/full/2026-09-01/title-33.xml?part=161
https://www.ecfr.gov/api/versioner/v1/full/2026-09-01/title-33.xml?part=169
https://www.navcen.uscg.gov/vessel-traffic-services-locations
https://www.transportstyrelsen.se/globalassets/global/sjofart/dokument/sjotrafik_dok/imo_colreg.2_cirkular.pdf?id=58526",Confirm IMO resolution number for WHALESNORTH/WHALESSOUTH (not cited in 33 CFR 169).,,B40,,Legacy lead: re-audit under Stage 2 before use,2026-09-29
TSS-0199,"In the approaches to Narragansett Bay, Rhode Island, and Buzzards Bay, Massachusetts",B-IX/5,"Western North Atlantic Ocean, Gulf of Mexico and Caribbean Sea",TSS-0166,B34,One-to-one name reconciliation,Unresolved,,,,,,"No USCG VTS is established for this area in 33 CFR 161 Subpart C / Table 1 to 161.12(c), and NAVCEN's VTS list (12 services) does not include one; neither source states it is exhaustive for all VTS types, so not recorded as Confirmed absent. Buzzards Bay has a VMRS ('Buzzards Bay Control', Ch 11), defined in 33 CFR 161.2 as a mandatory reporting system, not a VTS.",Unresolved,,,"33 CFR 161 VMRS Buzzards Bay covers waters east and north of the line Sakonnet Point, Buzzards Bay Entrance Light, Cuttyhunk Island. The Buzzards Bay approach separation zone ends at 41°21.80′N 71°07.10′W, about 3.5 NM south of that line (own calculation), so the VMRS applies in the waters the lane leads into, not in the TSS. Not applicable to the Narragansett approach. WHALESNORTH does not extend this far west.",,VMRS Buzzards Bay also applies to any vessel required to carry a bridge-to-bridge radiotelephone (note 5 to Table 1 to 161.12(c)). Navy torpedo-range restricted area note in 167.103.,"https://www.ecfr.gov/api/versioner/v1/full/2026-09-01/title-33.xml?part=167
https://www.ecfr.gov/api/versioner/v1/full/2026-09-01/title-33.xml?part=161
https://www.ecfr.gov/api/versioner/v1/full/2026-09-01/title-33.xml?part=169
https://www.transportstyrelsen.se/globalassets/global/sjofart/dokument/sjotrafik_dok/imo_colreg.2_cirkular.pdf?id=58526",Editorial decision needed: whether approach-only VMRS applicability should count as 'Confirmed present' for this TSS.,,B40,,Legacy lead: re-audit under Stage 2 before use,2026-09-29
TSS-0200,Off New York,B-IX/6,"Western North Atlantic Ocean, Gulf of Mexico and Caribbean Sea",TSS-0165,B33,One-to-one name reconciliation,VTS only,VTS New York,US Coast Guard,Fort Wadsworth centre,VTS-014,,"VTS New York exists (33 CFR 161.25; NAVCEN) but its area is bounded to the south by a line connecting the entrance buoys of Ambrose, Swash and Sandy Hook Channels, and its monitoring area (Table 1 to 161.12(c)) has the same seaward limit. The TSS approaches lie well seaward, so the CFR positively excludes the lanes. At most the landward edge of the 7 NM precautionary area may touch the VTS boundary (not verified). Verification: precautionary area partly within VTS New York area; lanes outside (partial coverage).",Unresolved,,,"WHALESNORTH (Cape Cod Bay, Massachusetts Bay, Great South Channel, south limit 41°00′N) and WHALESSOUTH (30°00′N to 31°27′N, shore to 80°51.6′W) do not cover this scheme on 33 CFR 169.105/169.115 coordinates. The eastern end of the Nantucket approach (about 40°23′N to 40°37′N) is south of WHALESNORTH's 41°00′N limit. No other mandatory reporting found.",,,"https://www.ecfr.gov/api/versioner/v1/full/2026-09-01/title-33.xml?part=167
https://www.ecfr.gov/api/versioner/v1/full/2026-09-01/title-33.xml?part=161
https://www.ecfr.gov/api/versioner/v1/full/2026-09-01/title-33.xml?part=169
https://www.navcen.uscg.gov/vessel-traffic-services-locations
https://www.transportstyrelsen.se/globalassets/global/sjofart/dokument/sjotrafik_dok/imo_colreg.2_cirkular.pdf?id=58526",Check on chart whether the Ambrose/Sandy Hook entrance buoy line falls inside the 7 NM precautionary area.,,B40,,Legacy lead: re-audit under Stage 2 before use,2026-09-29
TSS-0201,Off Delaware Bay,B-IX/7,"Western North Atlantic Ocean, Gulf of Mexico and Caribbean Sea",TSS-0164,B33,One-to-one name reconciliation,Unresolved,,,,,"Maritime Exchange for the Delaware River and Bay (vessel reporting station, Cape Henlopen)","No USCG VTS is established for this area in 33 CFR 161 Subpart C / Table 1 to 161.12(c), and NAVCEN's VTS list (12 services) does not include one; neither source states it is exhaustive for all VTS types, so not recorded as Confirmed absent. Lead: the Maritime Exchange for the Delaware River and Bay (a trade association) receives vessel position/ETA information via its Cape Henlopen station, per search snippets (not fetched); it is not a USCG VTS.",Unresolved,,,"WHALESNORTH (Cape Cod Bay, Massachusetts Bay, Great South Channel, south limit 41°00′N) and WHALESSOUTH (30°00′N to 31°27′N, shore to 80°51.6′W) do not cover this scheme on 33 CFR 169.105/169.115 coordinates. No mandatory reporting found; Maritime Exchange reporting appears to be by request only (lead).",,,"https://www.ecfr.gov/api/versioner/v1/full/2026-09-01/title-33.xml?part=167
https://www.ecfr.gov/api/versioner/v1/full/2026-09-01/title-33.xml?part=161
https://www.ecfr.gov/api/versioner/v1/full/2026-09-01/title-33.xml?part=169
https://www.navcen.uscg.gov/vessel-traffic-services-locations
https://www.transportstyrelsen.se/globalassets/global/sjofart/dokument/sjotrafik_dok/imo_colreg.2_cirkular.pdf?id=58526",Fetch Maritime Exchange / USCG Sector Delaware Bay pages to confirm service status.,,B41,,Legacy lead: re-audit under Stage 2 before use,2026-09-29
TSS-0202,In the approaches to Chesapeake Bay,B-IX/8,"Western North Atlantic Ocean, Gulf of Mexico and Caribbean Sea",TSS-0163,B33,One-to-one name reconciliation,Unresolved,,,,,,"No USCG VTS is established for this area in 33 CFR 161 Subpart C / Table 1 to 161.12(c), and NAVCEN's VTS list (12 services) does not include one; neither source states it is exhaustive for all VTS types, so not recorded as Confirmed absent. Confirms the brief's hint: no USCG VTS at Chesapeake.",Unresolved,,,"WHALESNORTH (Cape Cod Bay, Massachusetts Bay, Great South Channel, south limit 41°00′N) and WHALESSOUTH (30°00′N to 31°27′N, shore to 80°51.6′W) do not cover this scheme on 33 CFR 169.105/169.115 coordinates. No other mandatory reporting system found.",,Southern Approach lanes for vessels drawing 12.8 m (42 ft) or less; DW route for deeper vessels and naval aircraft carriers (33 CFR 167.200(a)).,"https://www.ecfr.gov/api/versioner/v1/full/2026-09-01/title-33.xml?part=167
https://www.ecfr.gov/api/versioner/v1/full/2026-09-01/title-33.xml?part=161
https://www.ecfr.gov/api/versioner/v1/full/2026-09-01/title-33.xml?part=169
https://www.navcen.uscg.gov/vessel-traffic-services-locations
https://www.transportstyrelsen.se/globalassets/global/sjofart/dokument/sjotrafik_dok/imo_colreg.2_cirkular.pdf?id=58526",None beyond confirming no local voluntary traffic information service.,,B41,,Legacy lead: re-audit under Stage 2 before use,2026-09-29
TSS-0203,In the approaches to the Cape Fear River,B-IX/9,"Western North Atlantic Ocean, Gulf of Mexico and Caribbean Sea",TSS-0162,B33,One-to-one name reconciliation,Unresolved,,,,,,"No USCG VTS is established for this area in 33 CFR 161 Subpart C / Table 1 to 161.12(c), and NAVCEN's VTS list (12 services) does not include one; neither source states it is exhaustive for all VTS types, so not recorded as Confirmed absent.",Unresolved,,,"WHALESNORTH (Cape Cod Bay, Massachusetts Bay, Great South Channel, south limit 41°00′N) and WHALESSOUTH (30°00′N to 31°27′N, shore to 80°51.6′W) do not cover this scheme on 33 CFR 169.105/169.115 coordinates. No other mandatory reporting system found.",,,"https://www.ecfr.gov/api/versioner/v1/full/2026-09-01/title-33.xml?part=167
https://www.ecfr.gov/api/versioner/v1/full/2026-09-01/title-33.xml?part=161
https://www.ecfr.gov/api/versioner/v1/full/2026-09-01/title-33.xml?part=169
https://www.navcen.uscg.gov/vessel-traffic-services-locations
https://www.transportstyrelsen.se/globalassets/global/sjofart/dokument/sjotrafik_dok/imo_colreg.2_cirkular.pdf?id=58526",Any local Sector North Carolina port reporting practice not researched.,,B41,,Legacy lead: re-audit under Stage 2 before use,2026-09-29
TSS-0204,In the approaches to Galveston Bay,B-IX/10,"Western North Atlantic Ocean, Gulf of Mexico and Caribbean Sea",TSS-0160,B32,One-to-one name reconciliation,VTS only,VTS Houston-Galveston,US Coast Guard,Houston centre,VTS-013,,"33 CFR 161.12 Table 1 gives the Houston-Galveston monitoring area as navigable waters north of 29°00′N, west of 94°20′W, south of 29°49′N, east of 95°20′W, which geographically contains every TSS point. 161.35 VTS area includes the Galveston Bay Entrance Channel and Outer Bar Channel, with reporting point 1 at LB 1C (29°18.2′N 94°37.6′W) inside the TSS inshore precautionary area. Caveat: Note 4 says some monitoring areas extend beyond navigable waters, where watch is not required, so the offshore end may lie outside mandatory coverage.",Unresolved,,,"No SOLAS V/11 or other mandatory ship reporting system found (WHALESNORTH/SOUTH are Atlantic-only per 33 CFR 169). Only ordinary VTS reporting under 33 CFR 161 Subpart B applies, which is not recorded as a separate scheme.",,"VTS Houston-Galveston: Ch 11 north / Ch 12 south of Exxon Dock #1 line, Ch 5A for sailing plans (Table 1 to 161.12(c)). VTS users per 33 CFR 161.16.","https://www.ecfr.gov/api/versioner/v1/full/2026-09-01/title-33.xml?part=167
https://www.ecfr.gov/api/versioner/v1/full/2026-09-01/title-33.xml?part=161
https://www.navcen.uscg.gov/vessel-traffic-services-locations
https://www.transportstyrelsen.se/globalassets/global/sjofart/dokument/sjotrafik_dok/imo_colreg.2_cirkular.pdf?id=58526","Whether the offshore precautionary area lies within US navigable waters (12 NM territorial sea), and so within mandatory VTS participation, was not calculated from a primary baseline source.",,B41,,Legacy lead: re-audit under Stage 2 before use,2026-09-29
TSS-0205,In the approaches to the port of Veracruz,B-IX/11,"Western North Atlantic Ocean, Gulf of Mexico and Caribbean Sea",TSS-0159,B32,One-to-one name reconciliation,Unresolved,,,,,Maritime traffic control system of the Port of Veracruz (name unverified),Lead only: search snippets of Mexican federal budget reports mention a radar at Isla de Sacrificios for the port's maritime traffic control system. The pages could not be retrieved and nothing establishes coverage of the TSS.,Unresolved,,,No mandatory reporting system found; SEMAR / Capitanía de Puerto sources not located.,,,https://www.transportstyrelsen.se/globalassets/global/sjofart/dokument/sjotrafik_dok/imo_colreg.2_cirkular.pdf?id=58526,SEMAR (Capitanía de Puerto Veracruz) and APIVER sources on VTS not found; hacienda.gob.mx PDFs returned HTTP 503 or failed TLS verification.,,B41,,Legacy lead: re-audit under Stage 2 before use,2026-09-29
TSS-0206,Off Cabo San Antonio,B-IX/12,"Western North Atlantic Ocean, Gulf of Mexico and Caribbean Sea",TSS-0152,B31,One-to-one name reconciliation,Unresolved,,,,,,No Cuban VTS covering this scheme was identified; no Cuban maritime authority (MITRANS / Capitanías de Puerto) source was reached.,Unresolved,,,No IMO-adopted mandatory ship reporting system or Cuban national reporting requirement found for this area; Cuban official sources not accessible through search.,,Circ.40 annex includes an inshore traffic zone for this scheme.,https://www.transportstyrelsen.se/globalassets/global/sjofart/dokument/sjotrafik_dok/imo_colreg.2_cirkular.pdf?id=58526,"Cuban authority sources (MITRANS, Capitanía de Puerto, GEOCUBA/ICH) not reached; confirm current status in IMO Ships' Routeing and whether any Cuban coastal monitoring or reporting applies.",,B42,,Legacy lead: re-audit under Stage 2 before use,2026-09-29
TSS-0207,Off La Tabla,B-IX/13,"Western North Atlantic Ocean, Gulf of Mexico and Caribbean Sea",TSS-0153,B31,One-to-one name reconciliation,Unresolved,,,,,,No Cuban VTS covering this scheme was identified; no Cuban maritime authority (MITRANS / Capitanías de Puerto) source was reached.,Unresolved,,,No IMO-adopted mandatory ship reporting system or Cuban national reporting requirement found for this area; Cuban official sources not accessible through search.,,Circ.40 annex includes an inshore traffic zone for this scheme.,https://www.transportstyrelsen.se/globalassets/global/sjofart/dokument/sjotrafik_dok/imo_colreg.2_cirkular.pdf?id=58526,"Cuban authority sources (MITRANS, Capitanía de Puerto, GEOCUBA/ICH) not reached; confirm current status in IMO Ships' Routeing and whether any Cuban coastal monitoring or reporting applies.",,B42,,Legacy lead: re-audit under Stage 2 before use,2026-09-29
TSS-0208,Off Costa de Matanzas,B-IX/14,"Western North Atlantic Ocean, Gulf of Mexico and Caribbean Sea",TSS-0154,B31,One-to-one name reconciliation,Unresolved,,,,,,No Cuban VTS covering this scheme was identified; no Cuban maritime authority (MITRANS / Capitanías de Puerto) source was reached.,Unresolved,,,No IMO-adopted mandatory ship reporting system or Cuban national reporting requirement found for this area; Cuban official sources not accessible through search.,,Circ.40 annex includes an inshore traffic zone for this scheme.,https://www.transportstyrelsen.se/globalassets/global/sjofart/dokument/sjotrafik_dok/imo_colreg.2_cirkular.pdf?id=58526,"Cuban authority sources (MITRANS, Capitanía de Puerto, GEOCUBA/ICH) not reached; confirm current status in IMO Ships' Routeing and whether any Cuban coastal monitoring or reporting applies.",,B42,,Legacy lead: re-audit under Stage 2 before use,2026-09-29
TSS-0209,In the Old Bahama Channel,B-IX/15,"Western North Atlantic Ocean, Gulf of Mexico and Caribbean Sea",TSS-0155,B31,One-to-one name reconciliation,Unresolved,,,,,,No Cuban VTS covering this scheme was identified; no Cuban maritime authority (MITRANS / Capitanías de Puerto) source was reached.,Unresolved,,,No IMO-adopted mandatory ship reporting system or Cuban national reporting requirement found for this area; Cuban official sources not accessible through search.,,Circ.40 annex includes an inshore traffic zone for this scheme.,https://www.transportstyrelsen.se/globalassets/global/sjofart/dokument/sjotrafik_dok/imo_colreg.2_cirkular.pdf?id=58526,"Cuban authority sources (MITRANS, Capitanía de Puerto, GEOCUBA/ICH) not reached; confirm current status in IMO Ships' Routeing and whether any Cuban coastal monitoring or reporting applies.",,B42,,Legacy lead: re-audit under Stage 2 before use,2026-09-29
TSS-0210,Off Punta Maternillos,B-IX/16,"Western North Atlantic Ocean, Gulf of Mexico and Caribbean Sea",TSS-0156,B32,One-to-one name reconciliation,Unresolved,,,,,,No Cuban VTS covering this scheme was identified; no Cuban maritime authority (MITRANS / Capitanías de Puerto) source was reached.,Unresolved,,,No IMO-adopted mandatory ship reporting system or Cuban national reporting requirement found for this area; Cuban official sources not accessible through search.,,Circ.40 annex includes an inshore traffic zone for this scheme.,https://www.transportstyrelsen.se/globalassets/global/sjofart/dokument/sjotrafik_dok/imo_colreg.2_cirkular.pdf?id=58526,"Cuban authority sources (MITRANS, Capitanía de Puerto, GEOCUBA/ICH) not reached; confirm current status in IMO Ships' Routeing and whether any Cuban coastal monitoring or reporting applies.",,B42,,Legacy lead: re-audit under Stage 2 before use,2026-09-29
TSS-0211,Off Punta Lucrecia,B-IX/17,"Western North Atlantic Ocean, Gulf of Mexico and Caribbean Sea",TSS-0157,B32,Manual reconciliation,Unresolved,,,,,,No Cuban VTS covering this scheme was identified; no Cuban maritime authority (MITRANS / Capitanías de Puerto) source was reached.,Unresolved,,,No IMO-adopted mandatory ship reporting system or Cuban national reporting requirement found for this area; Cuban official sources not accessible through search.,,,https://www.transportstyrelsen.se/globalassets/global/sjofart/dokument/sjotrafik_dok/imo_colreg.2_cirkular.pdf?id=58526,"Cuban authority sources (MITRANS, Capitanía de Puerto, GEOCUBA/ICH) not reached; confirm current status in IMO Ships' Routeing and whether any Cuban coastal monitoring or reporting applies.",,B43,,Legacy lead: re-audit under Stage 2 before use,2026-09-29
TSS-0212,Off Cabo Maysi,B-IX/18,"Western North Atlantic Ocean, Gulf of Mexico and Caribbean Sea",TSS-0158,B32,Manual reconciliation,Unresolved,,,,,,No Cuban VTS covering this scheme was identified; no Cuban maritime authority (MITRANS / Capitanías de Puerto) source was reached.,Unresolved,,,No IMO-adopted mandatory ship reporting system or Cuban national reporting requirement found for this area; Cuban official sources not accessible through search.,,Circ.40 annex includes an inshore traffic zone for this scheme.,https://www.transportstyrelsen.se/globalassets/global/sjofart/dokument/sjotrafik_dok/imo_colreg.2_cirkular.pdf?id=58526,"Cuban authority sources (MITRANS, Capitanía de Puerto, GEOCUBA/ICH) not reached; confirm current status in IMO Ships' Routeing and whether any Cuban coastal monitoring or reporting applies.",,B43,,Legacy lead: re-audit under Stage 2 before use,2026-09-29
TSS-0213,At the approaches to Puerto Cristobal,B-IX/19,"Western North Atlantic Ocean, Gulf of Mexico and Caribbean Sea",TSS-0151,B31,One-to-one name reconciliation,Unresolved,,,,,Cristobal Signal Station (Panama Canal Authority),"ACP Cristobal Signal Station controls anchorage entry/exit and harbour movements at the Atlantic entrance (N-2-2026) and must be called 8 NM from the Atlantic Breakwater, i.e. at about the inner end of the TSS. ACP does not designate it a VTS, and no source states it covers the TSS lanes.",Unresolved,,,"National (ACP) mandatory report in the direct approach: vessels must notify Cristobal Signal Station on VHF Ch 12 at 8 NM from the Atlantic Breakwater. The TSS inner end lies roughly 8 NM north of the breakwater (from Circ.65 coordinates, breakwater position not taken from a primary source), so the report falls at the landward end of the scheme, not along the lanes.",,"Continuous Ch 12 watch required for vessels of 300 GT or over, 100 GT carrying passengers for hire, and commercial towing vessels of 8 m or more until an ACP pilot takes control (N-2-2026 s1b). Approach reports to the Panama Canal Authority signal stations are port and canal arrival reporting. Recorded as an applicability note, not as a separate mandatory reporting scheme.","https://www.panamashipregistry.com/wp-content/uploads/2019/08/COLREG-2-Circ-65.pdf
https://pancanal.com/wp-content/uploads/2021/08/N02-2026-Harbor-Operations_BMV.pdf
https://pancanal.com/wp-content/uploads/2021/08/N01-2025-Vessel-Requirements.pdf","Does ACP (or Panama Maritime Authority, AMP) operate a formally designated VTS covering the Atlantic approaches? Exact breakwater position vs 8 NM point to be checked on chart. N-1-2026 not retrieved (N-1-2025 used).",,B43,,Legacy lead: re-audit under Stage 2 before use,2026-09-29
TSS-0214,In the fourth Kuril Strait,B-X/1,"Asia, Pacific coast",TSS-0125,B25,Manual reconciliation,Unresolved,,,,,,No VTS identified; a Severo-Kurilsk port VTS was not evidenced.,Unresolved,,,No mandatory SRS identified.,,,https://meganorm.ru/Data2/1/4293849/4293849842.htm,As TSS-0124.,,B43,,Legacy lead: re-audit under Stage 2 before use,2026-09-29
TSS-0215,In the Proliv Bussol,B-X/2,"Asia, Pacific coast",TSS-0124,B25,One-to-one name reconciliation,Unresolved,,,,,,No VTS identified for the central Kuril Islands.,Unresolved,,,No mandatory SRS identified.,,,https://meganorm.ru/Data2/1/4293849/4293849842.htm,Check Russian Notices to Mariners / Sailing Directions for any VTS or reporting.,,B43,,Legacy lead: re-audit under Stage 2 before use,2026-09-29
TSS-0216,Off the Aniwa Cape,B-X/3,"Asia, Pacific coast",TSS-0123,B25,Manual reconciliation,Unresolved,,,,,Korsakov port VTS (СУДС морского порта Корсаков),Korsakov port VTS in Aniva Bay is a lead only; no source establishes coverage of the scheme off Cape Aniva.,Unresolved,,,No mandatory SRS identified.,,,https://meganorm.ru/Data2/1/4293849/4293849842.htm,Korsakov port mandatory regulations (mintrans.gov.ru) would not load.,,B44,,Legacy lead: re-audit under Stage 2 before use,2026-09-29
TSS-0217,In the approaches to the Gulf of Nakhodka,B-X/4,"Asia, Pacific coast",TSS-0121,B25,One-to-one name reconciliation,Unresolved,,,,,"Regional VTS of Peter the Great Gulf (РСУДС залива Петра Великого), Nakhodka sector","Nakhodka port rules establish Regional VTS Sector 1B covering the approaches to Nakhodka Gulf (132°28'E to 133°43'E, to the territorial sea boundary, Ch 9) and Sector 2 inside the gulf (S18). Without the scheme's coordinates, coverage cannot be confirmed.",Unresolved,,,No mandatory reporting system identified; VTS communication duties only.,,,"https://meganorm.ru/Data2/1/4293849/4293849842.htm
https://rg.ru/documents/2011/07/05/naxodka-site-dok.html
https://www.consultant.ru/document/cons_doc_LAW_116506/dfe493850a134ba391cd60a9ae6bf84ebb6f7aa9/","Need IMO circular or Russian NtM with coordinates; current Nakhodka and Vostochny port rules (Consultant/Garant paywalled, mintrans.gov.ru unreachable).",,B44,,Legacy lead: re-audit under Stage 2 before use,2026-09-29
TSS-0218,Off the Ostrovnoi Point,B-X/5,"Asia, Pacific coast",TSS-0122,B25,One-to-one name reconciliation,VTS only,"Regional VTS of Peter the Great Gulf (РСУДС залива Петра Великого), Nakhodka sector",Captain of the seaport Nakhodka / Russian port administration (Ministry of Transport rules),"Sector 1B (Ch 9), Sector 2 (Ch 13, call sign 'Находка-Трафик')",VTS-046,,Partial: Regional VTS Sector 1B covers the approaches to Nakhodka Gulf between 132°28'E and 133°43'E south to the territorial sea boundary (S18). Scheme parts I and III and most of part II lie within those meridians; the eastern end of part II (to 133°46.8'E) lies outside.,Unresolved,,,No mandatory SRS identified.,,,"https://meganorm.ru/Data2/1/4293849/4293849842.htm
https://rg.ru/documents/2011/07/05/naxodka-site-dok.html
https://www.consultant.ru/document/cons_doc_LAW_116506/dfe493850a134ba391cd60a9ae6bf84ebb6f7aa9/","Port rules text is the 2011 original (amended to 2017); current sector limits not confirmed. Directive 1226-r text is a third-party copy of the original 2006 version. Directive text read from an unofficial copy; Nakhodka port rules (2011, amended 2017) not confirmed current.",,B44,,Legacy lead: re-audit under Stage 2 before use,2026-09-29
TSS-0219,Chengshan Jiao inner,B-X/6,"Asia, Pacific coast",TSS-0120,B24,Manual reconciliation; split from grouped legacy row,VTS + MRS,Chengshan Jiao VTS Centre,"Weihai Maritime Safety Administration, China",Chengshan Jiao VTS Centre,VTS-045,,"The SRS area is the 24 nm radius around the Chengshan Jiao VTS Centre, which is the reporting authority, and the resolution addresses ships in the TSSs (S16).",Yes,VRS-0022,Off Chengshan Jiao Promontory,"IMO-adopted mandatory SRS 'Off Chengshan Jiao Promontory' (SOLAS V/11), amended by MSC.389(94), in force 1 June 2015 (S16).",,"Passenger ships; oil tankers 150 GT and above and ships with hazardous cargo; LOA >200 m or draught >12 m; towing/pushing vessels; ships NUC or at anchor in the TSSs, RAM or with defective navigation equipment (S16).",https://wwwcdn.imo.org/localresources/en/KnowledgeCentre/IndexofIMOResolutions/MSCResolutions/MSC%20389%2094.pdf,Whether later amendments to the SRS or TSS (after 2015) exist not checked; TSS coordinates not plotted against the 24 nm circle.,Legacy finding was made at the grouped-heading level; confirm it applies to this individual TSS.,B44,,Legacy lead: re-audit under Stage 2 before use,2026-09-29
TSS-0220,North,B-X/6,"Asia, Pacific coast",TSS-0120,B24,Manual reconciliation; split from grouped legacy row,VTS + MRS,Chengshan Jiao VTS Centre,"Weihai Maritime Safety Administration, China",Chengshan Jiao VTS Centre,VTS-045,,"The SRS area is the 24 nm radius around the Chengshan Jiao VTS Centre, which is the reporting authority, and the resolution addresses ships in the TSSs (S16).",Yes,VRS-0022,Off Chengshan Jiao Promontory,"IMO-adopted mandatory SRS 'Off Chengshan Jiao Promontory' (SOLAS V/11), amended by MSC.389(94), in force 1 June 2015 (S16).",,"Passenger ships; oil tankers 150 GT and above and ships with hazardous cargo; LOA >200 m or draught >12 m; towing/pushing vessels; ships NUC or at anchor in the TSSs, RAM or with defective navigation equipment (S16).",https://wwwcdn.imo.org/localresources/en/KnowledgeCentre/IndexofIMOResolutions/MSCResolutions/MSC%20389%2094.pdf,Whether later amendments to the SRS or TSS (after 2015) exist not checked; TSS coordinates not plotted against the 24 nm circle.,Legacy finding was made at the grouped-heading level; confirm it applies to this individual TSS.,B44,,Legacy lead: re-audit under Stage 2 before use,2026-09-29
TSS-0221,East,B-X/6,"Asia, Pacific coast",TSS-0120,B24,Manual reconciliation; split from grouped legacy row,VTS + MRS,Chengshan Jiao VTS Centre,"Weihai Maritime Safety Administration, China",Chengshan Jiao VTS Centre,VTS-045,,"The SRS area is the 24 nm radius around the Chengshan Jiao VTS Centre, which is the reporting authority, and the resolution addresses ships in the TSSs (S16).",Yes,VRS-0022,Off Chengshan Jiao Promontory,"IMO-adopted mandatory SRS 'Off Chengshan Jiao Promontory' (SOLAS V/11), amended by MSC.389(94), in force 1 June 2015 (S16).",,"Passenger ships; oil tankers 150 GT and above and ships with hazardous cargo; LOA >200 m or draught >12 m; towing/pushing vessels; ships NUC or at anchor in the TSSs, RAM or with defective navigation equipment (S16).",https://wwwcdn.imo.org/localresources/en/KnowledgeCentre/IndexofIMOResolutions/MSCResolutions/MSC%20389%2094.pdf,Whether later amendments to the SRS or TSS (after 2015) exist not checked; TSS coordinates not plotted against the 24 nm circle.,Legacy finding was made at the grouped-heading level; confirm it applies to this individual TSS.,B45,,Legacy lead: re-audit under Stage 2 before use,2026-09-29
TSS-0222,South,B-X/6,"Asia, Pacific coast",TSS-0120,B24,Manual reconciliation; split from grouped legacy row,VTS + MRS,Chengshan Jiao VTS Centre,"Weihai Maritime Safety Administration, China",Chengshan Jiao VTS Centre,VTS-045,,"The SRS area is the 24 nm radius around the Chengshan Jiao VTS Centre, which is the reporting authority, and the resolution addresses ships in the TSSs (S16).",Yes,VRS-0022,Off Chengshan Jiao Promontory,"IMO-adopted mandatory SRS 'Off Chengshan Jiao Promontory' (SOLAS V/11), amended by MSC.389(94), in force 1 June 2015 (S16).",,"Passenger ships; oil tankers 150 GT and above and ships with hazardous cargo; LOA >200 m or draught >12 m; towing/pushing vessels; ships NUC or at anchor in the TSSs, RAM or with defective navigation equipment (S16).",https://wwwcdn.imo.org/localresources/en/KnowledgeCentre/IndexofIMOResolutions/MSCResolutions/MSC%20389%2094.pdf,Whether later amendments to the SRS or TSS (after 2015) exist not checked; TSS coordinates not plotted against the 24 nm circle.,Legacy finding was made at the grouped-heading level; confirm it applies to this individual TSS.,B45,,Legacy lead: re-audit under Stage 2 before use,2026-09-29
TSS-0223,Between Grand Canary and Fuerteventura,B-XI/1,Eastern North Atlantic and South Atlantic Oceans,TSS-0065,B13,One-to-one name reconciliation,MRS only,,,,,,As TSS-0064; MRCC Las Palmas receives voluntary notifications (S28); no VTS designation found.,Yes,VRS-0023,CANREP,Inside the CANREP polygon (S29); ships entering east of 015° 30' W report to MRCC Las Palmas.,,CANREP: as TSS-0064.,"https://www.fpp.uni-lj.si/mma_bin.php?id=2011032217361737
https://cimrc.shmtu.edu.cn/_upload/article/files/63/dc/35c66be74d12873254dc88a2ef00/8c6a3c5f-5a85-4450-980a-5534de9fcd0a.pdf
https://wwwcdn.imo.org/localresources/en/KnowledgeCentre/IndexofIMOResolutions/MSCResolutions/MSC.213(81).pdf",As TSS-0064.,,B45,,Legacy lead: re-audit under Stage 2 before use,2026-09-29
TSS-0224,Between Grand Canary and Tenerife,B-XI/2,Eastern North Atlantic and South Atlantic Oceans,TSS-0064,B13,One-to-one name reconciliation,MRS only,,,,,,"No designated VTS found. Primary sources name MRCC Tenerife as recipient of voluntary TSS notifications and CANREP reports (S28, S29), but describe it as an MRCC, not a VTS. MRCC recorded as lead (SVC-es-canarias-mrcc).",Yes,VRS-0023,CANREP,"CANREP area is a polygon along the outer limit of the territorial sea enclosing the archipelago, so inter-island waters including this scheme lie inside (S29, section 2.1). Applies only to specified heavy-oil tankers.",,"CANREP: tankers of 600 dwt and above carrying heavy crude, heavy fuel oil, bitumen or tar, transiting or trading inter-island (S29).","https://www.fpp.uni-lj.si/mma_bin.php?id=2011032217361737
https://cimrc.shmtu.edu.cn/_upload/article/files/63/dc/35c66be74d12873254dc88a2ef00/8c6a3c5f-5a85-4450-980a-5534de9fcd0a.pdf
https://wwwcdn.imo.org/localresources/en/KnowledgeCentre/IndexofIMOResolutions/MSCResolutions/MSC.213(81).pdf",Check whether Salvamento Marítimo operates a VTS function for the Canary TSS (website unavailable). CANREP coverage of the TSS rests on the polygon description; the chartlet was not inspected.,,B45,,Legacy lead: re-audit under Stage 2 before use,2026-09-29
